Student_ID,Subject,Video_Lectures,Notes,Practice_Problems,Revision,Mock_Tests,Group_Study,Assignments_Completed,Study_Time,Attendance,Primary_Resource,Study_Hours_Per_Day,Weekly_Study_Sessions,Performance
S00001,ML,No,No,No,Yes,Yes,No,No,Evening,Medium,Notes,3.8,6,Low
S00002,ML,Yes,No,No,No,Yes,No,No,Morning,Medium,Videos,3.0,5,Low
S00003,ML,No,Yes,Yes,No,Yes,No,No,Evening,High,Mixed,3.3,5,Medium
S00004,ML,No,Yes,Yes,Yes,Yes,Yes,No,Evening,Medium,Videos,2.8,7,High
S00005,ML,Yes,Yes,Yes,Yes,No,No,Yes,Evening,Medium,Mixed,3.0,7,Medium
S00006,OS,No,Yes,Yes,Yes,No,No,No,Night,Medium,Videos,2.7,5,Medium
S00007,CN,No,Yes,No,Yes,Yes,No,Yes,Afternoon,High,Notes,3.0,5,Medium
S00008,DBMS,No,No,No,No,No,Yes,No,Evening,Medium,Mixed,2.5,5,Low
S00009,CN,Yes,Yes,No,Yes,No,No,Yes,Morning,Medium,Notes,2.6,5,Low
S00010,CN,Yes,Yes,Yes,No,Yes,Yes,No,Evening,High,Mixed,3.0,6,Low
S00011,OS,Yes,No,Yes,No,Yes,No,Yes,Afternoon,Medium,Videos,3.7,5,Medium
S00012,CN,No,No,No,No,No,No,No,Evening,High,Videos,1.4,2,Low
S00013,OS,No,Yes,Yes,No,No,Yes,Yes,Night,High,Mixed,2.3,5,Low
S00014,ML,No,Yes,No,Yes,Yes,No,Yes,Night,Medium,Notes,3.5,6,Low
S00015,DSA,Yes,No,Yes,Yes,No,No,Yes,Afternoon,Low,Notes,3.7,5,Low
S00016,ML,Yes,Yes,Yes,No,No,No,Yes,Evening,Medium,Notes,1.9,5,Low
S00017,CN,Yes,No,Yes,Yes,Yes,No,Yes,Evening,High,Mixed,2.6,5,High
S00018,DBMS,Yes,No,Yes,Yes,Yes,No,Yes,Evening,High,Notes,4.1,8,High
S00019,DSA,No,Yes,No,No,No,No,No,Afternoon,Medium,Videos,1.2,4,Low
S00020,OS,No,No,No,No,No,No,No,Evening,High,Videos,1.1,5,Low
S00021,ML,No,Yes,No,No,Yes,No,Yes,Evening,High,Videos,1.6,4,Low
S00022,OS,Yes,Yes,No,Yes,No,No,No,Night,Medium,Mixed,2.2,4,Low
S00023,DBMS,No,Yes,Yes,Yes,Yes,No,No,Evening,Medium,Mixed,3.9,6,High
S00024,ML,No,No,Yes,No,Yes,Yes,Yes,Evening,High,Notes,2.6,7,High
S00025,CN,No,Yes,No,Yes,Yes,No,No,Afternoon,High,Mixed,2.2,6,Medium
S00026,OS,Yes,Yes,Yes,No,Yes,Yes,Yes,Afternoon,High,Videos,1.5,4,Medium
S00027,OS,Yes,No,Yes,No,No,Yes,Yes,Night,High,Mixed,2.5,4,Low
S00028,DSA,Yes,Yes,Yes,No,Yes,No,Yes,Evening,Medium,Notes,3.8,7,Medium
S00029,ML,Yes,No,No,Yes,No,No,No,Evening,High,Notes,2.4,6,Low
S00030,OS,No,No,Yes,No,No,No,Yes,Night,High,Videos,1.2,5,Low
S00031,ML,No,No,Yes,No,Yes,No,Yes,Afternoon,High,Notes,2.3,4,Medium
S00032,DBMS,No,No,No,No,No,No,Yes,Evening,High,Videos,0.6,4,Low
S00033,DSA,Yes,No,No,No,No,Yes,Yes,Afternoon,Medium,Videos,0.7,5,Low
S00034,DSA,Yes,Yes,Yes,Yes,No,No,No,Evening,High,Notes,2.6,5,Medium
S00035,CN,Yes,No,No,Yes,No,No,Yes,Evening,Low,Videos,1.7,6,Low
S00036,ML,Yes,No,Yes,No,Yes,Yes,Yes,Night,Low,Videos,5.2,6,Medium
S00037,CN,Yes,No,Yes,Yes,Yes,Yes,Yes,Evening,High,Videos,3.4,8,High
S00038,CN,Yes,No,Yes,Yes,Yes,No,Yes,Afternoon,Medium,Notes,2.1,5,High
S00039,OS,Yes,Yes,Yes,Yes,Yes,No,Yes,Afternoon,High,Videos,4.8,6,High
S00040,DSA,No,No,Yes,No,No,No,Yes,Night,High,Mixed,2.6,4,Low
S00041,OS,Yes,Yes,No,No,Yes,No,No,Afternoon,High,Mixed,2.9,3,Low
S00042,DBMS,No,No,Yes,No,Yes,No,Yes,Evening,Medium,Videos,3.0,4,Low
S00043,DSA,No,No,No,Yes,No,Yes,No,Evening,Medium,Notes,3.5,6,Low
S00044,DBMS,Yes,No,Yes,Yes,Yes,Yes,Yes,Evening,High,Notes,4.0,8,High
S00045,CN,No,Yes,Yes,Yes,Yes,No,Yes,Evening,Low,Videos,4.8,8,High
S00046,ML,No,Yes,No,No,Yes,No,No,Night,High,Notes,2.9,2,Low
S00047,DBMS,Yes,No,No,Yes,No,Yes,Yes,Morning,Medium,Notes,2.0,5,Low
S00048,CN,Yes,Yes,Yes,No,Yes,No,Yes,Evening,Low,Videos,3.3,7,Medium
S00049,ML,No,No,Yes,Yes,Yes,No,No,Morning,Medium,Videos,4.9,8,High
S00050,DSA,Yes,No,Yes,No,No,No,No,Morning,Medium,Videos,2.9,7,Low
S00051,DBMS,Yes,Yes,Yes,Yes,Yes,No,Yes,Morning,High,Mixed,4.8,6,High
S00052,DSA,Yes,Yes,Yes,No,Yes,No,No,Night,High,Notes,5.3,5,High
S00053,DSA,No,No,No,No,No,No,No,Night,High,Videos,1.1,3,Low
S00054,ML,No,Yes,Yes,No,No,No,No,Afternoon,High,Notes,2.2,7,Low
S00055,ML,No,No,No,No,No,No,No,Evening,High,Notes,0.5,5,Low
S00056,ML,No,Yes,Yes,Yes,Yes,No,Yes,Morning,Medium,Notes,2.9,6,High
S00057,CN,Yes,Yes,No,No,No,No,No,Night,High,Videos,0.9,4,Low
S00058,ML,Yes,Yes,No,No,No,No,Yes,Night,Medium,Notes,1.8,3,Low
S00059,CN,Yes,No,No,Yes,No,No,Yes,Night,High,Mixed,2.1,4,Low
S00060,DSA,Yes,No,No,Yes,Yes,No,Yes,Evening,High,Notes,2.4,6,High
S00061,OS,No,No,No,No,No,Yes,Yes,Evening,High,Videos,1.3,4,Low
S00062,DBMS,Yes,Yes,Yes,No,No,Yes,Yes,Evening,Medium,Videos,2.0,6,Medium
S00063,DSA,Yes,No,Yes,No,No,Yes,Yes,Afternoon,Medium,Videos,2.2,4,Medium
S00064,DSA,No,Yes,Yes,Yes,Yes,Yes,No,Morning,High,Mixed,2.6,7,High
S00065,ML,No,No,No,No,No,No,No,Afternoon,High,Notes,2.7,2,Low
S00066,ML,Yes,No,Yes,Yes,Yes,Yes,Yes,Evening,Medium,Mixed,3.7,5,Medium
S00067,ML,Yes,Yes,Yes,Yes,Yes,No,No,Afternoon,Medium,Videos,3.4,8,High
S00068,OS,Yes,No,No,No,Yes,No,No,Evening,Low,Mixed,1.9,5,Low
S00069,DBMS,Yes,Yes,Yes,Yes,Yes,Yes,Yes,Night,High,Mixed,3.1,5,High
S00070,ML,Yes,Yes,Yes,Yes,Yes,Yes,Yes,Evening,High,Mixed,4.9,5,High
S00071,DSA,Yes,Yes,Yes,Yes,No,Yes,No,Night,High,Videos,2.0,5,Medium
S00072,OS,Yes,No,No,Yes,No,No,Yes,Night,High,Mixed,2.4,5,Medium
S00073,CN,No,Yes,Yes,Yes,No,No,Yes,Morning,High,Mixed,4.7,6,Low
S00074,DSA,Yes,No,Yes,Yes,Yes,No,Yes,Night,Medium,Mixed,3.2,8,High
S00075,DBMS,Yes,Yes,Yes,Yes,Yes,Yes,No,Night,High,Videos,2.0,6,High
S00076,DBMS,Yes,No,No,No,No,No,Yes,Afternoon,High,Videos,1.4,3,Low
S00077,ML,Yes,Yes,Yes,Yes,Yes,No,No,Evening,High,Mixed,3.7,6,High
S00078,ML,No,Yes,No,No,No,No,No,Morning,High,Mixed,1.4,2,Low
S00079,DBMS,Yes,No,Yes,No,Yes,No,Yes,Afternoon,Medium,Mixed,2.5,4,High
S00080,ML,No,No,Yes,Yes,Yes,Yes,No,Night,Medium,Videos,4.1,8,High
S00081,CN,No,No,No,Yes,No,No,Yes,Night,High,Notes,3.0,4,Low
S00082,OS,Yes,Yes,Yes,Yes,Yes,No,No,Evening,High,Notes,3.4,8,High
S00083,DBMS,No,Yes,No,No,Yes,Yes,Yes,Morning,High,Videos,2.3,5,Low
S00084,DBMS,Yes,No,Yes,No,Yes,Yes,No,Morning,High,Videos,2.4,7,Medium
S00085,OS,Yes,No,No,Yes,Yes,No,Yes,Evening,High,Videos,4.8,3,Medium
S00086,DSA,Yes,No,Yes,Yes,Yes,No,Yes,Afternoon,High,Videos,4.8,7,High
S00087,OS,No,No,No,Yes,No,No,No,Evening,High,Notes,4.0,4,Low
S00088,DSA,Yes,No,Yes,No,No,No,No,Morning,High,Videos,3.3,5,Low
S00089,DSA,Yes,Yes,Yes,Yes,Yes,No,No,Night,High,Notes,2.7,6,High
S00090,DSA,Yes,Yes,Yes,Yes,Yes,Yes,Yes,Morning,High,Notes,3.2,6,High
S00091,CN,Yes,No,No,No,Yes,No,Yes,Afternoon,Medium,Notes,2.7,3,Low
S00092,OS,No,Yes,No,No,Yes,No,Yes,Morning,High,Notes,1.8,3,Low
S00093,ML,Yes,Yes,Yes,Yes,No,No,Yes,Evening,Low,Videos,3.9,5,Low
S00094,CN,Yes,No,Yes,Yes,Yes,No,No,Afternoon,Low,Mixed,3.7,8,High
S00095,DSA,Yes,No,Yes,Yes,No,No,Yes,Evening,High,Videos,4.0,7,Medium
S00096,DBMS,No,No,Yes,No,No,Yes,Yes,Night,High,Notes,4.3,4,Low
S00097,DBMS,Yes,Yes,No,No,No,No,No,Night,High,Mixed,0.5,3,Low
S00098,ML,Yes,No,Yes,Yes,Yes,No,Yes,Evening,Medium,Mixed,2.4,7,High
S00099,OS,Yes,Yes,Yes,Yes,Yes,No,Yes,Night,Medium,Mixed,3.7,8,High
S00100,OS,No,Yes,Yes,No,No,No,No,Morning,High,Mixed,2.4,4,Medium
S00101,ML,No,No,Yes,No,No,No,Yes,Night,High,Mixed,2.0,7,Medium
S00102,OS,No,No,No,No,No,No,No,Morning,High,Videos,1.8,4,Low
S00103,CN,Yes,No,Yes,No,Yes,No,Yes,Evening,High,Mixed,2.8,5,High
S00104,OS,No,No,No,No,Yes,No,Yes,Night,High,Mixed,1.4,2,Low
S00105,OS,No,No,No,No,Yes,Yes,Yes,Evening,High,Videos,2.3,5,Low
S00106,CN,No,Yes,No,Yes,Yes,No,Yes,Morning,High,Videos,3.6,3,Medium
S00107,DBMS,Yes,Yes,Yes,Yes,Yes,No,Yes,Afternoon,Medium,Mixed,4.1,5,High
S00108,ML,Yes,No,No,No,No,Yes,No,Night,Medium,Mixed,3.2,5,Low
S00109,DBMS,Yes,No,No,No,No,No,Yes,Night,Medium,Notes,1.2,4,Low
S00110,ML,No,Yes,Yes,No,No,No,No,Night,High,Notes,1.7,5,Low
S00111,DSA,Yes,Yes,No,No,No,Yes,Yes,Afternoon,High,Videos,1.7,3,Low
S00112,OS,Yes,Yes,Yes,No,No,Yes,Yes,Afternoon,High,Mixed,0.9,6,Low
S00113,OS,Yes,Yes,Yes,Yes,Yes,No,Yes,Morning,High,Notes,5.7,7,High
S00114,ML,Yes,No,Yes,Yes,No,No,Yes,Evening,Medium,Videos,4.8,7,Low
S00115,DBMS,Yes,Yes,No,No,No,Yes,Yes,Evening,High,Mixed,2.7,2,Low
S00116,OS,No,Yes,Yes,Yes,No,No,Yes,Afternoon,High,Videos,1.2,8,Low
S00117,DSA,No,No,Yes,Yes,Yes,Yes,Yes,Evening,High,Notes,3.5,5,High
S00118,DSA,No,No,Yes,Yes,No,No,No,Afternoon,Medium,Mixed,3.3,8,Low
S00119,OS,Yes,Yes,Yes,Yes,Yes,No,Yes,Morning,High,Mixed,4.0,8,High
S00120,DSA,No,Yes,Yes,No,Yes,No,Yes,Evening,High,Videos,3.7,4,Medium
S00121,DBMS,Yes,Yes,No,No,No,No,No,Evening,Medium,Mixed,2.5,3,Low
S00122,ML,No,Yes,Yes,No,Yes,Yes,Yes,Afternoon,High,Videos,4.6,5,Medium
S00123,DBMS,Yes,Yes,No,No,No,No,Yes,Evening,Medium,Mixed,2.2,2,Low
S00124,ML,Yes,Yes,No,No,No,No,Yes,Morning,Low,Notes,1.4,3,Low
S00125,OS,Yes,Yes,No,No,No,Yes,No,Afternoon,Medium,Videos,1.5,2,Low
S00126,ML,Yes,Yes,No,Yes,No,No,No,Night,High,Videos,3.0,4,Low
S00127,DBMS,Yes,Yes,Yes,Yes,Yes,No,No,Morning,Low,Videos,2.8,8,High
S00128,CN,Yes,No,Yes,No,No,No,Yes,Evening,Medium,Videos,2.3,6,Low
S00129,DSA,Yes,Yes,Yes,Yes,Yes,No,Yes,Morning,High,Mixed,5.4,5,High
S00130,CN,Yes,Yes,Yes,No,Yes,No,No,Evening,High,Videos,3.7,4,High
S00131,DBMS,Yes,No,Yes,Yes,Yes,Yes,No,Afternoon,High,Notes,4.9,5,High
S00132,ML,No,Yes,No,Yes,No,No,Yes,Afternoon,High,Videos,2.6,6,Low
S00133,OS,Yes,Yes,No,Yes,No,No,No,Evening,Medium,Videos,3.2,4,Low
S00134,OS,Yes,No,Yes,No,No,No,Yes,Night,Medium,Notes,3.0,4,Medium
S00135,CN,Yes,Yes,No,No,No,No,Yes,Afternoon,Medium,Mixed,3.2,3,Low
S00136,OS,Yes,Yes,Yes,Yes,Yes,Yes,Yes,Evening,Medium,Videos,3.5,7,Medium
S00137,OS,No,No,Yes,No,Yes,No,No,Evening,Medium,Mixed,2.4,5,Medium
S00138,ML,Yes,No,Yes,Yes,Yes,No,No,Evening,High,Notes,2.3,5,High
S00139,CN,No,Yes,No,No,Yes,No,Yes,Night,Low,Videos,2.1,3,Low
S00140,DSA,Yes,Yes,Yes,No,No,No,Yes,Evening,Medium,Notes,3.3,5,Low
S00141,ML,Yes,Yes,Yes,Yes,No,No,Yes,Night,High,Notes,4.4,5,Medium
S00142,OS,Yes,No,Yes,No,Yes,No,Yes,Night,High,Mixed,3.1,7,Medium
S00143,DSA,No,Yes,No,No,No,No,Yes,Night,High,Mixed,2.7,5,Low
S00144,DBMS,Yes,Yes,No,No,No,No,Yes,Afternoon,Medium,Notes,1.8,5,Low
S00145,DSA,Yes,Yes,Yes,No,Yes,No,No,Evening,High,Videos,2.1,7,Medium
S00146,OS,Yes,No,No,No,Yes,No,No,Afternoon,High,Notes,2.9,2,Low
S00147,CN,Yes,Yes,Yes,No,No,No,No,Afternoon,High,Mixed,2.0,4,Low
S00148,ML,Yes,Yes,Yes,No,No,No,No,Evening,Medium,Mixed,2.1,5,Low
S00149,CN,Yes,Yes,Yes,Yes,Yes,Yes,No,Evening,High,Videos,5.1,5,High
S00150,CN,Yes,No,No,No,Yes,No,No,Evening,Medium,Videos,3.3,4,Low
S00151,ML,No,Yes,No,Yes,Yes,Yes,No,Afternoon,High,Videos,3.3,5,High
S00152,OS,No,No,Yes,Yes,No,No,Yes,Morning,Low,Notes,2.6,8,Low
S00153,DBMS,Yes,Yes,No,Yes,Yes,No,Yes,Afternoon,High,Videos,1.9,3,Medium
S00154,CN,Yes,Yes,No,No,No,No,Yes,Night,Low,Videos,1.9,2,Low
S00155,DSA,Yes,Yes,No,Yes,Yes,No,No,Night,Medium,Notes,3.1,5,Medium
S00156,OS,No,Yes,No,No,No,No,Yes,Morning,High,Notes,1.2,3,Low
S00157,DSA,Yes,Yes,Yes,Yes,Yes,Yes,Yes,Afternoon,High,Mixed,4.4,8,High
S00158,DSA,No,No,No,Yes,Yes,No,No,Morning,High,Notes,3.0,6,Medium
S00159,ML,No,Yes,Yes,Yes,Yes,Yes,Yes,Evening,Low,Mixed,3.4,8,Medium
S00160,OS,No,No,No,No,No,Yes,Yes,Morning,High,Videos,0.5,5,Low
S00161,OS,Yes,Yes,Yes,Yes,No,Yes,No,Night,Low,Notes,3.3,5,Low
S00162,DSA,No,No,Yes,No,No,No,Yes,Night,Medium,Notes,2.2,4,Low
S00163,DBMS,Yes,Yes,Yes,Yes,Yes,No,Yes,Evening,High,Mixed,3.6,7,High
S00164,OS,Yes,Yes,No,No,No,No,No,Evening,Low,Mixed,1.4,4,Low
S00165,ML,Yes,Yes,Yes,Yes,Yes,No,No,Evening,Medium,Mixed,3.9,7,High
S00166,OS,Yes,No,No,Yes,No,Yes,Yes,Afternoon,High,Mixed,1.8,5,High
S00167,CN,No,No,Yes,Yes,Yes,Yes,Yes,Evening,Medium,Videos,4.5,6,High
S00168,CN,No,No,Yes,Yes,No,Yes,Yes,Evening,High,Mixed,3.0,7,Low
S00169,DSA,Yes,No,Yes,No,No,No,Yes,Morning,Medium,Mixed,2.8,5,Low
S00170,DBMS,No,Yes,Yes,No,Yes,Yes,No,Afternoon,Medium,Mixed,2.3,6,Medium
S00171,OS,Yes,Yes,No,Yes,Yes,No,No,Evening,High,Notes,2.5,3,Medium
S00172,DBMS,Yes,Yes,No,No,Yes,No,No,Night,Low,Mixed,2.6,3,Low
S00173,ML,Yes,No,No,No,No,No,Yes,Morning,High,Videos,0.5,2,Low
S00174,OS,No,Yes,Yes,Yes,Yes,No,No,Morning,High,Notes,5.1,8,High
S00175,OS,Yes,Yes,Yes,Yes,Yes,Yes,Yes,Morning,Medium,Notes,4.4,8,High
S00176,DSA,Yes,No,No,Yes,No,No,Yes,Afternoon,High,Videos,2.3,4,Low
S00177,CN,Yes,Yes,No,No,No,Yes,No,Evening,Medium,Mixed,2.0,3,Low
S00178,CN,No,No,No,No,Yes,No,Yes,Morning,High,Mixed,1.0,3,Low
S00179,OS,No,Yes,Yes,Yes,No,No,Yes,Morning,High,Mixed,3.6,8,Medium
S00180,CN,No,No,No,Yes,No,Yes,No,Night,High,Videos,0.8,4,Low
S00181,ML,No,No,Yes,Yes,Yes,Yes,Yes,Morning,Low,Videos,4.7,8,Medium
S00182,OS,No,No,No,Yes,Yes,Yes,No,Afternoon,High,Mixed,2.1,6,Medium
S00183,DSA,Yes,Yes,No,No,No,Yes,Yes,Evening,High,Videos,2.2,4,Low
S00184,DSA,Yes,Yes,No,No,No,Yes,Yes,Night,Medium,Notes,0.6,3,Low
S00185,CN,No,Yes,Yes,Yes,Yes,Yes,Yes,Night,High,Notes,3.9,8,High
S00186,CN,No,Yes,No,Yes,Yes,Yes,No,Night,Medium,Notes,3.0,5,Medium
S00187,OS,Yes,No,Yes,Yes,No,Yes,Yes,Evening,Medium,Notes,3.3,5,High
S00188,CN,Yes,Yes,Yes,Yes,Yes,No,No,Evening,Medium,Videos,4.4,7,High
S00189,DSA,No,Yes,No,No,No,Yes,Yes,Evening,Medium,Videos,0.5,4,Low
S00190,CN,Yes,Yes,Yes,No,No,No,Yes,Night,Medium,Mixed,0.8,6,Low
S00191,CN,No,No,Yes,No,No,No,Yes,Night,Low,Notes,1.9,4,Low
S00192,ML,Yes,Yes,No,Yes,No,No,Yes,Night,High,Videos,3.3,5,Low
S00193,DBMS,Yes,Yes,No,No,No,No,No,Night,Low,Videos,1.2,3,Low
S00194,ML,No,Yes,No,No,No,No,Yes,Evening,Medium,Notes,0.9,3,Low
S00195,DBMS,Yes,Yes,Yes,Yes,Yes,No,Yes,Evening,High,Videos,5.5,7,High
S00196,ML,Yes,No,No,No,Yes,Yes,No,Night,High,Notes,1.2,2,Low
S00197,OS,Yes,Yes,Yes,No,Yes,No,Yes,Afternoon,Low,Mixed,3.9,6,Low
S00198,CN,No,No,Yes,No,Yes,No,Yes,Evening,High,Videos,2.2,7,Low
S00199,OS,Yes,No,Yes,Yes,Yes,No,Yes,Evening,Low,Mixed,3.0,6,High
S00200,CN,Yes,No,No,Yes,No,No,No,Night,High,Videos,3.1,5,Low
S00201,ML,No,No,Yes,No,Yes,No,No,Afternoon,High,Mixed,3.7,4,Medium
S00202,CN,No,No,Yes,Yes,Yes,No,Yes,Evening,High,Videos,3.2,8,High
S00203,ML,Yes,Yes,No,No,Yes,No,Yes,Morning,High,Notes,0.5,3,Low
S00204,ML,Yes,Yes,No,Yes,No,Yes,No,Evening,High,Videos,2.2,5,Low
S00205,CN,Yes,No,Yes,Yes,No,No,Yes,Night,Medium,Notes,3.1,8,Medium
S00206,OS,Yes,No,No,No,No,No,Yes,Night,Low,Mixed,3.2,2,Low
S00207,DSA,Yes,Yes,No,No,No,No,Yes,Night,High,Notes,0.5,4,Low
S00208,OS,No,Yes,No,No,No,No,Yes,Evening,High,Mixed,1.3,4,Low
S00209,CN,Yes,Yes,Yes,No,Yes,No,No,Evening,High,Videos,3.0,5,Medium
S00210,ML,Yes,Yes,Yes,No,Yes,No,Yes,Afternoon,Medium,Notes,3.0,5,High
S00211,DBMS,No,Yes,No,No,No,Yes,Yes,Night,High,Notes,0.9,3,Low
S00212,ML,Yes,Yes,No,Yes,No,No,No,Evening,Low,Videos,1.8,6,Low
S00213,OS,Yes,Yes,Yes,No,Yes,Yes,No,Afternoon,Medium,Notes,2.9,5,Medium
S00214,ML,No,No,No,No,No,No,Yes,Night,High,Notes,1.8,4,Low
S00215,CN,No,No,No,No,No,No,Yes,Evening,Medium,Videos,2.3,5,Low
S00216,OS,No,No,Yes,No,Yes,No,Yes,Evening,High,Videos,3.4,5,Low
S00217,ML,Yes,No,No,No,No,No,No,Morning,Low,Videos,1.0,2,Low
S00218,CN,Yes,Yes,No,Yes,Yes,No,Yes,Morning,High,Videos,3.9,4,High
S00219,ML,No,Yes,No,Yes,No,No,No,Evening,Medium,Mixed,2.6,4,Low
S00220,OS,Yes,No,No,Yes,Yes,No,Yes,Morning,Medium,Notes,3.2,3,Medium
S00221,DSA,Yes,No,Yes,No,No,Yes,Yes,Evening,High,Videos,1.8,7,Medium
S00222,DBMS,Yes,No,No,No,Yes,No,No,Evening,High,Mixed,3.2,3,Low
S00223,OS,No,No,Yes,No,No,No,Yes,Afternoon,High,Notes,2.6,5,Medium
S00224,DSA,No,No,No,No,No,No,No,Evening,Medium,Videos,2.3,3,Low
S00225,OS,Yes,No,No,No,No,Yes,No,Night,High,Videos,1.1,2,Low
S00226,DSA,No,No,No,No,No,Yes,Yes,Evening,Medium,Videos,0.8,5,Low
S00227,OS,Yes,No,No,No,Yes,Yes,Yes,Afternoon,High,Notes,0.7,3,Low
S00228,DBMS,Yes,Yes,No,No,No,No,No,Evening,High,Videos,1.6,2,Low
S00229,CN,No,Yes,Yes,Yes,Yes,No,No,Evening,Medium,Videos,3.0,7,Medium
S00230,OS,Yes,Yes,Yes,Yes,No,Yes,Yes,Morning,Medium,Mixed,2.4,7,Medium
S00231,ML,Yes,Yes,Yes,No,Yes,No,Yes,Afternoon,Medium,Mixed,3.9,5,High
S00232,ML,Yes,No,No,No,No,Yes,Yes,Morning,High,Notes,1.9,3,Low
S00233,DBMS,No,Yes,No,Yes,No,No,Yes,Morning,High,Mixed,1.5,5,Low
S00234,OS,Yes,Yes,Yes,Yes,Yes,No,Yes,Afternoon,High,Videos,1.5,6,High
S00235,OS,No,No,Yes,No,No,Yes,Yes,Night,High,Mixed,1.4,4,Low
S00236,CN,No,Yes,No,Yes,No,No,No,Evening,High,Mixed,4.2,6,Low
S00237,CN,Yes,No,Yes,No,No,No,No,Afternoon,High,Mixed,2.6,4,Low
S00238,OS,No,Yes,No,No,No,No,Yes,Morning,High,Notes,0.8,3,Low
S00239,OS,Yes,Yes,No,No,No,No,Yes,Evening,Medium,Mixed,2.2,3,Low
S00240,DSA,Yes,Yes,Yes,Yes,Yes,No,Yes,Afternoon,High,Videos,3.3,8,High
S00241,DSA,No,Yes,No,Yes,No,No,No,Night,High,Notes,1.4,6,Low
S00242,OS,No,Yes,Yes,Yes,No,No,Yes,Evening,High,Mixed,3.5,8,Medium
S00243,ML,Yes,Yes,Yes,Yes,Yes,No,No,Night,High,Notes,4.0,8,High
S00244,DBMS,Yes,Yes,Yes,No,Yes,Yes,Yes,Afternoon,High,Videos,1.9,5,High
S00245,ML,Yes,Yes,No,No,Yes,No,No,Morning,High,Mixed,1.8,3,Low
S00246,DBMS,No,No,Yes,Yes,No,No,Yes,Night,Low,Notes,2.3,8,Low
S00247,DSA,Yes,Yes,Yes,Yes,No,Yes,Yes,Evening,Medium,Notes,3.6,6,High
S00248,DBMS,Yes,Yes,Yes,Yes,No,No,No,Evening,High,Videos,3.2,7,Medium
S00249,DBMS,Yes,Yes,Yes,Yes,Yes,No,Yes,Morning,High,Videos,4.8,6,High
S00250,DSA,Yes,No,Yes,Yes,Yes,No,No,Afternoon,High,Mixed,2.8,8,High
S00251,DBMS,No,No,No,No,Yes,No,Yes,Morning,Medium,Videos,2.4,5,Medium
S00252,OS,No,No,No,No,No,No,Yes,Afternoon,High,Notes,0.9,3,Low
S00253,DSA,Yes,No,Yes,Yes,No,No,Yes,Evening,High,Videos,3.9,6,Medium
S00254,ML,Yes,Yes,Yes,No,No,No,No,Night,Medium,Videos,0.5,7,Low
S00255,DSA,Yes,No,Yes,Yes,Yes,No,Yes,Night,High,Notes,5.0,5,High
S00256,ML,No,Yes,Yes,No,No,No,Yes,Afternoon,High,Mixed,3.3,7,Low
S00257,DSA,No,No,No,No,No,Yes,No,Afternoon,Medium,Videos,1.6,5,Low
S00258,DBMS,Yes,Yes,Yes,Yes,No,No,Yes,Night,Low,Videos,4.7,6,Low
S00259,DBMS,Yes,Yes,Yes,Yes,No,No,Yes,Afternoon,High,Notes,2.9,7,Medium
S00260,DBMS,Yes,No,No,No,No,No,No,Evening,High,Notes,2.8,4,Low
S00261,CN,Yes,No,No,No,No,No,Yes,Afternoon,High,Mixed,2.1,4,Low
S00262,DBMS,No,No,Yes,Yes,Yes,No,Yes,Morning,High,Notes,3.7,8,High
S00263,DSA,Yes,Yes,Yes,No,No,Yes,No,Afternoon,Medium,Notes,3.9,6,Low
S00264,DSA,Yes,Yes,No,Yes,No,No,Yes,Afternoon,High,Videos,2.6,5,Low
S00265,ML,No,Yes,No,No,No,No,Yes,Night,High,Videos,1.2,3,Low
S00266,CN,Yes,Yes,No,Yes,Yes,No,Yes,Evening,High,Videos,3.7,5,High
S00267,ML,Yes,Yes,Yes,Yes,No,No,Yes,Morning,High,Videos,3.0,7,Medium
S00268,DSA,Yes,Yes,No,No,Yes,No,No,Morning,High,Mixed,1.1,2,Medium
S00269,CN,Yes,No,Yes,No,No,Yes,No,Evening,High,Videos,2.8,6,Low
S00270,DBMS,Yes,Yes,Yes,No,No,No,Yes,Evening,Low,Notes,2.8,5,Low
S00271,ML,Yes,No,No,Yes,Yes,No,Yes,Evening,Medium,Notes,3.0,6,Low
S00272,OS,Yes,No,No,No,No,No,Yes,Afternoon,High,Notes,1.5,2,Low
S00273,DSA,Yes,No,Yes,Yes,No,No,Yes,Evening,Medium,Notes,2.8,5,Medium
S00274,CN,Yes,Yes,Yes,Yes,No,No,No,Evening,High,Notes,2.6,8,Medium
S00275,OS,No,Yes,No,Yes,Yes,No,No,Morning,High,Videos,3.8,5,Low
S00276,ML,Yes,Yes,Yes,Yes,No,Yes,Yes,Night,High,Notes,3.4,8,High
S00277,ML,Yes,No,Yes,Yes,No,No,Yes,Night,High,Videos,3.4,5,Medium
S00278,ML,Yes,Yes,Yes,Yes,No,Yes,Yes,Evening,Medium,Notes,2.0,5,High
S00279,DBMS,No,Yes,Yes,Yes,Yes,Yes,No,Evening,High,Notes,4.6,5,High
S00280,DBMS,No,No,No,Yes,No,No,No,Evening,Medium,Mixed,1.7,4,Low
S00281,CN,Yes,No,Yes,No,Yes,No,Yes,Night,High,Videos,2.6,4,Medium
S00282,ML,Yes,No,Yes,Yes,No,Yes,Yes,Morning,Medium,Notes,3.8,6,Medium
S00283,DBMS,Yes,Yes,No,No,Yes,No,Yes,Morning,High,Mixed,1.5,4,Low
S00284,DBMS,Yes,No,Yes,Yes,Yes,No,Yes,Evening,High,Mixed,3.9,8,High
S00285,ML,Yes,Yes,Yes,Yes,Yes,Yes,Yes,Afternoon,High,Mixed,4.0,6,High
S00286,CN,Yes,Yes,Yes,Yes,No,No,Yes,Night,High,Notes,3.5,7,High
S00287,OS,Yes,No,No,Yes,No,Yes,Yes,Night,Medium,Mixed,2.4,3,Low
S00288,DBMS,Yes,No,No,No,No,Yes,No,Night,High,Mixed,1.8,2,Low
S00289,DBMS,Yes,Yes,No,Yes,Yes,Yes,No,Morning,High,Notes,3.7,5,Medium
S00290,OS,Yes,Yes,Yes,Yes,Yes,No,Yes,Afternoon,High,Notes,4.1,6,High
S00291,ML,No,Yes,No,Yes,No,Yes,Yes,Night,High,Videos,3.7,3,Low
S00292,CN,Yes,No,Yes,Yes,Yes,No,No,Evening,Low,Notes,3.7,8,Low
S00293,DBMS,No,No,Yes,No,Yes,No,No,Night,High,Videos,3.1,4,Medium
S00294,ML,Yes,Yes,Yes,Yes,No,No,Yes,Evening,High,Videos,5.3,8,Medium
S00295,CN,No,Yes,Yes,No,Yes,Yes,No,Night,Medium,Notes,2.5,7,Low
S00296,ML,No,No,Yes,Yes,No,No,Yes,Night,High,Videos,2.8,8,Medium
S00297,OS,No,No,Yes,Yes,Yes,No,No,Evening,Medium,Videos,3.6,5,High
S00298,ML,No,Yes,No,Yes,Yes,No,No,Evening,High,Notes,4.4,5,Low
S00299,CN,No,No,No,No,Yes,Yes,No,Night,Low,Videos,2.6,4,Low
S00300,ML,No,No,Yes,Yes,Yes,Yes,Yes,Evening,Medium,Mixed,4.7,6,High
S00301,OS,No,Yes,No,No,Yes,Yes,Yes,Evening,Medium,Mixed,1.9,3,Low
S00302,DSA,Yes,No,No,No,No,No,Yes,Night,High,Mixed,0.7,3,Low
S00303,OS,Yes,No,Yes,Yes,No,No,Yes,Night,High,Videos,2.4,7,Medium
S00304,ML,Yes,Yes,No,No,Yes,No,No,Night,Medium,Videos,1.8,5,Low
S00305,CN,No,No,No,Yes,No,No,Yes,Evening,Medium,Videos,3.2,4,Low
S00306,OS,Yes,No,Yes,Yes,Yes,No,Yes,Evening,High,Mixed,3.8,6,High
S00307,DSA,Yes,Yes,Yes,No,No,No,Yes,Night,High,Mixed,2.9,5,Low
S00308,DBMS,No,Yes,Yes,No,Yes,Yes,Yes,Afternoon,Medium,Videos,1.3,4,Medium
S00309,DSA,Yes,No,No,Yes,Yes,No,Yes,Afternoon,High,Videos,2.6,4,Low
S00310,DBMS,Yes,Yes,Yes,Yes,No,No,Yes,Afternoon,High,Videos,2.7,8,Medium
S00311,ML,Yes,Yes,Yes,Yes,Yes,No,No,Evening,High,Videos,4.1,8,High
S00312,CN,Yes,Yes,Yes,No,Yes,Yes,No,Evening,Medium,Videos,4.6,5,Low
S00313,DSA,Yes,No,Yes,Yes,No,No,Yes,Evening,Low,Videos,4.2,6,Medium
S00314,OS,Yes,No,Yes,No,No,Yes,Yes,Evening,High,Mixed,2.1,6,Low
S00315,OS,Yes,No,No,Yes,No,No,No,Night,High,Notes,1.1,5,Medium
S00316,ML,Yes,No,Yes,No,No,No,No,Afternoon,High,Notes,2.9,4,Low
S00317,DBMS,Yes,Yes,No,Yes,Yes,No,Yes,Night,Medium,Videos,3.0,4,High
S00318,ML,No,No,No,Yes,No,No,Yes,Evening,Medium,Notes,2.5,4,Low
S00319,ML,Yes,No,Yes,No,No,No,Yes,Night,High,Notes,2.0,5,Low
S00320,ML,No,Yes,Yes,No,Yes,No,Yes,Morning,Medium,Videos,3.8,6,Low
S00321,DBMS,No,No,Yes,Yes,Yes,No,Yes,Afternoon,Low,Videos,3.7,7,Medium
S00322,OS,Yes,Yes,No,No,No,No,Yes,Morning,Low,Mixed,0.5,5,Low
S00323,DBMS,Yes,Yes,No,Yes,No,No,Yes,Morning,Medium,Videos,3.5,4,Low
S00324,ML,Yes,No,Yes,Yes,Yes,Yes,Yes,Evening,High,Mixed,4.2,5,High
S00325,DSA,No,Yes,No,Yes,No,Yes,Yes,Night,High,Notes,3.4,5,Low
S00326,OS,No,Yes,No,Yes,Yes,No,Yes,Evening,High,Notes,3.6,3,High
S00327,DSA,No,Yes,Yes,No,Yes,No,Yes,Night,High,Videos,3.8,7,Low
S00328,DSA,Yes,Yes,Yes,Yes,No,No,Yes,Evening,Low,Mixed,5.4,8,Low
S00329,DSA,No,Yes,No,No,Yes,No,Yes,Evening,Medium,Notes,2.8,5,Low
S00330,DSA,Yes,No,No,No,No,Yes,No,Afternoon,High,Videos,0.5,4,Low
S00331,ML,No,Yes,Yes,Yes,No,Yes,No,Night,Medium,Mixed,2.4,8,Medium
S00332,DSA,Yes,No,Yes,Yes,Yes,No,No,Evening,Medium,Mixed,3.6,7,Medium
S00333,ML,No,No,Yes,Yes,No,No,No,Night,Medium,Mixed,2.0,5,Low
S00334,DSA,No,Yes,Yes,No,No,Yes,Yes,Evening,Medium,Videos,1.4,7,Low
S00335,OS,Yes,Yes,Yes,Yes,No,Yes,No,Evening,Low,Videos,4.5,7,Low
S00336,ML,Yes,No,Yes,No,No,No,No,Evening,High,Videos,3.3,4,Medium
S00337,ML,Yes,No,Yes,No,No,No,Yes,Night,Medium,Videos,3.2,6,Medium
S00338,DSA,No,No,Yes,No,No,No,Yes,Afternoon,High,Mixed,1.9,5,Low
S00339,CN,Yes,Yes,Yes,No,No,No,Yes,Night,Low,Notes,1.7,4,Low
S00340,ML,No,No,Yes,Yes,Yes,Yes,No,Morning,Medium,Videos,3.6,7,High
S00341,CN,Yes,No,Yes,No,No,No,Yes,Morning,High,Notes,3.4,5,Low
S00342,DBMS,No,No,No,No,Yes,No,Yes,Morning,Medium,Mixed,1.9,2,Low
S00343,OS,No,Yes,No,Yes,Yes,No,No,Evening,High,Notes,3.6,6,Medium
S00344,ML,Yes,No,Yes,Yes,Yes,No,No,Evening,High,Mixed,5.4,6,High
S00345,DSA,No,Yes,No,No,Yes,No,No,Night,High,Mixed,1.8,4,Low
S00346,OS,No,No,No,Yes,Yes,No,Yes,Evening,Medium,Videos,1.9,3,Low
S00347,DBMS,No,No,No,No,No,Yes,Yes,Night,Medium,Notes,3.1,4,Low
S00348,DSA,Yes,No,No,No,Yes,No,No,Evening,High,Mixed,2.6,4,Low
S00349,OS,Yes,Yes,Yes,Yes,No,Yes,No,Evening,Medium,Videos,2.5,6,Medium
S00350,DBMS,Yes,No,Yes,Yes,No,Yes,Yes,Evening,Medium,Mixed,2.6,8,Medium
S00351,CN,Yes,Yes,No,Yes,No,No,No,Afternoon,High,Notes,3.3,4,Low
S00352,DBMS,Yes,Yes,Yes,Yes,Yes,No,Yes,Night,Medium,Mixed,3.7,5,High
S00353,DBMS,Yes,No,Yes,No,No,Yes,Yes,Evening,High,Mixed,1.5,7,Medium
S00354,DSA,Yes,No,Yes,Yes,Yes,Yes,Yes,Night,High,Videos,2.9,7,High
S00355,OS,Yes,Yes,Yes,Yes,No,No,No,Evening,High,Notes,4.0,7,Medium
S00356,CN,Yes,No,Yes,Yes,Yes,No,Yes,Afternoon,Medium,Mixed,4.4,5,High
S00357,CN,No,No,Yes,Yes,Yes,No,Yes,Evening,High,Mixed,5.4,5,High
S00358,DSA,No,No,No,Yes,Yes,Yes,Yes,Evening,High,Notes,0.6,5,Medium
S00359,OS,Yes,No,Yes,Yes,No,No,No,Afternoon,High,Notes,3.4,7,Medium
S00360,OS,Yes,No,No,No,Yes,No,No,Evening,High,Mixed,1.4,5,Low
S00361,DBMS,No,No,Yes,Yes,Yes,Yes,No,Afternoon,High,Notes,2.6,8,High
S00362,ML,Yes,Yes,Yes,Yes,Yes,No,Yes,Evening,Medium,Videos,3.8,8,High
S00363,CN,Yes,Yes,No,No,No,Yes,No,Evening,Medium,Notes,1.8,4,Low
S00364,CN,Yes,No,Yes,No,No,Yes,Yes,Morning,Low,Mixed,3.4,4,Low
S00365,DBMS,No,Yes,Yes,No,Yes,No,Yes,Evening,Low,Mixed,4.7,4,Low
S00366,CN,Yes,Yes,No,Yes,Yes,No,Yes,Evening,Low,Videos,2.0,3,Medium
S00367,CN,No,No,Yes,Yes,Yes,No,Yes,Night,Medium,Videos,4.1,6,High
S00368,DSA,No,Yes,Yes,No,No,No,Yes,Evening,Low,Videos,2.0,6,Low
S00369,CN,Yes,Yes,No,No,No,No,Yes,Night,Low,Mixed,0.5,2,Low
S00370,ML,No,No,Yes,No,No,No,Yes,Afternoon,High,Videos,3.6,6,Low
S00371,OS,No,Yes,No,No,No,No,No,Night,Medium,Notes,2.4,2,Low
S00372,OS,Yes,Yes,Yes,Yes,Yes,Yes,No,Evening,High,Mixed,4.2,8,High
S00373,ML,Yes,Yes,Yes,Yes,No,Yes,No,Night,High,Mixed,3.8,5,Medium
S00374,DSA,Yes,Yes,Yes,No,No,No,Yes,Evening,High,Videos,2.2,5,Low
S00375,CN,Yes,No,No,Yes,No,Yes,Yes,Morning,Low,Videos,2.6,3,Low
S00376,ML,Yes,No,Yes,Yes,Yes,No,Yes,Evening,Medium,Videos,4.1,8,High
S00377,DBMS,No,No,No,No,No,No,No,Evening,High,Videos,1.3,3,Low
S00378,CN,Yes,Yes,No,No,No,No,Yes,Night,High,Videos,2.2,3,Low
S00379,OS,Yes,Yes,Yes,Yes,Yes,No,No,Afternoon,Medium,Mixed,3.4,7,High
S00380,DSA,No,Yes,No,No,Yes,No,Yes,Evening,High,Videos,3.0,4,Low
S00381,DSA,Yes,No,Yes,Yes,Yes,No,Yes,Night,High,Mixed,5.1,6,High
S00382,CN,No,No,No,No,No,Yes,Yes,Evening,High,Mixed,2.0,3,Low
S00383,OS,No,Yes,Yes,No,Yes,No,Yes,Evening,High,Notes,3.2,5,Medium
S00384,ML,Yes,No,No,No,No,No,No,Evening,High,Mixed,1.3,2,Low
S00385,ML,Yes,No,Yes,No,Yes,No,Yes,Morning,Medium,Notes,2.7,4,Medium
S00386,CN,No,Yes,No,No,Yes,No,Yes,Evening,Low,Notes,2.4,4,Low
S00387,OS,No,No,No,No,No,No,No,Evening,Low,Videos,0.7,5,Low
S00388,ML,No,No,Yes,Yes,No,Yes,Yes,Morning,Medium,Notes,2.4,7,High
S00389,DBMS,Yes,Yes,Yes,Yes,Yes,No,Yes,Night,High,Mixed,3.1,8,High
S00390,ML,No,Yes,No,Yes,No,No,No,Night,Medium,Videos,1.9,4,Low
S00391,OS,No,No,No,Yes,No,Yes,No,Evening,High,Notes,1.5,3,Low
S00392,ML,Yes,No,No,No,Yes,No,No,Afternoon,High,Notes,1.0,2,Low
S00393,CN,Yes,No,Yes,Yes,Yes,No,Yes,Evening,Medium,Mixed,3.2,8,High
S00394,DBMS,No,No,No,No,No,Yes,No,Night,Medium,Videos,1.4,4,Low
S00395,OS,Yes,No,No,Yes,No,No,No,Night,High,Notes,2.0,3,Low
S00396,OS,Yes,Yes,No,Yes,Yes,No,Yes,Afternoon,High,Notes,3.1,4,High
S00397,DBMS,No,Yes,Yes,Yes,Yes,Yes,No,Evening,High,Notes,4.8,7,High
S00398,DBMS,Yes,Yes,No,Yes,No,No,Yes,Morning,High,Videos,2.5,4,Medium
S00399,OS,Yes,No,Yes,Yes,No,No,Yes,Evening,Medium,Videos,2.3,6,Medium
S00400,CN,Yes,No,Yes,Yes,No,Yes,Yes,Afternoon,High,Notes,4.2,8,High
S00401,DSA,Yes,No,Yes,Yes,Yes,No,Yes,Night,Low,Videos,3.8,5,High
S00402,CN,No,Yes,No,No,No,No,Yes,Evening,High,Videos,1.7,4,Low
S00403,DBMS,No,No,Yes,Yes,Yes,No,Yes,Morning,Low,Mixed,4.2,5,High
S00404,OS,Yes,No,Yes,No,Yes,No,No,Evening,High,Notes,3.3,6,Medium
S00405,DSA,No,Yes,Yes,No,Yes,No,Yes,Evening,High,Mixed,4.7,7,Medium
S00406,ML,No,Yes,No,Yes,No,Yes,Yes,Night,Medium,Notes,2.2,4,Medium
S00407,ML,Yes,No,Yes,Yes,Yes,No,Yes,Evening,Medium,Mixed,4.8,5,High
S00408,ML,No,No,No,No,No,No,No,Morning,High,Mixed,1.5,2,Low
S00409,OS,Yes,No,No,No,No,No,No,Night,Medium,Mixed,1.6,2,Low
S00410,DSA,No,Yes,Yes,Yes,Yes,No,Yes,Night,Low,Mixed,3.6,5,Medium
S00411,DBMS,No,No,Yes,No,Yes,No,Yes,Evening,Low,Mixed,1.7,7,Low
S00412,OS,No,Yes,Yes,Yes,Yes,Yes,Yes,Night,Medium,Notes,4.4,6,Medium
S00413,DSA,Yes,Yes,Yes,Yes,No,No,Yes,Afternoon,Medium,Mixed,3.9,8,Medium
S00414,DSA,No,No,No,Yes,No,No,Yes,Afternoon,High,Videos,0.5,5,Low
S00415,ML,Yes,Yes,Yes,No,Yes,No,Yes,Night,High,Videos,3.1,5,Medium
S00416,OS,Yes,No,No,Yes,No,No,Yes,Evening,Medium,Notes,2.4,5,Low
S00417,DBMS,Yes,Yes,No,No,Yes,No,Yes,Night,Low,Mixed,2.1,2,Low
S00418,ML,No,Yes,No,Yes,No,Yes,No,Night,Medium,Videos,2.7,3,Low
S00419,DBMS,Yes,Yes,Yes,Yes,No,No,Yes,Evening,Medium,Mixed,2.9,5,Medium
S00420,CN,No,No,No,Yes,Yes,Yes,Yes,Night,High,Notes,3.1,3,Medium
S00421,ML,No,Yes,No,No,Yes,Yes,Yes,Night,High,Mixed,3.7,3,Low
S00422,DBMS,Yes,Yes,Yes,No,No,No,Yes,Afternoon,Low,Notes,1.0,6,Low
S00423,OS,Yes,Yes,No,No,No,No,No,Evening,High,Mixed,2.0,3,Low
S00424,ML,Yes,Yes,Yes,Yes,Yes,No,Yes,Night,Medium,Mixed,3.6,8,High
S00425,DSA,Yes,No,No,Yes,Yes,No,Yes,Evening,High,Mixed,2.4,6,Medium
S00426,ML,No,No,No,Yes,No,No,Yes,Afternoon,Medium,Mixed,3.5,5,Low
S00427,DBMS,Yes,Yes,No,No,No,Yes,Yes,Morning,High,Mixed,1.6,5,Low
S00428,ML,No,No,No,No,No,No,No,Evening,Medium,Notes,1.3,5,Low
S00429,CN,Yes,Yes,Yes,No,No,Yes,Yes,Evening,Medium,Notes,2.6,4,Medium
S00430,CN,No,No,Yes,Yes,No,No,Yes,Evening,Medium,Notes,2.3,5,Low
S00431,DSA,No,Yes,Yes,Yes,Yes,No,No,Night,Medium,Videos,5.0,5,Low
S00432,DSA,No,No,No,No,No,No,Yes,Night,High,Notes,2.0,5,Low
S00433,OS,No,Yes,No,No,Yes,Yes,No,Evening,High,Videos,1.5,2,Low
S00434,OS,No,No,No,No,Yes,Yes,No,Night,High,Videos,1.7,3,Low
S00435,DBMS,Yes,Yes,Yes,Yes,Yes,No,Yes,Evening,Medium,Mixed,4.0,5,High
S00436,OS,Yes,No,Yes,Yes,No,No,No,Night,Low,Videos,4.1,7,Low
S00437,DBMS,Yes,Yes,No,No,No,No,No,Evening,Medium,Mixed,0.7,3,Low
S00438,ML,Yes,No,No,Yes,No,No,Yes,Evening,High,Videos,1.6,6,Low
S00439,OS,No,No,Yes,No,Yes,No,Yes,Afternoon,Medium,Videos,3.6,6,Medium
S00440,ML,No,Yes,Yes,No,Yes,No,Yes,Evening,High,Mixed,2.6,4,High
S00441,DSA,No,Yes,No,No,No,No,Yes,Afternoon,High,Mixed,1.2,5,Low
S00442,DBMS,Yes,Yes,No,No,No,No,No,Evening,Low,Videos,1.8,5,Low
S00443,CN,No,No,Yes,Yes,Yes,No,Yes,Evening,High,Mixed,2.5,7,High
S00444,CN,Yes,No,Yes,No,Yes,No,Yes,Night,High,Mixed,3.9,7,Medium
S00445,CN,Yes,Yes,Yes,No,No,Yes,No,Evening,Low,Notes,1.9,7,Low
S00446,DBMS,No,Yes,Yes,No,Yes,No,Yes,Evening,High,Mixed,4.8,4,Medium
S00447,ML,No,No,Yes,Yes,No,No,Yes,Morning,High,Notes,5.0,7,Medium
S00448,DBMS,Yes,Yes,Yes,No,Yes,Yes,Yes,Morning,Medium,Videos,4.4,6,Low
S00449,DSA,Yes,Yes,No,Yes,Yes,Yes,No,Afternoon,Medium,Videos,2.2,5,Medium
S00450,ML,Yes,Yes,Yes,No,No,No,Yes,Morning,High,Videos,1.6,7,Low
S00451,OS,Yes,Yes,No,Yes,Yes,No,Yes,Afternoon,Medium,Notes,2.7,4,Medium
S00452,DSA,No,No,No,Yes,Yes,No,Yes,Night,High,Mixed,3.7,5,Medium
S00453,DSA,No,No,Yes,No,No,No,Yes,Afternoon,High,Videos,3.2,6,Low
S00454,DSA,Yes,Yes,Yes,Yes,Yes,No,Yes,Night,High,Mixed,3.7,7,High
S00455,CN,Yes,Yes,Yes,No,Yes,No,No,Evening,High,Notes,0.9,6,Medium
S00456,OS,Yes,No,No,Yes,Yes,Yes,Yes,Morning,High,Notes,3.0,5,Low
S00457,DBMS,No,No,No,No,No,No,Yes,Afternoon,Medium,Mixed,0.5,4,Low
S00458,OS,Yes,Yes,No,No,Yes,Yes,No,Morning,High,Mixed,2.3,2,Low
S00459,CN,No,Yes,No,Yes,No,No,Yes,Morning,Medium,Notes,2.3,4,Low
S00460,ML,No,No,No,Yes,No,No,No,Night,High,Mixed,1.4,5,Low
S00461,ML,Yes,No,No,No,Yes,No,No,Night,Low,Videos,3.7,3,Low
S00462,CN,Yes,No,Yes,No,No,Yes,No,Night,High,Mixed,2.6,7,Low
S00463,DSA,No,Yes,No,Yes,No,Yes,Yes,Afternoon,High,Mixed,2.9,4,Medium
S00464,OS,Yes,No,Yes,Yes,No,No,Yes,Morning,High,Mixed,4.3,8,High
S00465,ML,Yes,Yes,Yes,Yes,Yes,No,Yes,Night,Medium,Videos,3.2,5,High
S00466,CN,No,No,No,No,No,No,Yes,Afternoon,Medium,Videos,1.7,5,Low
S00467,DBMS,No,Yes,No,No,Yes,No,No,Afternoon,High,Mixed,0.8,2,Low
S00468,DSA,No,Yes,Yes,No,Yes,Yes,Yes,Evening,Medium,Videos,3.0,5,Medium
S00469,ML,Yes,Yes,No,Yes,Yes,No,Yes,Morning,High,Notes,2.3,6,Medium
S00470,OS,Yes,Yes,Yes,Yes,No,Yes,Yes,Morning,High,Mixed,3.2,6,High
S00471,DSA,Yes,Yes,No,Yes,No,No,Yes,Evening,Medium,Mixed,2.2,4,Medium
S00472,CN,Yes,No,No,No,No,No,Yes,Evening,Medium,Videos,0.8,5,Low
S00473,CN,Yes,No,Yes,Yes,Yes,No,No,Evening,Low,Videos,4.7,6,High
S00474,ML,Yes,No,No,Yes,Yes,No,Yes,Morning,High,Notes,3.4,6,Medium
S00475,DSA,Yes,Yes,No,No,Yes,Yes,Yes,Morning,High,Mixed,2.0,5,Medium
S00476,DSA,Yes,Yes,No,No,Yes,Yes,No,Afternoon,High,Mixed,4.4,4,Low
S00477,CN,Yes,Yes,No,Yes,No,No,No,Afternoon,High,Videos,1.3,4,Medium
S00478,DBMS,Yes,Yes,No,Yes,No,No,No,Evening,Medium,Notes,1.2,4,Low
S00479,OS,No,Yes,No,No,Yes,No,No,Morning,Low,Mixed,3.4,3,Low
S00480,DBMS,Yes,No,No,No,No,No,Yes,Afternoon,High,Mixed,2.3,3,Low
S00481,DBMS,Yes,No,Yes,Yes,Yes,No,Yes,Night,Medium,Mixed,4.9,7,High
S00482,ML,Yes,Yes,Yes,Yes,Yes,No,No,Evening,Low,Mixed,5.2,7,High
S00483,DSA,Yes,No,Yes,Yes,Yes,No,Yes,Evening,High,Videos,5.2,5,High
S00484,DBMS,Yes,No,Yes,No,No,Yes,No,Morning,High,Notes,1.8,5,Low
S00485,DBMS,Yes,Yes,No,Yes,No,No,Yes,Afternoon,Low,Notes,2.2,6,Low
S00486,ML,Yes,No,No,Yes,No,Yes,No,Afternoon,High,Videos,2.9,6,Medium
S00487,ML,Yes,Yes,No,Yes,No,Yes,No,Night,Medium,Notes,1.1,5,Medium
S00488,CN,Yes,Yes,Yes,No,No,No,Yes,Evening,High,Videos,1.9,5,Low
S00489,DBMS,Yes,No,Yes,Yes,Yes,No,Yes,Morning,High,Videos,5.5,7,High
S00490,ML,Yes,No,Yes,Yes,Yes,No,Yes,Night,Medium,Mixed,2.9,8,High
S00491,DBMS,No,Yes,Yes,Yes,Yes,No,Yes,Night,High,Mixed,4.4,7,High
S00492,ML,No,Yes,No,No,No,No,Yes,Morning,High,Videos,1.6,5,Low
S00493,CN,No,No,Yes,No,No,No,Yes,Evening,Low,Mixed,2.9,7,Low
S00494,DSA,Yes,Yes,No,No,No,Yes,No,Evening,Medium,Notes,0.5,5,Low
S00495,DSA,No,No,Yes,Yes,Yes,Yes,Yes,Evening,Low,Mixed,4.4,5,Medium
S00496,DSA,Yes,No,No,No,Yes,No,No,Morning,High,Notes,0.6,5,Low
S00497,ML,Yes,Yes,No,Yes,No,No,Yes,Morning,Medium,Videos,2.0,5,Low
S00498,OS,No,No,No,No,No,No,No,Evening,High,Mixed,1.4,4,Low
S00499,DSA,Yes,No,Yes,No,No,No,Yes,Evening,High,Mixed,2.7,5,Low
S00500,DSA,Yes,No,Yes,Yes,No,No,Yes,Evening,High,Videos,4.4,5,Medium
S00501,DSA,No,Yes,No,No,Yes,Yes,No,Evening,Medium,Videos,1.3,2,Low
S00502,OS,No,Yes,Yes,Yes,No,No,Yes,Night,Medium,Mixed,4.1,7,Medium
S00503,DSA,No,Yes,Yes,No,Yes,No,Yes,Night,Medium,Mixed,4.4,4,Medium
S00504,DBMS,Yes,No,No,Yes,No,No,Yes,Night,Medium,Mixed,1.6,6,Low
S00505,ML,Yes,No,No,Yes,Yes,No,No,Evening,High,Notes,1.4,5,Medium
S00506,ML,No,No,No,Yes,No,Yes,No,Night,High,Notes,2.0,5,Low
S00507,ML,Yes,No,Yes,Yes,Yes,No,Yes,Night,Medium,Notes,4.9,5,High
S00508,OS,No,Yes,No,Yes,Yes,No,No,Evening,Medium,Mixed,4.0,5,Medium
S00509,DBMS,Yes,Yes,No,No,Yes,No,Yes,Morning,High,Mixed,1.5,4,Low
S00510,CN,Yes,No,Yes,No,No,No,No,Night,Low,Videos,2.6,4,Low
S00511,DSA,Yes,Yes,Yes,Yes,No,No,Yes,Morning,High,Videos,4.0,7,Medium
S00512,OS,No,No,Yes,Yes,Yes,No,Yes,Afternoon,High,Mixed,4.8,8,High
S00513,DSA,Yes,Yes,Yes,No,Yes,No,Yes,Night,High,Mixed,3.8,6,Low
S00514,ML,Yes,Yes,Yes,No,Yes,Yes,Yes,Afternoon,High,Mixed,4.4,7,Medium
S00515,DBMS,Yes,No,No,No,No,No,No,Afternoon,High,Notes,2.2,5,Low
S00516,ML,Yes,Yes,Yes,No,No,Yes,No,Night,Medium,Mixed,2.5,4,Low
S00517,DSA,Yes,Yes,Yes,No,No,No,Yes,Afternoon,Low,Mixed,2.7,5,Low
S00518,CN,No,No,No,No,No,Yes,No,Evening,High,Mixed,1.7,2,Low
S00519,ML,Yes,No,No,Yes,No,No,Yes,Afternoon,Medium,Mixed,2.9,4,Low
S00520,DBMS,No,No,No,No,No,Yes,No,Evening,Medium,Notes,0.5,3,Low
S00521,DSA,No,No,No,Yes,No,No,Yes,Night,High,Notes,1.8,5,Low
S00522,DBMS,Yes,No,Yes,No,Yes,Yes,No,Night,Medium,Mixed,3.4,7,Low
S00523,OS,Yes,Yes,Yes,No,No,Yes,No,Evening,High,Mixed,3.3,5,Low
S00524,DBMS,Yes,Yes,Yes,No,No,Yes,Yes,Evening,Medium,Notes,3.4,6,Medium
S00525,DSA,Yes,No,Yes,Yes,No,No,No,Evening,High,Videos,1.2,5,Medium
S00526,DBMS,Yes,Yes,No,No,No,Yes,No,Afternoon,High,Videos,2.6,3,Low
S00527,CN,No,No,No,No,No,No,No,Night,Medium,Mixed,1.6,4,Low
S00528,ML,No,No,Yes,No,No,No,Yes,Night,Medium,Notes,1.1,7,Low
S00529,ML,No,Yes,Yes,No,No,No,No,Morning,Medium,Mixed,1.9,7,Low
S00530,OS,Yes,Yes,No,Yes,Yes,Yes,Yes,Evening,High,Videos,1.5,6,High
S00531,OS,No,No,No,No,No,Yes,No,Morning,Medium,Mixed,1.8,5,Low
S00532,CN,No,Yes,Yes,No,Yes,No,Yes,Morning,Medium,Notes,2.8,5,Medium
S00533,OS,Yes,Yes,Yes,No,No,No,Yes,Evening,Low,Videos,2.1,5,Low
S00534,DBMS,No,No,Yes,No,No,Yes,Yes,Afternoon,Medium,Notes,4.5,7,Low
S00535,ML,Yes,Yes,Yes,No,No,Yes,Yes,Afternoon,Medium,Videos,3.0,5,Low
S00536,ML,Yes,Yes,Yes,Yes,Yes,No,Yes,Evening,High,Notes,4.8,6,High
S00537,OS,Yes,No,Yes,Yes,No,Yes,Yes,Evening,High,Mixed,3.1,8,Medium
S00538,ML,Yes,No,Yes,Yes,Yes,No,Yes,Afternoon,Low,Mixed,3.9,5,High
S00539,DBMS,Yes,Yes,Yes,Yes,Yes,No,Yes,Evening,High,Notes,3.8,7,High
S00540,CN,No,No,Yes,No,No,No,Yes,Night,Medium,Mixed,3.4,5,Low
S00541,ML,No,No,Yes,No,Yes,No,Yes,Morning,Medium,Mixed,4.0,6,Medium
S00542,ML,Yes,Yes,Yes,Yes,Yes,No,Yes,Afternoon,Low,Videos,4.0,5,Medium
S00543,OS,No,Yes,No,No,No,No,Yes,Evening,High,Videos,0.7,5,Low
S00544,ML,No,No,No,No,Yes,No,Yes,Afternoon,Medium,Mixed,3.3,2,Low
S00545,OS,Yes,Yes,Yes,Yes,No,Yes,Yes,Night,Medium,Notes,3.4,6,Medium
S00546,DSA,Yes,No,Yes,No,Yes,No,Yes,Morning,High,Mixed,1.5,5,Medium
S00547,CN,Yes,No,Yes,Yes,No,No,No,Afternoon,Low,Mixed,5.5,5,Low
S00548,ML,Yes,Yes,Yes,No,Yes,No,Yes,Morning,High,Videos,3.4,6,Medium
S00549,OS,No,No,No,No,No,No,No,Morning,Medium,Notes,1.6,4,Low
S00550,DBMS,Yes,Yes,No,No,No,No,Yes,Morning,Medium,Notes,0.5,2,Low
S00551,DSA,Yes,No,Yes,Yes,No,No,Yes,Evening,High,Mixed,4.0,7,Medium
S00552,DBMS,Yes,Yes,Yes,Yes,Yes,No,Yes,Afternoon,Medium,Videos,2.7,6,High
S00553,OS,Yes,No,Yes,No,No,No,Yes,Evening,High,Notes,4.1,7,Low
S00554,ML,No,Yes,No,No,No,Yes,Yes,Evening,Low,Videos,0.5,4,Low
S00555,DBMS,Yes,No,Yes,No,Yes,Yes,Yes,Morning,High,Mixed,3.9,5,Medium
S00556,DSA,Yes,No,Yes,No,Yes,No,Yes,Evening,High,Notes,4.5,4,Medium
S00557,ML,Yes,Yes,Yes,Yes,Yes,No,Yes,Afternoon,Medium,Mixed,4.1,6,Medium
S00558,CN,Yes,Yes,No,No,No,No,No,Evening,High,Mixed,1.6,3,Low
S00559,CN,Yes,No,No,Yes,Yes,No,No,Night,High,Mixed,3.2,5,Low
S00560,ML,Yes,No,Yes,Yes,No,No,Yes,Night,High,Mixed,1.7,5,Medium
S00561,ML,Yes,Yes,No,Yes,No,No,No,Night,Medium,Videos,1.8,5,Low
S00562,ML,Yes,Yes,No,No,No,No,No,Evening,Medium,Videos,1.8,2,Low
S00563,CN,No,No,No,No,Yes,No,Yes,Morning,High,Videos,2.9,3,Low
S00564,ML,No,Yes,No,No,No,No,No,Evening,High,Notes,2.3,2,Low
S00565,OS,No,No,No,No,No,Yes,Yes,Night,High,Notes,0.6,5,Low
S00566,ML,No,Yes,Yes,Yes,Yes,No,Yes,Night,Medium,Mixed,4.6,8,High
S00567,ML,No,Yes,No,No,No,No,No,Evening,High,Mixed,2.1,3,Low
S00568,OS,Yes,No,Yes,No,No,Yes,Yes,Night,High,Videos,0.7,7,Medium
S00569,DBMS,Yes,Yes,No,No,Yes,No,Yes,Afternoon,High,Mixed,0.7,2,Low
S00570,ML,Yes,No,No,Yes,Yes,Yes,No,Morning,High,Videos,3.7,5,Medium
S00571,ML,Yes,No,Yes,No,No,Yes,Yes,Night,High,Videos,2.5,4,Medium
S00572,DSA,No,No,Yes,No,No,Yes,No,Night,High,Mixed,3.5,6,Low
S00573,DBMS,Yes,Yes,Yes,Yes,No,No,Yes,Evening,High,Notes,5.1,8,Medium
S00574,DBMS,No,Yes,No,Yes,No,Yes,No,Afternoon,Low,Mixed,3.5,3,Low
S00575,CN,No,No,Yes,Yes,Yes,No,No,Morning,Medium,Mixed,3.5,5,High
S00576,DBMS,Yes,No,Yes,No,No,No,Yes,Morning,High,Notes,2.1,5,Medium
S00577,DBMS,No,No,Yes,Yes,Yes,No,Yes,Morning,High,Mixed,3.8,5,Medium
S00578,CN,Yes,Yes,No,Yes,Yes,No,Yes,Afternoon,Medium,Videos,3.4,6,Medium
S00579,DBMS,No,Yes,Yes,Yes,No,No,Yes,Afternoon,High,Videos,4.4,6,High
S00580,DSA,Yes,Yes,Yes,Yes,Yes,No,No,Afternoon,Low,Notes,2.4,8,Medium
S00581,ML,Yes,No,Yes,No,No,Yes,No,Night,Medium,Mixed,2.6,5,Low
S00582,DBMS,Yes,Yes,Yes,Yes,No,No,No,Morning,Low,Notes,4.2,8,Medium
S00583,ML,Yes,Yes,Yes,Yes,No,No,No,Morning,Low,Mixed,4.5,8,Low
S00584,OS,Yes,Yes,Yes,No,Yes,No,Yes,Evening,Low,Mixed,4.3,5,Low
S00585,OS,No,Yes,No,No,Yes,No,No,Night,Low,Mixed,0.6,3,Low
S00586,DBMS,No,No,Yes,Yes,No,No,Yes,Evening,High,Notes,1.7,7,Medium
S00587,DSA,Yes,No,Yes,Yes,Yes,No,Yes,Evening,Medium,Mixed,4.4,8,High
S00588,DSA,Yes,No,Yes,Yes,Yes,Yes,Yes,Evening,High,Videos,5.5,6,High
S00589,OS,Yes,Yes,Yes,Yes,Yes,No,Yes,Morning,Medium,Notes,4.2,5,High
S00590,DBMS,Yes,No,Yes,No,No,No,Yes,Night,Medium,Mixed,2.5,6,Low
S00591,DBMS,No,Yes,Yes,No,No,Yes,No,Morning,Medium,Notes,1.4,5,Low
S00592,DSA,Yes,No,Yes,Yes,No,Yes,Yes,Evening,High,Mixed,2.7,5,Medium
S00593,CN,Yes,No,Yes,Yes,No,Yes,No,Night,Medium,Mixed,2.5,7,Medium
S00594,DBMS,Yes,Yes,No,Yes,No,Yes,Yes,Morning,High,Videos,2.1,6,Medium
S00595,DSA,Yes,No,Yes,No,Yes,No,Yes,Morning,Medium,Mixed,2.5,7,Medium
S00596,OS,Yes,Yes,Yes,Yes,Yes,No,No,Night,Medium,Notes,4.4,6,High
S00597,DBMS,No,Yes,No,No,No,Yes,No,Night,Medium,Notes,2.7,3,Low
S00598,DBMS,No,Yes,No,Yes,No,Yes,Yes,Evening,Low,Mixed,2.1,4,Low
S00599,CN,No,Yes,No,No,Yes,No,Yes,Morning,Medium,Videos,1.6,4,Low
S00600,ML,No,No,No,No,No,Yes,Yes,Evening,High,Mixed,1.0,5,Low
S00601,CN,Yes,No,Yes,Yes,No,No,No,Evening,Low,Videos,4.9,6,Low
S00602,DBMS,No,No,No,No,Yes,Yes,Yes,Evening,High,Notes,1.1,5,Low
S00603,DSA,No,No,Yes,No,Yes,No,Yes,Evening,Medium,Mixed,3.3,4,Low
S00604,DBMS,No,No,No,Yes,Yes,No,Yes,Afternoon,High,Mixed,1.9,3,Low
S00605,DSA,No,Yes,No,No,No,Yes,Yes,Night,High,Notes,0.5,5,Medium
S00606,DBMS,No,Yes,No,No,No,No,Yes,Evening,Low,Notes,1.1,2,Low
S00607,ML,No,Yes,No,No,No,No,No,Morning,Low,Videos,1.6,5,Low
S00608,DSA,Yes,No,Yes,No,No,Yes,No,Evening,High,Notes,1.7,6,Low
S00609,DSA,No,No,Yes,Yes,No,No,Yes,Evening,High,Mixed,2.4,5,Low
S00610,DBMS,Yes,No,No,Yes,Yes,No,No,Evening,High,Mixed,1.8,4,Medium
S00611,DBMS,Yes,Yes,Yes,Yes,No,No,No,Evening,High,Videos,3.1,6,High
S00612,ML,No,Yes,No,No,No,Yes,No,Night,High,Videos,1.3,2,Low
S00613,OS,No,No,Yes,No,No,No,Yes,Evening,Medium,Videos,3.8,7,Low
S00614,OS,No,Yes,Yes,Yes,Yes,Yes,No,Afternoon,Medium,Notes,4.7,7,High
S00615,DSA,Yes,No,Yes,Yes,No,Yes,No,Evening,High,Mixed,3.3,7,Medium
S00616,ML,No,Yes,Yes,Yes,No,Yes,No,Afternoon,Medium,Notes,2.1,5,Low
S00617,ML,No,Yes,No,No,No,No,Yes,Afternoon,High,Videos,0.5,3,Low
S00618,OS,Yes,No,No,Yes,Yes,Yes,Yes,Night,High,Notes,3.4,5,Medium
S00619,DBMS,Yes,No,No,No,No,Yes,Yes,Evening,High,Videos,3.5,2,Low
S00620,DBMS,Yes,No,Yes,Yes,Yes,No,Yes,Afternoon,High,Notes,3.7,8,High
S00621,OS,No,No,Yes,Yes,Yes,No,Yes,Afternoon,High,Notes,2.3,6,High
S00622,ML,Yes,Yes,Yes,Yes,No,No,Yes,Evening,Low,Videos,3.9,7,Low
S00623,OS,No,No,No,No,No,No,No,Night,High,Videos,2.6,4,Low
S00624,DSA,Yes,No,No,Yes,Yes,Yes,No,Night,Medium,Videos,3.2,6,Low
S00625,DSA,No,No,No,No,No,No,No,Evening,Medium,Videos,1.4,4,Low
S00626,ML,Yes,No,Yes,Yes,Yes,Yes,Yes,Night,Medium,Videos,3.2,6,High
S00627,CN,No,Yes,Yes,Yes,Yes,Yes,Yes,Evening,Medium,Mixed,3.1,8,High
S00628,OS,Yes,Yes,No,No,Yes,Yes,No,Night,High,Mixed,2.5,2,Low
S00629,ML,Yes,No,No,Yes,No,No,No,Night,High,Mixed,1.5,4,Medium
S00630,CN,No,No,No,No,No,Yes,Yes,Evening,Medium,Notes,1.8,3,Low
S00631,OS,No,Yes,Yes,No,No,No,No,Afternoon,Medium,Videos,1.8,7,Low
S00632,ML,No,Yes,No,No,No,No,Yes,Evening,High,Notes,2.3,4,Low
S00633,DSA,Yes,No,Yes,Yes,Yes,No,Yes,Night,High,Notes,3.5,7,High
S00634,DBMS,Yes,No,No,Yes,No,No,No,Evening,Low,Videos,2.2,3,Low
S00635,CN,Yes,No,Yes,Yes,No,Yes,No,Evening,Low,Mixed,3.7,8,Low
S00636,DSA,Yes,Yes,No,Yes,No,Yes,Yes,Evening,High,Videos,3.4,4,Medium
S00637,DSA,No,No,Yes,Yes,Yes,Yes,Yes,Morning,High,Mixed,4.6,7,High
S00638,CN,No,No,Yes,Yes,Yes,Yes,No,Night,Medium,Videos,4.0,8,High
S00639,CN,No,No,Yes,Yes,No,Yes,Yes,Evening,High,Notes,3.3,8,High
S00640,CN,No,Yes,No,No,No,Yes,Yes,Night,High,Mixed,0.5,4,Low
S00641,ML,No,No,No,No,No,No,Yes,Morning,High,Mixed,1.3,5,Low
S00642,DBMS,No,No,No,Yes,Yes,No,No,Night,High,Mixed,4.2,3,Medium
S00643,DSA,Yes,No,Yes,No,Yes,No,No,Morning,Medium,Notes,3.2,6,Medium
S00644,ML,Yes,No,Yes,No,No,No,Yes,Morning,High,Notes,1.8,6,Low
S00645,OS,No,No,No,Yes,No,Yes,No,Evening,High,Mixed,3.0,6,Low
S00646,OS,No,Yes,Yes,No,No,Yes,Yes,Afternoon,Low,Videos,2.7,4,Low
S00647,ML,Yes,Yes,No,No,Yes,No,No,Evening,High,Notes,0.5,4,Low
S00648,CN,Yes,No,No,No,No,No,Yes,Evening,High,Mixed,0.7,3,Low
S00649,CN,No,Yes,No,No,No,Yes,No,Night,High,Videos,0.5,4,Low
S00650,OS,Yes,Yes,Yes,Yes,Yes,No,No,Night,Medium,Notes,3.0,7,High
S00651,OS,Yes,No,Yes,Yes,Yes,No,Yes,Afternoon,Medium,Videos,3.3,5,High
S00652,DSA,No,Yes,Yes,No,Yes,No,No,Night,Medium,Mixed,3.7,5,Medium
S00653,ML,No,No,No,No,No,No,No,Night,Medium,Mixed,0.6,4,Low
S00654,DSA,Yes,Yes,Yes,Yes,Yes,Yes,Yes,Afternoon,High,Mixed,2.7,5,High
S00655,ML,No,Yes,No,No,No,No,No,Afternoon,Medium,Videos,2.2,3,Low
S00656,CN,Yes,Yes,Yes,No,Yes,Yes,Yes,Morning,High,Notes,3.0,6,High
S00657,DBMS,No,No,No,No,No,No,Yes,Night,High,Videos,2.3,5,Low
S00658,ML,Yes,No,Yes,Yes,No,Yes,No,Night,High,Mixed,3.4,6,Medium
S00659,OS,Yes,Yes,Yes,Yes,No,No,Yes,Evening,High,Mixed,6.6,8,High
S00660,CN,Yes,Yes,No,Yes,Yes,Yes,No,Morning,Low,Mixed,2.8,5,Low
S00661,OS,Yes,Yes,Yes,No,No,No,Yes,Evening,High,Mixed,1.7,5,Medium
S00662,OS,No,No,Yes,Yes,Yes,No,Yes,Night,Medium,Videos,4.1,8,High
S00663,ML,Yes,No,Yes,No,Yes,No,Yes,Morning,Medium,Videos,2.8,6,Medium
S00664,ML,Yes,No,Yes,No,Yes,No,Yes,Evening,High,Mixed,3.4,5,High
S00665,OS,Yes,Yes,No,Yes,No,No,No,Morning,Medium,Videos,2.0,6,Low
S00666,OS,No,No,No,No,Yes,No,Yes,Night,High,Videos,3.2,3,Low
S00667,DSA,No,Yes,No,Yes,No,No,No,Evening,Medium,Videos,3.4,6,Medium
S00668,OS,No,Yes,No,Yes,No,Yes,No,Evening,Medium,Notes,1.8,5,Low
S00669,ML,Yes,Yes,Yes,Yes,Yes,No,No,Afternoon,Medium,Videos,4.5,7,High
S00670,DBMS,Yes,Yes,Yes,Yes,No,No,No,Evening,Low,Videos,4.1,8,Low
S00671,DBMS,Yes,Yes,No,No,No,No,Yes,Night,High,Videos,2.4,3,Low
S00672,CN,Yes,No,Yes,Yes,No,Yes,Yes,Morning,Low,Mixed,2.1,6,Low
S00673,OS,No,Yes,No,No,No,No,Yes,Evening,High,Mixed,1.9,2,Low
S00674,OS,No,No,Yes,Yes,Yes,No,Yes,Evening,Medium,Videos,3.0,7,High
S00675,DBMS,Yes,No,Yes,Yes,Yes,No,No,Evening,Medium,Notes,3.4,7,High
S00676,ML,Yes,No,No,No,No,No,No,Evening,High,Notes,1.6,5,Low
S00677,DBMS,No,No,No,No,Yes,No,Yes,Morning,High,Notes,1.5,3,Low
S00678,DBMS,Yes,No,Yes,No,No,Yes,Yes,Evening,Medium,Mixed,2.5,5,Low
S00679,ML,Yes,Yes,Yes,No,Yes,Yes,Yes,Evening,Medium,Mixed,3.9,6,Medium
S00680,OS,Yes,Yes,Yes,Yes,Yes,No,Yes,Morning,Medium,Videos,4.2,5,Medium
S00681,CN,Yes,Yes,Yes,Yes,Yes,No,Yes,Morning,High,Mixed,3.5,8,High
S00682,DSA,Yes,No,No,Yes,No,No,No,Evening,High,Videos,2.5,3,Low
S00683,DBMS,Yes,No,Yes,No,No,No,Yes,Night,Medium,Notes,2.7,6,Low
S00684,CN,Yes,No,No,No,Yes,No,No,Evening,Medium,Videos,2.6,2,Low
S00685,DBMS,No,No,Yes,Yes,Yes,Yes,Yes,Evening,High,Mixed,3.0,6,High
S00686,ML,Yes,Yes,Yes,Yes,Yes,Yes,Yes,Night,Medium,Notes,3.7,7,Medium
S00687,DSA,Yes,No,No,Yes,Yes,No,Yes,Evening,High,Videos,2.9,6,Low
S00688,ML,No,No,Yes,No,Yes,No,Yes,Morning,High,Videos,4.5,4,Medium
S00689,CN,No,No,No,Yes,No,No,Yes,Night,High,Videos,1.6,3,Low
S00690,OS,Yes,No,Yes,No,No,No,Yes,Night,Medium,Mixed,2.7,5,Medium
S00691,DSA,Yes,No,No,No,Yes,No,No,Night,Low,Mixed,1.7,2,Low
S00692,OS,No,No,Yes,No,No,Yes,Yes,Afternoon,Medium,Notes,1.6,5,Low
S00693,DBMS,Yes,Yes,Yes,Yes,Yes,No,No,Evening,Low,Mixed,4.3,5,High
S00694,DBMS,Yes,Yes,No,Yes,No,Yes,No,Evening,High,Videos,1.8,3,Low
S00695,OS,No,No,No,Yes,Yes,No,No,Evening,High,Mixed,3.8,4,Low
S00696,ML,Yes,Yes,Yes,Yes,No,No,Yes,Afternoon,High,Mixed,2.6,8,High
S00697,CN,No,Yes,Yes,No,Yes,No,Yes,Morning,High,Notes,3.0,4,Medium
S00698,DSA,Yes,No,Yes,No,No,No,No,Afternoon,Medium,Mixed,2.7,5,Low
S00699,ML,No,No,No,Yes,No,Yes,No,Morning,Medium,Videos,2.3,3,Low
S00700,CN,Yes,No,No,No,No,No,No,Evening,High,Mixed,0.5,2,Low
S00701,CN,Yes,No,No,No,No,No,No,Afternoon,High,Videos,0.5,3,Low
S00702,OS,Yes,Yes,No,No,No,Yes,No,Evening,High,Videos,1.9,4,Low
S00703,DSA,Yes,Yes,Yes,Yes,Yes,No,Yes,Afternoon,Medium,Videos,5.0,6,High
S00704,CN,No,No,No,Yes,Yes,No,Yes,Evening,High,Videos,1.8,4,Medium
S00705,CN,Yes,Yes,No,Yes,No,No,Yes,Night,Low,Notes,0.5,3,Low
S00706,CN,Yes,No,No,No,No,No,Yes,Evening,High,Notes,1.9,2,Low
S00707,DBMS,No,No,No,Yes,Yes,Yes,No,Morning,Medium,Videos,3.4,3,Low
S00708,OS,No,No,Yes,No,No,No,Yes,Morning,High,Videos,3.2,6,Medium
S00709,OS,Yes,No,No,No,No,No,No,Night,High,Videos,1.9,3,Low
S00710,OS,Yes,No,No,Yes,No,No,No,Evening,High,Mixed,2.9,5,Low
S00711,ML,No,No,No,Yes,No,No,No,Evening,High,Mixed,4.1,4,Low
S00712,CN,No,Yes,Yes,Yes,Yes,No,No,Evening,High,Videos,3.3,5,High
S00713,OS,No,No,No,No,Yes,No,No,Afternoon,High,Mixed,3.1,2,Low
S00714,ML,No,Yes,No,No,No,No,No,Afternoon,Medium,Videos,3.2,2,Low
S00715,DSA,No,No,No,Yes,No,No,No,Evening,Low,Notes,2.4,6,Low
S00716,OS,Yes,Yes,Yes,Yes,Yes,No,Yes,Morning,High,Mixed,3.7,7,High
S00717,DBMS,Yes,Yes,Yes,No,Yes,No,No,Evening,High,Notes,2.6,6,High
S00718,OS,Yes,No,No,No,No,No,No,Morning,High,Videos,0.5,2,Low
S00719,DSA,No,Yes,No,Yes,Yes,Yes,Yes,Evening,High,Mixed,0.5,4,Medium
S00720,DSA,No,No,Yes,No,No,No,Yes,Evening,High,Mixed,3.5,4,Low
S00721,CN,Yes,Yes,Yes,Yes,No,No,Yes,Evening,High,Videos,2.9,8,High
S00722,CN,Yes,Yes,Yes,Yes,Yes,Yes,Yes,Afternoon,High,Videos,3.8,5,High
S00723,OS,Yes,Yes,Yes,Yes,Yes,No,Yes,Afternoon,High,Mixed,3.0,6,High
S00724,ML,No,Yes,Yes,No,Yes,No,No,Evening,Medium,Videos,3.0,4,Medium
S00725,OS,Yes,No,Yes,No,No,No,Yes,Evening,Medium,Videos,3.5,4,Medium
S00726,OS,Yes,No,Yes,Yes,No,Yes,Yes,Evening,Medium,Notes,2.7,6,Medium
S00727,DBMS,Yes,No,Yes,Yes,No,Yes,Yes,Evening,Medium,Notes,5.0,8,High
S00728,DBMS,Yes,No,Yes,Yes,No,Yes,No,Evening,Medium,Notes,3.1,7,High
S00729,OS,Yes,No,No,Yes,Yes,No,Yes,Afternoon,Medium,Videos,3.0,3,Medium
S00730,OS,Yes,No,Yes,Yes,No,No,Yes,Afternoon,Low,Notes,4.2,6,High
S00731,DBMS,Yes,Yes,No,No,No,No,Yes,Evening,Medium,Mixed,2.3,5,Low
S00732,OS,Yes,Yes,Yes,Yes,Yes,No,Yes,Evening,High,Mixed,4.7,8,High
S00733,DBMS,Yes,No,No,Yes,Yes,No,Yes,Morning,Low,Videos,5.2,3,Medium
S00734,DBMS,Yes,No,No,Yes,No,No,Yes,Afternoon,High,Mixed,3.1,5,Low
S00735,DBMS,Yes,Yes,Yes,Yes,No,No,Yes,Evening,High,Notes,3.4,6,High
S00736,OS,No,Yes,No,No,No,No,Yes,Morning,High,Videos,2.3,5,Low
S00737,CN,Yes,Yes,No,No,No,No,Yes,Morning,Medium,Mixed,0.8,4,Low
S00738,CN,Yes,Yes,Yes,No,No,No,No,Morning,High,Videos,2.7,6,Low
S00739,OS,Yes,No,No,Yes,No,No,No,Night,High,Videos,4.3,4,Low
S00740,DBMS,Yes,Yes,Yes,Yes,No,No,No,Evening,Medium,Videos,2.9,5,Medium
S00741,OS,Yes,No,Yes,Yes,Yes,No,Yes,Night,Medium,Mixed,4.6,6,Medium
S00742,OS,Yes,No,No,Yes,No,No,Yes,Evening,High,Mixed,1.8,6,Medium
S00743,ML,No,Yes,Yes,No,No,No,Yes,Evening,High,Mixed,1.7,4,Low
S00744,CN,Yes,No,Yes,Yes,Yes,No,Yes,Evening,High,Notes,3.4,6,High
S00745,OS,Yes,No,Yes,Yes,Yes,No,No,Afternoon,High,Notes,5.4,7,High
S00746,ML,Yes,Yes,No,Yes,Yes,No,No,Night,Medium,Notes,3.3,4,Low
S00747,CN,Yes,Yes,Yes,Yes,Yes,No,Yes,Night,High,Videos,3.7,5,High
S00748,DSA,Yes,No,Yes,No,No,No,Yes,Night,High,Mixed,2.3,7,Low
S00749,DSA,No,Yes,No,No,No,No,No,Evening,Low,Mixed,1.3,4,Low
S00750,ML,No,Yes,No,No,No,No,No,Evening,Medium,Videos,1.6,3,Low
S00751,OS,Yes,Yes,Yes,Yes,Yes,No,Yes,Morning,High,Mixed,3.1,7,High
S00752,DSA,Yes,Yes,No,No,No,No,Yes,Evening,High,Notes,2.0,2,Low
S00753,DSA,Yes,No,Yes,Yes,No,Yes,Yes,Evening,High,Videos,4.3,8,High
S00754,OS,Yes,Yes,Yes,Yes,No,No,Yes,Evening,High,Videos,3.2,6,Medium
S00755,DBMS,No,No,No,Yes,Yes,No,No,Night,High,Mixed,1.7,3,Medium
S00756,ML,Yes,Yes,Yes,Yes,Yes,Yes,Yes,Evening,Medium,Mixed,4.1,5,High
S00757,OS,Yes,No,No,Yes,Yes,No,No,Morning,High,Notes,1.8,5,Medium
S00758,ML,No,No,No,Yes,No,Yes,Yes,Morning,High,Videos,1.0,3,Low
S00759,DSA,Yes,No,Yes,Yes,Yes,Yes,Yes,Afternoon,Medium,Mixed,4.5,8,High
S00760,CN,Yes,No,Yes,No,No,No,No,Evening,Medium,Notes,0.5,6,Low
S00761,DSA,No,Yes,Yes,Yes,No,No,No,Night,High,Notes,3.4,6,Medium
S00762,DSA,Yes,No,No,No,No,Yes,No,Night,High,Notes,2.3,5,Low
S00763,DSA,Yes,Yes,Yes,Yes,Yes,No,No,Night,High,Videos,5.8,5,High
S00764,DBMS,Yes,No,No,Yes,No,No,No,Afternoon,Medium,Notes,0.8,5,Low
S00765,DBMS,No,No,Yes,No,No,No,Yes,Night,High,Videos,2.2,4,Low
S00766,DSA,Yes,Yes,No,Yes,No,No,No,Night,High,Videos,1.6,6,Medium
S00767,DSA,Yes,Yes,No,No,No,No,Yes,Evening,Low,Mixed,1.9,5,Low
S00768,OS,Yes,Yes,Yes,No,Yes,No,Yes,Morning,High,Videos,2.2,5,High
S00769,DSA,Yes,No,Yes,Yes,No,No,Yes,Afternoon,High,Videos,5.3,5,Medium
S00770,DBMS,No,No,No,Yes,Yes,No,No,Evening,Medium,Videos,2.0,5,Medium
S00771,DBMS,Yes,Yes,Yes,Yes,Yes,Yes,Yes,Afternoon,High,Notes,4.0,6,High
S00772,ML,Yes,Yes,Yes,No,Yes,No,Yes,Evening,High,Videos,3.7,4,High
S00773,DSA,Yes,Yes,No,Yes,Yes,No,No,Evening,High,Notes,3.4,4,Medium
S00774,DBMS,No,No,No,No,No,No,Yes,Night,High,Notes,1.3,3,Low
S00775,ML,Yes,Yes,No,Yes,Yes,No,Yes,Evening,Medium,Notes,1.4,4,Medium
S00776,ML,No,Yes,No,No,Yes,No,Yes,Morning,Medium,Mixed,1.9,2,Low
S00777,ML,Yes,No,Yes,Yes,Yes,Yes,Yes,Morning,High,Videos,2.5,8,High
S00778,DBMS,Yes,Yes,No,No,No,No,No,Morning,High,Videos,1.4,4,Low
S00779,OS,No,No,Yes,No,No,No,Yes,Afternoon,High,Videos,2.8,6,Medium
S00780,ML,No,No,No,Yes,No,No,No,Evening,High,Mixed,1.8,6,Low
S00781,DSA,Yes,Yes,No,Yes,No,No,Yes,Evening,High,Notes,1.9,5,Medium
S00782,DBMS,No,No,No,No,No,No,Yes,Night,High,Mixed,0.5,4,Low
S00783,DSA,Yes,Yes,No,No,Yes,No,No,Morning,High,Videos,4.5,3,Low
S00784,OS,Yes,Yes,Yes,No,No,No,Yes,Evening,Medium,Notes,3.0,4,Low
S00785,DSA,No,No,No,Yes,No,No,Yes,Evening,Medium,Videos,1.2,3,Low
S00786,DBMS,Yes,No,Yes,No,Yes,No,Yes,Afternoon,High,Mixed,2.1,4,High
S00787,DBMS,No,No,Yes,Yes,No,Yes,Yes,Evening,Low,Notes,3.7,7,Medium
S00788,CN,Yes,Yes,Yes,No,Yes,Yes,Yes,Morning,High,Videos,1.3,4,Medium
S00789,DBMS,No,Yes,No,No,No,No,Yes,Morning,High,Videos,0.8,4,Low
S00790,CN,Yes,Yes,Yes,No,No,No,Yes,Evening,High,Notes,3.3,6,Medium
S00791,OS,Yes,No,No,No,No,No,No,Evening,Low,Videos,2.4,5,Low
S00792,ML,Yes,No,Yes,Yes,Yes,Yes,No,Evening,Medium,Videos,4.2,6,High
S00793,DBMS,Yes,Yes,No,No,No,No,No,Night,Medium,Videos,1.5,5,Low
S00794,DSA,Yes,No,No,Yes,No,No,Yes,Afternoon,Medium,Notes,3.7,6,Low
S00795,DSA,Yes,Yes,Yes,Yes,No,No,No,Afternoon,High,Videos,2.3,8,Medium
S00796,ML,Yes,Yes,Yes,Yes,Yes,No,Yes,Evening,High,Notes,3.3,7,High
S00797,DBMS,Yes,Yes,No,No,No,No,No,Evening,Low,Notes,3.0,5,Low
S00798,DSA,Yes,Yes,Yes,No,No,No,Yes,Night,High,Videos,2.4,6,Medium
S00799,DSA,No,No,No,No,No,Yes,No,Morning,High,Notes,2.0,3,Low
S00800,OS,No,No,Yes,No,Yes,No,Yes,Night,High,Notes,3.2,4,Medium
S00801,OS,No,Yes,Yes,No,No,No,Yes,Night,Medium,Notes,5.0,4,Low
S00802,DBMS,Yes,Yes,No,No,Yes,Yes,No,Evening,Medium,Mixed,1.6,3,Low
S00803,OS,No,No,No,Yes,No,No,Yes,Evening,High,Mixed,3.2,6,Low
S00804,OS,Yes,Yes,No,No,No,No,No,Afternoon,High,Mixed,0.5,4,Low
S00805,DSA,Yes,Yes,Yes,Yes,Yes,No,Yes,Morning,Medium,Videos,4.2,5,High
S00806,CN,Yes,No,No,No,Yes,Yes,Yes,Night,Medium,Mixed,3.1,3,Low
S00807,DSA,No,Yes,No,No,No,No,No,Night,High,Mixed,2.3,5,Low
S00808,OS,Yes,Yes,No,No,No,No,No,Morning,Low,Mixed,2.0,3,Low
S00809,CN,Yes,Yes,Yes,No,No,Yes,Yes,Evening,Medium,Videos,3.2,6,Medium
S00810,ML,No,No,Yes,Yes,Yes,Yes,No,Afternoon,Low,Notes,3.3,7,Medium
S00811,DBMS,Yes,Yes,No,No,Yes,Yes,Yes,Afternoon,High,Mixed,2.8,3,Low
S00812,CN,Yes,No,No,No,No,No,Yes,Evening,High,Mixed,3.3,3,Low
S00813,OS,No,Yes,Yes,No,Yes,Yes,Yes,Night,Low,Notes,2.5,7,Low
S00814,OS,Yes,No,Yes,Yes,Yes,No,No,Evening,High,Mixed,5.4,6,High
S00815,CN,Yes,Yes,Yes,No,Yes,No,Yes,Night,Medium,Notes,3.2,5,Medium
S00816,ML,No,Yes,No,No,Yes,No,No,Night,High,Videos,2.5,4,Low
S00817,OS,No,No,No,No,Yes,Yes,No,Evening,High,Mixed,0.5,4,Low
S00818,ML,Yes,No,No,Yes,No,No,No,Night,Low,Videos,1.2,4,Low
S00819,CN,No,Yes,No,No,No,No,Yes,Morning,High,Videos,1.5,4,Low
S00820,ML,Yes,Yes,No,No,Yes,No,Yes,Night,Medium,Mixed,3.2,2,Low
S00821,CN,Yes,No,Yes,No,No,No,Yes,Morning,High,Mixed,2.0,5,Low
S00822,OS,Yes,Yes,Yes,No,Yes,No,Yes,Evening,Medium,Notes,2.4,7,Medium
S00823,OS,Yes,Yes,No,No,Yes,No,Yes,Night,High,Mixed,1.7,2,High
S00824,ML,No,Yes,No,No,Yes,No,Yes,Afternoon,High,Videos,4.0,4,Low
S00825,DSA,No,Yes,No,Yes,Yes,No,Yes,Evening,High,Notes,3.8,3,Low
S00826,DSA,Yes,No,Yes,No,No,Yes,Yes,Evening,Medium,Videos,2.3,7,Low
S00827,DBMS,Yes,No,No,Yes,Yes,No,Yes,Afternoon,Medium,Notes,2.9,5,Medium
S00828,ML,Yes,Yes,No,No,No,No,Yes,Morning,High,Videos,0.5,3,Low
S00829,ML,No,No,Yes,Yes,Yes,No,No,Night,Medium,Mixed,3.0,5,High
S00830,OS,Yes,Yes,No,No,No,Yes,No,Night,High,Notes,0.6,4,Low
S00831,CN,Yes,No,Yes,Yes,No,No,Yes,Afternoon,Medium,Mixed,3.1,5,Medium
S00832,DSA,Yes,Yes,Yes,Yes,Yes,Yes,Yes,Evening,High,Mixed,5.0,7,High
S00833,DSA,Yes,Yes,Yes,No,No,No,Yes,Evening,High,Mixed,2.2,7,Low
S00834,ML,No,No,No,No,No,Yes,No,Afternoon,Medium,Mixed,0.5,5,Low
S00835,CN,No,Yes,Yes,No,Yes,No,Yes,Afternoon,High,Notes,2.7,6,High
S00836,ML,Yes,Yes,No,No,No,No,Yes,Night,Medium,Mixed,1.2,5,Low
S00837,ML,No,Yes,No,No,Yes,Yes,Yes,Evening,Medium,Videos,1.9,5,Low
S00838,OS,No,No,No,Yes,No,No,No,Night,High,Mixed,2.2,4,Low
S00839,ML,Yes,Yes,No,No,No,No,Yes,Night,Medium,Mixed,1.9,2,Low
S00840,OS,Yes,No,No,No,No,No,No,Night,High,Videos,0.6,4,Low
S00841,CN,Yes,No,Yes,No,No,No,Yes,Afternoon,High,Mixed,3.8,5,Low
S00842,ML,No,No,Yes,Yes,No,No,Yes,Evening,High,Notes,2.5,6,Low
S00843,CN,Yes,Yes,Yes,No,Yes,No,No,Morning,Medium,Notes,3.5,4,Low
S00844,DSA,Yes,No,No,Yes,No,No,Yes,Evening,Medium,Videos,1.3,3,Low
S00845,ML,Yes,Yes,Yes,No,Yes,No,Yes,Night,High,Notes,2.2,6,Medium
S00846,ML,No,No,No,Yes,Yes,No,Yes,Evening,High,Notes,3.9,6,Low
S00847,CN,Yes,No,No,Yes,Yes,No,Yes,Afternoon,High,Mixed,3.6,3,Medium
S00848,CN,No,Yes,No,Yes,Yes,Yes,Yes,Afternoon,High,Notes,4.0,3,High
S00849,DSA,Yes,No,Yes,No,Yes,No,Yes,Afternoon,High,Notes,4.1,7,Medium
S00850,CN,No,No,Yes,No,No,Yes,Yes,Morning,High,Notes,0.7,7,Low
S00851,DSA,Yes,Yes,Yes,No,No,No,Yes,Morning,High,Videos,3.0,5,Low
S00852,OS,Yes,Yes,No,Yes,No,Yes,Yes,Evening,Low,Notes,2.5,6,Low
S00853,OS,No,No,No,No,No,Yes,Yes,Evening,Medium,Mixed,0.6,4,Low
S00854,DBMS,No,No,No,No,No,Yes,No,Evening,Medium,Videos,0.8,5,Low
S00855,DSA,Yes,No,No,Yes,No,No,Yes,Morning,High,Mixed,1.4,4,Medium
S00856,DSA,Yes,Yes,Yes,No,No,No,Yes,Afternoon,Medium,Notes,2.9,5,Low
S00857,CN,No,No,Yes,Yes,Yes,No,Yes,Evening,Medium,Videos,4.8,7,High
S00858,OS,No,No,Yes,Yes,Yes,No,Yes,Morning,Low,Mixed,3.9,6,High
S00859,DBMS,Yes,No,Yes,Yes,Yes,No,Yes,Morning,High,Notes,2.2,7,High
S00860,DBMS,Yes,Yes,Yes,No,Yes,No,Yes,Night,High,Mixed,2.9,7,Medium
S00861,OS,No,Yes,Yes,Yes,No,Yes,No,Afternoon,Medium,Notes,1.9,7,Medium
S00862,DBMS,No,No,No,No,No,No,No,Afternoon,Low,Notes,3.6,3,Low
S00863,CN,No,Yes,Yes,Yes,No,No,No,Morning,High,Mixed,4.2,5,Medium
S00864,OS,Yes,Yes,Yes,No,Yes,No,Yes,Afternoon,High,Videos,3.9,4,Medium
S00865,OS,Yes,Yes,Yes,Yes,No,Yes,Yes,Night,Low,Mixed,1.9,5,Low
S00866,OS,No,Yes,Yes,Yes,Yes,No,No,Night,Medium,Mixed,4.8,5,High
S00867,CN,No,Yes,Yes,Yes,Yes,No,No,Evening,High,Notes,4.1,7,High
S00868,DBMS,No,Yes,Yes,Yes,No,No,Yes,Afternoon,High,Notes,3.1,5,High
S00869,DBMS,Yes,No,Yes,Yes,Yes,No,Yes,Evening,Medium,Videos,4.3,8,High
S00870,CN,Yes,No,No,No,No,No,Yes,Afternoon,Medium,Mixed,0.5,3,Low
S00871,OS,No,Yes,Yes,Yes,Yes,No,Yes,Evening,High,Notes,4.0,6,High
S00872,DSA,Yes,Yes,Yes,Yes,No,No,Yes,Evening,High,Notes,3.0,7,Medium
S00873,ML,No,No,No,No,No,No,Yes,Night,Medium,Mixed,0.9,3,Low
S00874,ML,Yes,Yes,Yes,Yes,No,No,Yes,Afternoon,High,Mixed,2.5,6,Medium
S00875,OS,No,No,No,No,No,No,No,Afternoon,High,Videos,1.1,4,Low
S00876,DSA,No,No,Yes,No,No,No,Yes,Afternoon,High,Notes,2.2,6,Low
S00877,ML,Yes,Yes,No,No,No,Yes,Yes,Evening,High,Mixed,1.9,4,Low
S00878,ML,Yes,Yes,No,No,No,No,No,Night,Medium,Mixed,1.2,2,Low
S00879,OS,Yes,Yes,No,Yes,No,No,Yes,Evening,High,Mixed,0.5,5,Low
S00880,OS,Yes,No,Yes,Yes,Yes,Yes,No,Afternoon,Medium,Notes,3.4,6,High
S00881,CN,Yes,Yes,Yes,Yes,No,No,Yes,Evening,Low,Notes,3.2,7,Low
S00882,CN,Yes,No,Yes,No,Yes,No,Yes,Afternoon,Medium,Videos,3.0,4,High
S00883,OS,No,No,No,Yes,Yes,No,Yes,Morning,High,Mixed,4.5,4,Medium
S00884,CN,Yes,No,Yes,Yes,No,Yes,No,Evening,High,Mixed,2.5,7,High
S00885,CN,Yes,No,No,No,No,No,Yes,Evening,Low,Notes,0.5,4,Low
S00886,OS,Yes,Yes,Yes,Yes,No,No,Yes,Evening,High,Mixed,4.1,7,High
S00887,OS,Yes,Yes,Yes,No,No,No,Yes,Night,High,Videos,2.6,4,Medium
S00888,ML,Yes,No,Yes,Yes,Yes,Yes,No,Evening,High,Notes,4.7,7,High
S00889,DBMS,Yes,Yes,Yes,No,No,No,Yes,Evening,Medium,Mixed,0.5,4,Low
S00890,DSA,No,Yes,No,No,No,No,Yes,Night,High,Mixed,0.9,2,Low
S00891,DBMS,Yes,Yes,Yes,No,Yes,Yes,Yes,Evening,High,Videos,3.6,4,High
S00892,ML,No,Yes,Yes,Yes,No,No,Yes,Evening,High,Videos,2.7,8,High
S00893,ML,Yes,No,Yes,Yes,Yes,No,Yes,Evening,High,Notes,5.1,8,Medium
S00894,ML,Yes,Yes,No,Yes,No,No,Yes,Morning,High,Mixed,1.3,5,Low
S00895,CN,No,No,No,No,No,No,Yes,Evening,Low,Videos,3.2,2,Low
S00896,ML,No,No,No,Yes,Yes,No,Yes,Night,Medium,Notes,2.5,6,Medium
S00897,OS,Yes,Yes,Yes,Yes,No,No,Yes,Afternoon,High,Videos,3.7,5,Medium
S00898,ML,Yes,No,Yes,Yes,Yes,No,No,Night,High,Mixed,3.1,8,High
S00899,DSA,Yes,Yes,Yes,No,Yes,Yes,No,Evening,High,Videos,2.8,5,Medium
S00900,DSA,Yes,Yes,Yes,Yes,Yes,No,Yes,Morning,High,Videos,5.5,7,High
S00901,CN,Yes,Yes,Yes,Yes,No,No,Yes,Afternoon,High,Notes,2.7,5,High
S00902,ML,Yes,Yes,Yes,No,Yes,No,Yes,Night,Medium,Videos,3.1,6,Medium
S00903,DBMS,Yes,Yes,Yes,No,No,No,Yes,Morning,Medium,Mixed,3.7,6,Low
S00904,OS,Yes,Yes,No,No,No,Yes,No,Night,Medium,Mixed,0.7,4,Low
S00905,DSA,No,Yes,Yes,Yes,No,No,Yes,Night,Medium,Mixed,4.1,8,Medium
S00906,OS,No,Yes,Yes,Yes,No,No,No,Evening,High,Videos,3.0,7,Medium
S00907,ML,Yes,No,No,Yes,No,No,No,Evening,Low,Notes,0.9,5,Low
S00908,DBMS,Yes,Yes,No,Yes,No,Yes,No,Afternoon,Medium,Videos,3.1,4,Low
S00909,OS,Yes,No,Yes,Yes,Yes,No,Yes,Morning,High,Videos,6.1,6,High
S00910,DSA,Yes,No,No,Yes,No,Yes,No,Morning,Low,Notes,3.4,5,Low
S00911,DBMS,No,No,Yes,Yes,Yes,No,Yes,Evening,High,Notes,4.2,8,Medium
S00912,DSA,No,No,No,Yes,Yes,No,Yes,Night,High,Mixed,2.4,6,Low
S00913,DBMS,No,No,No,No,No,No,Yes,Morning,Low,Notes,1.7,5,Low
S00914,DSA,No,No,No,Yes,Yes,Yes,No,Afternoon,Low,Mixed,3.7,4,Low
S00915,DSA,No,No,Yes,No,Yes,No,Yes,Morning,High,Notes,2.0,6,Medium
S00916,DBMS,No,No,Yes,No,Yes,Yes,Yes,Evening,High,Notes,1.0,5,Low
S00917,DSA,Yes,Yes,No,Yes,Yes,Yes,Yes,Night,High,Videos,1.5,4,Medium
S00918,ML,Yes,No,Yes,Yes,No,No,Yes,Night,High,Notes,2.6,6,Medium
S00919,DSA,Yes,No,Yes,No,Yes,No,No,Afternoon,High,Mixed,2.8,6,High
S00920,CN,Yes,Yes,Yes,No,Yes,No,Yes,Evening,Medium,Mixed,2.7,6,Low
S00921,OS,Yes,Yes,Yes,Yes,Yes,No,Yes,Evening,Medium,Videos,3.8,5,High
S00922,DSA,No,No,Yes,Yes,Yes,No,Yes,Night,Low,Videos,3.0,7,Medium
S00923,DSA,Yes,No,Yes,No,No,No,Yes,Evening,Low,Mixed,2.6,5,Low
S00924,ML,Yes,Yes,Yes,No,No,No,Yes,Morning,High,Notes,2.2,6,Low
S00925,ML,Yes,Yes,Yes,No,No,No,Yes,Afternoon,High,Mixed,2.0,7,Medium
S00926,OS,Yes,Yes,No,Yes,No,Yes,No,Evening,Low,Mixed,2.3,3,Low
S00927,DSA,Yes,Yes,Yes,No,Yes,Yes,Yes,Evening,Medium,Videos,2.5,5,Medium
S00928,DBMS,No,No,No,No,No,Yes,Yes,Evening,High,Videos,2.8,5,Low
S00929,DBMS,Yes,No,Yes,Yes,No,No,Yes,Afternoon,Medium,Mixed,2.8,7,Medium
S00930,OS,No,Yes,Yes,No,No,No,No,Afternoon,High,Mixed,2.4,4,Low
S00931,DBMS,Yes,Yes,No,Yes,Yes,No,Yes,Afternoon,High,Notes,4.3,6,High
S00932,DSA,Yes,No,No,No,No,Yes,No,Morning,High,Mixed,0.9,3,Low
S00933,DBMS,Yes,No,No,No,No,No,Yes,Evening,Medium,Mixed,2.4,4,Low
S00934,OS,No,No,No,No,No,Yes,Yes,Morning,High,Videos,1.0,4,Low
S00935,CN,No,Yes,No,No,No,No,Yes,Afternoon,Medium,Videos,3.4,4,Low
S00936,DBMS,Yes,Yes,No,No,No,No,Yes,Afternoon,High,Mixed,1.1,4,Low
S00937,DSA,No,No,Yes,Yes,Yes,No,Yes,Morning,High,Mixed,2.9,7,High
S00938,CN,Yes,No,No,Yes,Yes,No,Yes,Evening,High,Videos,3.9,3,Medium
S00939,ML,No,Yes,No,No,No,No,No,Evening,High,Videos,3.5,4,Low
S00940,CN,Yes,No,Yes,Yes,Yes,No,No,Night,High,Videos,4.4,6,High
S00941,DBMS,Yes,No,No,No,No,No,No,Evening,High,Videos,1.2,4,Low
S00942,OS,No,No,No,Yes,Yes,Yes,Yes,Morning,High,Videos,1.7,6,Medium
S00943,DBMS,Yes,Yes,No,Yes,Yes,Yes,Yes,Afternoon,High,Mixed,3.1,3,Low
S00944,CN,Yes,Yes,No,Yes,No,No,No,Evening,High,Videos,3.9,5,Low
S00945,ML,Yes,No,No,No,No,Yes,Yes,Evening,High,Videos,2.1,4,Low
S00946,ML,Yes,No,Yes,Yes,Yes,No,No,Afternoon,High,Mixed,3.6,8,High
S00947,DSA,No,No,No,No,Yes,Yes,No,Night,Low,Videos,1.7,2,Low
S00948,CN,No,No,No,Yes,No,No,Yes,Evening,High,Videos,2.6,4,Low
S00949,CN,No,Yes,Yes,No,Yes,No,Yes,Night,High,Notes,2.2,5,Medium
S00950,DSA,Yes,Yes,Yes,Yes,No,Yes,Yes,Evening,High,Videos,3.6,6,Medium
S00951,CN,Yes,Yes,No,No,Yes,Yes,Yes,Afternoon,High,Notes,3.1,2,Medium
S00952,ML,Yes,No,No,No,No,No,Yes,Evening,Medium,Notes,1.9,4,Low
S00953,OS,Yes,Yes,No,No,No,Yes,No,Afternoon,Medium,Notes,1.6,2,Low
S00954,DBMS,Yes,No,Yes,No,No,Yes,Yes,Night,Medium,Videos,1.5,6,Low
S00955,OS,No,No,Yes,Yes,Yes,Yes,Yes,Morning,High,Mixed,4.3,6,High
S00956,OS,No,No,No,Yes,Yes,No,Yes,Evening,High,Notes,2.1,5,Medium
S00957,DBMS,No,No,Yes,No,Yes,No,Yes,Night,Medium,Mixed,3.8,7,Low
S00958,ML,Yes,Yes,Yes,Yes,No,No,Yes,Afternoon,High,Mixed,4.0,6,Medium
S00959,CN,Yes,Yes,Yes,No,No,No,Yes,Afternoon,High,Videos,1.2,7,Low
S00960,OS,Yes,No,No,No,No,No,Yes,Morning,High,Mixed,0.7,3,Low
S00961,OS,Yes,Yes,Yes,Yes,Yes,No,No,Evening,Medium,Videos,3.7,5,Medium
S00962,ML,Yes,Yes,Yes,Yes,No,No,No,Afternoon,High,Videos,2.7,5,Medium
S00963,OS,Yes,No,Yes,No,No,No,Yes,Evening,High,Videos,2.0,6,Medium
S00964,CN,Yes,No,Yes,No,No,No,Yes,Evening,Medium,Mixed,3.2,4,Low
S00965,DBMS,No,No,No,No,No,Yes,No,Morning,High,Notes,2.1,4,Low
S00966,CN,Yes,Yes,Yes,No,Yes,No,Yes,Evening,Medium,Videos,3.7,4,Medium
S00967,DBMS,No,No,No,Yes,Yes,No,Yes,Night,High,Mixed,3.5,6,Low
S00968,DBMS,Yes,No,Yes,Yes,Yes,Yes,Yes,Night,High,Mixed,5.5,8,High
S00969,DBMS,Yes,No,Yes,Yes,No,Yes,Yes,Morning,High,Mixed,3.1,7,High
S00970,ML,Yes,Yes,Yes,Yes,Yes,Yes,Yes,Night,High,Mixed,4.5,6,High
S00971,DBMS,Yes,Yes,No,No,No,Yes,No,Night,High,Videos,0.5,5,Low
S00972,OS,Yes,No,Yes,No,Yes,Yes,No,Night,High,Notes,1.9,7,Medium
S00973,ML,Yes,No,Yes,No,Yes,No,No,Afternoon,High,Videos,3.7,4,Medium
S00974,OS,No,Yes,Yes,Yes,No,No,No,Evening,High,Notes,3.3,6,Low
S00975,OS,Yes,No,No,Yes,No,Yes,Yes,Evening,Medium,Mixed,2.3,4,Low
S00976,OS,Yes,Yes,No,No,No,No,Yes,Night,High,Mixed,1.4,2,Low
S00977,DBMS,Yes,Yes,Yes,Yes,Yes,No,No,Morning,High,Mixed,2.0,7,High
S00978,DSA,Yes,Yes,Yes,Yes,No,No,No,Evening,High,Mixed,2.4,7,Low
S00979,CN,Yes,Yes,Yes,Yes,No,No,Yes,Evening,High,Mixed,3.3,7,High
S00980,DSA,Yes,No,No,Yes,No,No,Yes,Night,Low,Notes,3.5,5,Low
S00981,OS,No,Yes,No,Yes,Yes,Yes,Yes,Night,High,Notes,3.1,6,High
S00982,DSA,No,Yes,No,No,No,Yes,No,Night,High,Mixed,1.3,4,Low
S00983,OS,No,Yes,No,No,No,No,Yes,Evening,High,Notes,1.4,5,Low
S00984,CN,Yes,Yes,Yes,Yes,No,No,No,Afternoon,High,Notes,2.6,8,Medium
S00985,DBMS,Yes,No,Yes,No,Yes,Yes,Yes,Evening,Medium,Mixed,4.4,5,Low
S00986,DSA,No,Yes,No,Yes,No,No,No,Night,Medium,Mixed,2.1,6,Low
S00987,CN,Yes,Yes,No,No,No,No,Yes,Afternoon,Medium,Mixed,3.0,5,Low
S00988,CN,Yes,No,Yes,No,No,No,No,Evening,Medium,Notes,2.2,6,Low
S00989,ML,Yes,Yes,Yes,Yes,Yes,No,Yes,Morning,Medium,Notes,3.8,7,High
S00990,ML,No,No,Yes,No,No,Yes,No,Morning,Medium,Videos,2.4,5,Low
S00991,CN,No,No,Yes,Yes,No,Yes,Yes,Evening,Low,Videos,3.5,7,Medium
S00992,DBMS,No,No,No,Yes,Yes,Yes,Yes,Evening,High,Videos,1.6,6,Low
S00993,ML,No,No,Yes,Yes,No,Yes,Yes,Evening,Medium,Videos,3.3,8,Medium
S00994,DSA,Yes,Yes,No,Yes,Yes,No,No,Morning,High,Mixed,2.3,5,Medium
S00995,DBMS,No,No,Yes,Yes,Yes,No,Yes,Night,High,Mixed,3.8,5,High
S00996,ML,Yes,No,No,No,No,No,No,Afternoon,High,Videos,1.2,5,Low
S00997,DBMS,No,Yes,No,Yes,Yes,No,Yes,Night,High,Videos,1.4,6,Medium
S00998,ML,Yes,No,No,No,Yes,No,No,Afternoon,High,Notes,1.8,2,Low
S00999,OS,No,No,No,No,No,Yes,Yes,Evening,High,Notes,2.3,3,Low
S01000,ML,Yes,No,Yes,No,No,No,No,Evening,Medium,Mixed,2.3,7,Low
S01001,DBMS,Yes,No,Yes,No,No,No,Yes,Morning,Low,Videos,2.0,6,Low
S01002,DBMS,Yes,Yes,No,No,No,No,No,Evening,High,Videos,0.5,2,Low
S01003,CN,Yes,No,No,No,No,No,No,Morning,High,Mixed,1.1,4,Low
S01004,OS,Yes,No,No,No,Yes,No,Yes,Morning,High,Notes,2.4,4,Low
S01005,DBMS,No,No,No,No,Yes,Yes,No,Evening,High,Videos,3.2,2,Low
S01006,DBMS,Yes,Yes,Yes,No,Yes,Yes,Yes,Evening,High,Notes,0.5,6,Medium
S01007,DBMS,No,No,Yes,No,No,No,Yes,Night,High,Mixed,3.7,4,Low
S01008,OS,Yes,No,No,No,No,No,Yes,Evening,High,Mixed,2.0,4,Low
S01009,DSA,No,Yes,No,No,Yes,Yes,No,Night,High,Notes,2.0,5,Low
S01010,OS,Yes,No,No,No,No,Yes,Yes,Morning,High,Videos,0.8,4,Low
S01011,OS,No,No,No,No,No,No,Yes,Night,High,Videos,2.3,3,Low
S01012,ML,Yes,No,No,Yes,Yes,No,No,Afternoon,Low,Videos,3.0,4,Low
S01013,DSA,Yes,No,No,Yes,No,No,Yes,Afternoon,High,Mixed,0.9,5,Low
S01014,ML,No,Yes,Yes,Yes,Yes,No,Yes,Evening,Medium,Mixed,4.7,6,High
S01015,ML,Yes,No,No,No,No,Yes,No,Evening,Low,Mixed,1.8,3,Low
S01016,DBMS,Yes,No,Yes,Yes,Yes,Yes,Yes,Evening,High,Notes,5.2,8,High
S01017,CN,No,No,Yes,Yes,No,No,Yes,Afternoon,Medium,Notes,3.7,6,Medium
S01018,ML,No,Yes,No,Yes,Yes,No,Yes,Evening,High,Videos,4.4,5,High
S01019,CN,Yes,Yes,Yes,No,No,No,No,Evening,High,Notes,3.9,5,Medium
S01020,ML,Yes,No,Yes,Yes,Yes,Yes,No,Afternoon,High,Mixed,3.5,6,High
S01021,ML,No,Yes,No,No,Yes,No,No,Morning,Low,Videos,3.4,3,Low
S01022,ML,No,No,No,No,No,No,Yes,Evening,Low,Mixed,0.7,2,Low
S01023,ML,No,No,Yes,No,Yes,Yes,Yes,Evening,High,Notes,1.7,4,Medium
S01024,ML,Yes,No,No,No,No,No,No,Evening,Low,Videos,1.1,3,Low
S01025,CN,No,Yes,No,Yes,No,No,No,Evening,Low,Videos,3.7,5,Low
S01026,DBMS,Yes,No,Yes,No,Yes,Yes,Yes,Evening,Medium,Mixed,3.5,5,Medium
S01027,DBMS,No,Yes,No,No,No,Yes,Yes,Morning,Low,Videos,1.7,5,Low
S01028,OS,Yes,No,Yes,Yes,Yes,No,Yes,Evening,High,Notes,4.7,8,High
S01029,ML,No,No,No,Yes,No,No,No,Night,Medium,Notes,1.4,3,Low
S01030,ML,Yes,No,No,No,Yes,Yes,Yes,Morning,High,Notes,1.8,3,Low
S01031,CN,Yes,Yes,No,No,Yes,No,Yes,Night,High,Notes,2.3,4,Low
S01032,OS,No,Yes,No,No,No,No,No,Evening,Medium,Notes,1.7,2,Low
S01033,DSA,Yes,No,Yes,No,No,No,Yes,Night,Medium,Videos,2.5,5,Low
S01034,DSA,No,No,No,No,No,No,Yes,Evening,Medium,Videos,0.5,2,Low
S01035,DSA,Yes,No,Yes,No,Yes,No,Yes,Afternoon,High,Mixed,2.4,7,Low
S01036,CN,No,No,Yes,Yes,No,Yes,No,Evening,Medium,Mixed,3.1,5,Medium
S01037,ML,Yes,Yes,Yes,Yes,Yes,Yes,Yes,Morning,High,Mixed,2.9,7,High
S01038,ML,Yes,Yes,No,Yes,No,No,No,Morning,High,Notes,1.3,3,Low
S01039,ML,Yes,Yes,Yes,Yes,Yes,No,No,Morning,High,Videos,4.3,8,High
S01040,OS,Yes,No,Yes,Yes,Yes,No,Yes,Night,High,Mixed,2.5,6,High
S01041,DSA,Yes,No,Yes,Yes,Yes,No,Yes,Night,Medium,Mixed,2.7,8,Medium
S01042,CN,No,Yes,Yes,No,Yes,Yes,Yes,Morning,Low,Videos,2.5,5,Low
S01043,ML,No,No,No,Yes,No,No,No,Afternoon,High,Notes,3.6,3,Low
S01044,DBMS,No,Yes,Yes,No,No,No,Yes,Evening,Medium,Notes,3.6,6,Low
S01045,ML,Yes,No,No,No,Yes,No,No,Evening,High,Notes,0.6,4,Low
S01046,ML,Yes,No,No,Yes,Yes,No,Yes,Morning,High,Notes,2.5,3,Medium
S01047,ML,Yes,No,Yes,Yes,Yes,No,Yes,Afternoon,Medium,Mixed,4.7,8,High
S01048,DSA,No,Yes,No,No,No,No,Yes,Evening,Medium,Mixed,2.9,2,Low
S01049,ML,No,Yes,Yes,No,No,Yes,Yes,Morning,High,Videos,1.7,5,Medium
S01050,DBMS,Yes,Yes,Yes,No,Yes,No,Yes,Evening,High,Mixed,3.4,7,Medium
S01051,OS,No,Yes,No,Yes,No,No,Yes,Night,Medium,Videos,1.5,3,Low
S01052,OS,Yes,Yes,Yes,No,No,No,No,Night,Low,Videos,3.4,7,Low
S01053,CN,Yes,No,No,No,No,No,Yes,Evening,High,Notes,1.1,3,Low
S01054,CN,Yes,Yes,Yes,Yes,Yes,Yes,Yes,Evening,High,Mixed,3.7,6,High
S01055,CN,Yes,Yes,Yes,No,Yes,No,Yes,Night,High,Notes,1.8,7,Medium
S01056,DBMS,No,No,Yes,Yes,Yes,No,No,Night,High,Notes,4.7,7,High
S01057,DBMS,No,Yes,No,Yes,No,Yes,No,Evening,Medium,Notes,2.7,3,Low
S01058,DSA,Yes,Yes,Yes,No,Yes,No,Yes,Night,Medium,Notes,3.3,7,Low
S01059,OS,Yes,No,No,Yes,Yes,No,Yes,Evening,High,Mixed,2.5,5,Medium
S01060,ML,No,Yes,Yes,No,No,No,No,Evening,Medium,Notes,2.0,4,Low
S01061,ML,No,Yes,No,No,No,Yes,No,Evening,High,Videos,2.0,3,Low
S01062,DBMS,Yes,No,Yes,Yes,Yes,No,No,Evening,Medium,Notes,3.3,8,High
S01063,OS,Yes,Yes,Yes,No,No,Yes,Yes,Afternoon,Low,Videos,3.2,4,Low
S01064,CN,No,Yes,No,Yes,Yes,No,No,Night,Medium,Videos,4.0,5,Low
S01065,ML,Yes,Yes,Yes,Yes,No,No,Yes,Night,High,Notes,2.9,7,Medium
S01066,CN,No,Yes,No,Yes,No,Yes,Yes,Evening,High,Mixed,2.3,4,Medium
S01067,DBMS,Yes,No,Yes,No,Yes,Yes,No,Night,High,Notes,1.4,4,Medium
S01068,ML,No,Yes,Yes,No,Yes,No,Yes,Afternoon,Medium,Mixed,2.9,7,Low
S01069,OS,Yes,Yes,Yes,Yes,No,No,Yes,Evening,High,Videos,3.1,6,High
S01070,ML,Yes,Yes,Yes,Yes,Yes,Yes,Yes,Afternoon,Medium,Notes,4.2,7,High
S01071,DSA,No,No,No,No,No,Yes,Yes,Morning,Low,Videos,2.1,2,Low
S01072,DSA,Yes,Yes,Yes,No,Yes,Yes,Yes,Evening,Medium,Notes,3.4,4,Medium
S01073,ML,Yes,No,No,Yes,No,No,Yes,Morning,High,Mixed,3.3,6,Low
S01074,DSA,No,Yes,No,Yes,No,No,Yes,Afternoon,Medium,Videos,2.3,3,Medium
S01075,CN,No,No,Yes,Yes,No,Yes,Yes,Afternoon,Medium,Videos,2.4,5,Medium
S01076,DSA,Yes,Yes,Yes,Yes,Yes,No,Yes,Evening,High,Videos,5.0,6,High
S01077,DBMS,Yes,Yes,Yes,Yes,Yes,No,Yes,Evening,High,Videos,2.9,5,High
S01078,CN,Yes,Yes,Yes,No,No,No,Yes,Evening,High,Mixed,1.7,6,Low
S01079,DBMS,No,Yes,No,No,No,No,No,Morning,High,Notes,1.4,2,Low
S01080,CN,Yes,No,Yes,Yes,No,No,No,Evening,Medium,Mixed,2.3,6,Medium
S01081,DSA,Yes,No,Yes,No,No,No,No,Morning,Low,Videos,2.2,5,Low
S01082,DBMS,No,No,No,No,No,Yes,No,Night,Medium,Mixed,0.5,4,Low
S01083,DBMS,No,Yes,Yes,No,Yes,Yes,Yes,Night,Medium,Mixed,2.6,7,Medium
S01084,OS,No,No,No,Yes,Yes,Yes,Yes,Night,High,Mixed,1.6,6,Low
S01085,DBMS,No,Yes,No,Yes,No,No,Yes,Evening,High,Mixed,2.8,5,Low
S01086,CN,No,No,Yes,Yes,Yes,No,Yes,Night,Medium,Videos,4.0,5,High
S01087,DSA,No,No,No,Yes,Yes,Yes,Yes,Evening,Medium,Mixed,1.8,3,Medium
S01088,DBMS,No,No,Yes,No,No,Yes,Yes,Afternoon,Medium,Videos,1.3,5,Low
S01089,DSA,Yes,No,No,No,No,No,Yes,Night,Medium,Videos,1.0,2,Low
S01090,CN,Yes,No,Yes,Yes,Yes,No,Yes,Morning,Medium,Videos,3.6,6,High
S01091,ML,Yes,Yes,No,No,No,No,Yes,Evening,High,Notes,2.2,3,Low
S01092,DSA,No,Yes,No,No,No,No,No,Night,High,Videos,0.5,2,Low
S01093,OS,Yes,No,Yes,No,Yes,No,Yes,Afternoon,Low,Mixed,4.0,6,Low
S01094,CN,Yes,Yes,No,No,Yes,Yes,No,Afternoon,High,Mixed,1.7,5,Low
S01095,DSA,Yes,Yes,Yes,No,Yes,No,Yes,Morning,Medium,Mixed,2.6,5,Medium
S01096,CN,Yes,No,Yes,No,Yes,No,Yes,Evening,Low,Mixed,2.0,6,Low
S01097,OS,Yes,Yes,No,Yes,No,No,No,Evening,High,Videos,2.0,3,Low
S01098,CN,No,No,No,No,No,Yes,Yes,Evening,High,Notes,0.5,3,Low
S01099,CN,No,Yes,No,Yes,Yes,No,No,Afternoon,Medium,Mixed,2.9,5,Low
S01100,DSA,Yes,Yes,No,No,No,No,Yes,Evening,High,Notes,2.5,3,Low
S01101,CN,Yes,No,Yes,No,Yes,No,Yes,Night,High,Notes,5.0,4,High
S01102,DBMS,Yes,Yes,Yes,Yes,No,No,Yes,Night,High,Videos,3.2,6,Medium
S01103,DBMS,No,No,Yes,Yes,No,Yes,Yes,Afternoon,Medium,Notes,3.5,8,Medium
S01104,ML,No,No,Yes,Yes,Yes,No,No,Evening,Medium,Notes,4.1,8,High
S01105,CN,Yes,No,No,No,No,Yes,Yes,Night,High,Videos,3.1,4,Low
S01106,DBMS,No,Yes,Yes,Yes,Yes,No,Yes,Evening,Low,Videos,3.9,8,High
S01107,DBMS,Yes,No,No,No,No,No,Yes,Night,High,Notes,0.7,5,Low
S01108,DSA,Yes,Yes,Yes,Yes,Yes,No,Yes,Evening,Medium,Videos,3.7,6,High
S01109,DSA,No,Yes,No,Yes,No,No,No,Afternoon,High,Notes,1.2,5,Low
S01110,DBMS,Yes,Yes,Yes,Yes,Yes,No,Yes,Evening,Medium,Videos,5.4,8,High
S01111,OS,Yes,Yes,Yes,No,No,No,Yes,Evening,High,Videos,2.9,6,Medium
S01112,CN,Yes,Yes,Yes,Yes,Yes,Yes,Yes,Afternoon,Low,Mixed,4.8,7,High
S01113,DBMS,Yes,Yes,Yes,No,Yes,No,Yes,Morning,Low,Mixed,2.4,6,Medium
S01114,ML,No,Yes,No,No,No,No,No,Night,Low,Videos,1.9,5,Low
S01115,DBMS,No,No,No,No,No,No,Yes,Night,High,Videos,1.4,3,Low
S01116,ML,Yes,Yes,Yes,Yes,Yes,Yes,Yes,Morning,Medium,Notes,2.2,5,Medium
S01117,DSA,Yes,Yes,Yes,Yes,Yes,No,Yes,Evening,Medium,Videos,2.8,5,High
S01118,CN,No,Yes,Yes,Yes,No,Yes,Yes,Evening,High,Notes,3.6,5,Low
S01119,DSA,Yes,Yes,Yes,Yes,Yes,Yes,No,Evening,Medium,Mixed,6.1,7,High
S01120,OS,No,No,No,No,No,No,No,Night,Medium,Mixed,2.3,4,Low
S01121,OS,No,No,Yes,Yes,Yes,No,Yes,Night,High,Videos,4.5,5,High
S01122,DSA,Yes,Yes,Yes,No,Yes,No,Yes,Night,Medium,Notes,4.5,6,Medium
S01123,DSA,No,No,No,Yes,Yes,Yes,No,Morning,High,Videos,2.4,4,Low
S01124,OS,Yes,Yes,Yes,Yes,No,No,Yes,Evening,Medium,Mixed,3.8,5,Medium
S01125,CN,Yes,No,No,No,Yes,No,No,Morning,High,Videos,1.1,2,Low
S01126,DBMS,Yes,Yes,No,No,Yes,No,Yes,Evening,Medium,Mixed,2.1,4,Low
S01127,CN,Yes,Yes,No,Yes,Yes,No,Yes,Evening,High,Mixed,2.3,3,Low
S01128,DBMS,No,Yes,No,No,No,No,Yes,Night,High,Notes,2.3,5,Low
S01129,DSA,No,Yes,Yes,Yes,Yes,No,Yes,Night,High,Notes,2.1,7,High
S01130,DBMS,No,No,Yes,Yes,No,Yes,Yes,Morning,Medium,Videos,2.4,7,Low
S01131,DBMS,No,Yes,No,Yes,No,No,No,Night,Low,Notes,3.6,5,Low
S01132,ML,Yes,Yes,Yes,Yes,No,No,Yes,Evening,High,Mixed,4.2,7,Medium
S01133,DBMS,Yes,Yes,Yes,Yes,No,No,Yes,Night,High,Notes,3.4,6,High
S01134,OS,No,No,No,No,No,No,No,Morning,Medium,Notes,2.0,4,Low
S01135,CN,No,No,No,No,No,Yes,Yes,Afternoon,High,Notes,1.8,3,Low
S01136,DBMS,Yes,No,Yes,Yes,No,No,Yes,Evening,Medium,Notes,5.4,7,Medium
S01137,OS,Yes,No,Yes,Yes,Yes,No,Yes,Night,High,Mixed,4.1,8,High
S01138,CN,Yes,No,No,No,No,No,No,Morning,High,Notes,1.9,5,Low
S01139,ML,Yes,Yes,Yes,Yes,No,Yes,Yes,Evening,High,Notes,2.8,6,Medium
S01140,CN,No,Yes,No,No,No,No,No,Morning,High,Mixed,1.6,4,Low
S01141,ML,Yes,Yes,Yes,Yes,No,No,Yes,Afternoon,Low,Notes,2.0,6,Medium
S01142,DSA,No,Yes,No,Yes,No,No,No,Evening,Medium,Mixed,2.5,4,Low
S01143,CN,No,No,No,Yes,Yes,No,No,Afternoon,High,Mixed,3.3,6,Low
S01144,OS,No,Yes,Yes,Yes,No,Yes,No,Afternoon,High,Notes,3.6,6,High
S01145,OS,Yes,Yes,No,No,Yes,No,Yes,Evening,Medium,Videos,3.2,2,Low
S01146,CN,Yes,No,Yes,Yes,No,Yes,No,Night,High,Notes,4.5,6,High
S01147,OS,No,Yes,Yes,No,Yes,No,Yes,Morning,Medium,Videos,4.4,7,Low
S01148,DBMS,No,Yes,Yes,Yes,No,No,No,Afternoon,High,Mixed,2.3,6,Medium
S01149,ML,Yes,Yes,Yes,Yes,No,No,Yes,Evening,High,Mixed,4.1,6,Medium
S01150,OS,No,No,Yes,Yes,Yes,No,Yes,Night,Medium,Mixed,4.4,7,High
S01151,OS,Yes,Yes,Yes,Yes,No,Yes,Yes,Evening,Medium,Notes,4.2,5,Medium
S01152,DSA,No,Yes,No,Yes,No,No,No,Afternoon,High,Mixed,2.1,3,Medium
S01153,CN,Yes,Yes,No,Yes,Yes,No,No,Morning,High,Notes,3.0,5,High
S01154,DBMS,Yes,No,Yes,Yes,Yes,No,Yes,Afternoon,High,Videos,3.2,8,High
S01155,ML,Yes,Yes,Yes,Yes,Yes,No,No,Evening,High,Videos,5.1,5,High
S01156,OS,Yes,Yes,Yes,Yes,Yes,No,Yes,Afternoon,High,Mixed,4.0,6,High
S01157,ML,Yes,No,Yes,Yes,No,No,Yes,Evening,Low,Mixed,4.8,7,Medium
S01158,OS,Yes,No,No,No,Yes,No,Yes,Afternoon,High,Mixed,1.1,3,Medium
S01159,OS,Yes,Yes,No,No,No,Yes,Yes,Afternoon,Medium,Videos,1.7,5,Low
S01160,CN,No,Yes,Yes,Yes,Yes,No,No,Evening,High,Mixed,4.0,8,High
S01161,CN,Yes,Yes,Yes,Yes,Yes,No,Yes,Evening,High,Mixed,2.4,7,High
S01162,ML,No,No,Yes,Yes,Yes,No,Yes,Night,High,Mixed,4.6,5,High
S01163,ML,No,Yes,Yes,No,Yes,No,No,Evening,High,Mixed,4.1,6,Low
S01164,CN,Yes,No,Yes,Yes,No,No,Yes,Night,Low,Videos,2.6,8,Medium
S01165,DSA,Yes,No,Yes,Yes,Yes,No,No,Afternoon,High,Mixed,3.9,5,High
S01166,DSA,No,No,Yes,No,No,No,No,Evening,Medium,Mixed,1.8,4,Low
S01167,DBMS,No,Yes,Yes,Yes,No,No,Yes,Evening,Medium,Mixed,4.5,8,Medium
S01168,DBMS,Yes,No,No,Yes,No,No,Yes,Evening,High,Mixed,0.8,5,Medium
S01169,OS,No,No,No,No,No,Yes,No,Afternoon,High,Videos,0.5,4,Low
S01170,ML,Yes,No,Yes,Yes,Yes,No,Yes,Morning,High,Videos,4.6,7,High
S01171,DBMS,Yes,Yes,Yes,No,No,No,Yes,Evening,High,Mixed,3.0,4,Medium
S01172,CN,No,No,No,Yes,No,No,Yes,Evening,Medium,Mixed,2.9,4,Low
S01173,DBMS,Yes,No,Yes,Yes,No,No,Yes,Evening,Medium,Videos,3.5,6,Medium
S01174,ML,No,No,No,Yes,Yes,Yes,No,Evening,High,Mixed,3.8,5,High
S01175,OS,Yes,No,Yes,No,Yes,Yes,No,Evening,High,Videos,3.1,6,Low
S01176,DBMS,No,No,No,Yes,Yes,Yes,No,Morning,High,Notes,2.6,4,Medium
S01177,ML,Yes,Yes,Yes,Yes,Yes,No,No,Night,Medium,Videos,5.7,6,High
S01178,ML,Yes,No,No,No,Yes,No,No,Evening,High,Mixed,2.5,3,Low
S01179,DBMS,Yes,No,Yes,No,Yes,No,Yes,Morning,Medium,Mixed,2.8,7,Medium
S01180,OS,Yes,No,No,Yes,Yes,No,Yes,Afternoon,High,Videos,2.8,5,Low
S01181,OS,No,Yes,No,No,Yes,No,No,Afternoon,Medium,Mixed,1.1,3,Low
S01182,OS,Yes,Yes,Yes,No,Yes,No,No,Morning,High,Videos,4.4,6,Medium
S01183,OS,Yes,No,No,No,No,No,Yes,Morning,Medium,Mixed,0.6,2,Low
S01184,ML,Yes,No,Yes,No,No,No,No,Night,Medium,Mixed,2.5,7,Medium
S01185,CN,Yes,Yes,Yes,No,Yes,No,No,Evening,Medium,Mixed,3.5,7,Low
S01186,OS,No,Yes,Yes,No,Yes,No,Yes,Evening,High,Videos,1.4,7,Medium
S01187,ML,Yes,No,No,Yes,Yes,Yes,Yes,Night,High,Videos,2.6,4,High
S01188,OS,No,No,No,No,No,No,Yes,Evening,High,Notes,1.5,5,Low
S01189,ML,Yes,Yes,Yes,Yes,No,No,Yes,Afternoon,High,Notes,2.7,7,High
S01190,CN,No,Yes,No,No,Yes,Yes,Yes,Afternoon,Medium,Notes,1.8,5,Low
S01191,DBMS,Yes,Yes,No,No,Yes,Yes,Yes,Morning,High,Mixed,2.7,5,Medium
S01192,CN,Yes,Yes,No,Yes,Yes,No,No,Afternoon,High,Videos,4.0,5,High
S01193,CN,No,No,Yes,Yes,Yes,No,Yes,Night,Medium,Notes,4.2,6,High
S01194,DBMS,No,No,No,No,Yes,No,No,Evening,High,Videos,0.7,4,Low
S01195,OS,No,No,Yes,Yes,No,Yes,No,Evening,Medium,Videos,2.8,6,Medium
S01196,DBMS,Yes,No,Yes,No,Yes,No,No,Evening,High,Notes,2.5,6,Medium
S01197,CN,Yes,Yes,Yes,No,Yes,Yes,Yes,Evening,Medium,Mixed,2.0,5,Medium
S01198,DSA,No,Yes,No,No,No,No,Yes,Evening,High,Videos,0.5,5,Low
S01199,DSA,Yes,Yes,Yes,Yes,No,Yes,Yes,Evening,High,Videos,3.5,8,High
S01200,OS,No,Yes,No,No,Yes,No,No,Afternoon,High,Mixed,1.5,5,Low
S01201,CN,Yes,No,Yes,No,No,No,Yes,Afternoon,Low,Notes,3.1,6,Low
S01202,OS,Yes,Yes,Yes,Yes,Yes,No,No,Afternoon,High,Videos,4.9,6,High
S01203,CN,No,No,No,No,No,No,No,Evening,Medium,Notes,0.5,5,Low
S01204,DBMS,No,Yes,No,No,Yes,No,Yes,Morning,Medium,Videos,3.8,5,Low
S01205,DSA,Yes,Yes,No,Yes,Yes,Yes,Yes,Morning,Medium,Notes,3.4,6,Low
S01206,OS,Yes,Yes,Yes,Yes,Yes,Yes,Yes,Evening,Medium,Mixed,4.4,8,High
S01207,OS,Yes,Yes,Yes,Yes,No,No,Yes,Night,High,Mixed,3.8,8,High
S01208,DSA,Yes,No,No,Yes,No,Yes,Yes,Afternoon,Medium,Videos,2.2,5,Low
S01209,OS,Yes,No,No,Yes,Yes,No,No,Morning,High,Mixed,1.7,3,Medium
S01210,OS,Yes,Yes,Yes,Yes,Yes,No,Yes,Evening,High,Videos,3.8,8,High
S01211,OS,No,No,No,No,No,No,Yes,Morning,Low,Mixed,0.5,3,Low
S01212,CN,No,No,Yes,No,Yes,Yes,No,Afternoon,Low,Mixed,4.7,6,Low
S01213,DSA,Yes,Yes,Yes,No,No,No,Yes,Evening,Medium,Mixed,1.9,7,Medium
S01214,CN,Yes,Yes,Yes,Yes,Yes,No,Yes,Night,High,Videos,4.1,7,High
S01215,DBMS,Yes,Yes,Yes,No,No,No,No,Night,High,Videos,1.3,4,Low
S01216,CN,Yes,Yes,No,No,No,No,Yes,Evening,Medium,Notes,2.6,5,Low
S01217,CN,Yes,No,Yes,Yes,No,No,Yes,Night,High,Videos,3.3,6,High
S01218,DBMS,Yes,Yes,No,No,No,No,No,Evening,Low,Notes,2.5,3,Low
S01219,ML,No,No,No,No,Yes,No,No,Evening,Medium,Videos,3.1,4,Low
S01220,ML,Yes,No,Yes,No,Yes,No,No,Evening,Medium,Mixed,1.6,4,Low
S01221,DBMS,Yes,Yes,Yes,Yes,No,Yes,Yes,Evening,High,Mixed,3.1,5,High
S01222,ML,Yes,No,Yes,No,No,No,No,Evening,High,Notes,2.1,5,Low
S01223,OS,No,Yes,Yes,Yes,Yes,No,Yes,Night,Medium,Mixed,3.0,8,High
S01224,ML,No,No,No,Yes,Yes,Yes,Yes,Night,Medium,Notes,3.6,3,Low
S01225,CN,Yes,Yes,No,Yes,Yes,Yes,No,Evening,Medium,Notes,2.9,6,Medium
S01226,DSA,No,Yes,Yes,Yes,Yes,No,No,Morning,High,Notes,4.1,8,High
S01227,DBMS,Yes,Yes,Yes,Yes,Yes,No,Yes,Evening,Low,Videos,3.7,6,Medium
S01228,DSA,Yes,No,Yes,Yes,No,No,Yes,Afternoon,High,Videos,3.4,8,Medium
S01229,ML,No,No,Yes,Yes,No,Yes,Yes,Afternoon,High,Videos,2.9,8,Medium
S01230,CN,Yes,No,Yes,No,Yes,No,Yes,Evening,High,Notes,4.1,6,Medium
S01231,ML,Yes,Yes,Yes,No,No,Yes,Yes,Night,Medium,Videos,2.8,6,Low
S01232,OS,Yes,No,Yes,No,Yes,No,Yes,Night,High,Mixed,1.7,5,Low
S01233,DSA,Yes,Yes,Yes,Yes,No,No,Yes,Evening,Medium,Videos,3.5,6,High
S01234,DBMS,No,No,Yes,No,No,Yes,Yes,Evening,Medium,Notes,2.4,5,Low
S01235,DBMS,Yes,No,Yes,Yes,Yes,No,No,Afternoon,Low,Mixed,4.3,5,Medium
S01236,DSA,Yes,No,Yes,Yes,No,Yes,Yes,Evening,Medium,Videos,3.2,8,Low
S01237,OS,Yes,Yes,Yes,Yes,Yes,No,Yes,Morning,Low,Notes,4.1,6,High
S01238,DSA,Yes,No,Yes,Yes,Yes,No,Yes,Morning,High,Mixed,4.4,6,High
S01239,DBMS,Yes,No,Yes,No,Yes,No,Yes,Morning,High,Mixed,4.2,6,Medium
S01240,CN,Yes,Yes,No,No,No,No,No,Night,High,Notes,1.5,4,Low
S01241,ML,No,No,Yes,No,Yes,No,Yes,Night,High,Mixed,3.3,6,High
S01242,OS,Yes,Yes,Yes,Yes,No,No,Yes,Evening,High,Mixed,4.9,6,High
S01243,CN,Yes,Yes,Yes,Yes,Yes,No,No,Morning,Medium,Notes,4.4,7,High
S01244,OS,Yes,No,Yes,Yes,No,No,Yes,Evening,High,Notes,0.5,7,Medium
S01245,OS,Yes,No,Yes,Yes,Yes,Yes,Yes,Afternoon,Medium,Mixed,2.9,6,High
S01246,DBMS,Yes,Yes,No,No,No,No,Yes,Night,High,Notes,1.5,3,Low
S01247,ML,Yes,Yes,No,No,No,No,Yes,Evening,Medium,Videos,2.1,5,Low
S01248,DBMS,Yes,Yes,Yes,Yes,No,No,No,Evening,High,Mixed,4.5,6,Low
S01249,ML,No,Yes,Yes,No,No,No,Yes,Evening,High,Notes,1.0,7,Low
S01250,CN,No,No,No,No,No,No,No,Evening,High,Mixed,0.8,5,Low
S01251,ML,Yes,Yes,Yes,Yes,No,Yes,Yes,Night,Medium,Notes,3.6,8,Medium
S01252,DSA,Yes,No,Yes,Yes,No,No,Yes,Afternoon,High,Notes,3.0,8,Medium
S01253,OS,Yes,Yes,No,Yes,Yes,No,Yes,Night,Medium,Notes,2.9,4,Low
S01254,ML,Yes,Yes,Yes,No,Yes,Yes,No,Evening,Low,Videos,2.9,5,Medium
S01255,DBMS,Yes,Yes,Yes,No,No,Yes,Yes,Afternoon,Medium,Notes,2.8,7,Low
S01256,DBMS,No,Yes,Yes,Yes,No,Yes,Yes,Afternoon,Low,Videos,4.8,5,Low
S01257,CN,No,Yes,Yes,No,Yes,No,Yes,Afternoon,High,Notes,2.9,7,Medium
S01258,ML,No,Yes,No,No,No,No,No,Morning,Medium,Mixed,1.2,3,Low
S01259,DBMS,Yes,Yes,Yes,Yes,No,No,Yes,Afternoon,High,Mixed,3.6,5,High
S01260,OS,No,Yes,Yes,Yes,Yes,No,Yes,Morning,High,Mixed,4.0,5,High
S01261,CN,Yes,No,Yes,Yes,Yes,No,Yes,Afternoon,High,Notes,6.1,8,High
S01262,ML,Yes,No,Yes,Yes,Yes,Yes,Yes,Evening,High,Videos,3.6,7,High
S01263,CN,Yes,Yes,Yes,Yes,Yes,No,Yes,Evening,Medium,Videos,4.4,8,High
S01264,ML,No,Yes,Yes,Yes,Yes,No,No,Evening,Low,Notes,3.4,5,Medium
S01265,DBMS,Yes,Yes,Yes,Yes,No,No,Yes,Afternoon,Medium,Notes,3.0,5,Low
S01266,ML,No,Yes,Yes,No,No,Yes,Yes,Morning,Medium,Notes,1.6,6,Low
S01267,DBMS,Yes,No,No,Yes,No,No,No,Evening,Medium,Mixed,2.5,4,Low
S01268,DBMS,No,No,Yes,No,No,No,Yes,Night,High,Videos,1.3,7,Low
S01269,DBMS,Yes,Yes,No,Yes,Yes,No,Yes,Evening,High,Videos,2.9,4,High
S01270,DSA,Yes,Yes,Yes,Yes,Yes,No,Yes,Evening,High,Mixed,4.9,5,High
S01271,OS,No,Yes,Yes,No,No,No,Yes,Evening,High,Notes,3.1,7,Low
S01272,CN,Yes,Yes,No,No,No,No,Yes,Evening,High,Notes,1.4,2,Low
S01273,ML,Yes,No,No,No,Yes,No,No,Evening,High,Videos,3.9,2,Low
S01274,DBMS,Yes,Yes,Yes,Yes,No,No,Yes,Afternoon,High,Notes,2.6,5,High
S01275,CN,Yes,Yes,Yes,Yes,Yes,Yes,Yes,Night,High,Mixed,5.3,6,High
S01276,DBMS,Yes,Yes,No,No,No,No,Yes,Morning,Medium,Mixed,0.9,3,Low
S01277,DBMS,Yes,Yes,Yes,Yes,Yes,No,No,Afternoon,Medium,Videos,4.4,5,High
S01278,DBMS,Yes,Yes,Yes,No,No,Yes,Yes,Night,High,Mixed,1.8,6,Low
S01279,DBMS,No,Yes,No,No,No,No,No,Night,High,Videos,1.8,4,Low
S01280,CN,Yes,Yes,No,Yes,Yes,No,No,Morning,Medium,Mixed,4.0,3,Medium
S01281,DBMS,Yes,Yes,Yes,No,No,No,Yes,Evening,High,Mixed,2.1,4,Medium
S01282,ML,Yes,No,Yes,No,No,No,No,Evening,High,Videos,3.8,6,Low
S01283,CN,Yes,Yes,No,No,Yes,No,No,Evening,Low,Mixed,2.0,4,Low
S01284,DSA,No,Yes,Yes,Yes,No,Yes,Yes,Night,High,Mixed,2.7,7,High
S01285,CN,No,No,No,No,No,No,No,Night,Medium,Mixed,2.8,4,Low
S01286,ML,No,Yes,Yes,No,Yes,No,No,Evening,High,Notes,2.5,5,High
S01287,DBMS,Yes,No,No,Yes,No,Yes,Yes,Evening,Medium,Videos,0.6,3,Low
S01288,CN,Yes,No,Yes,Yes,Yes,Yes,No,Night,High,Videos,2.4,5,High
S01289,CN,Yes,Yes,Yes,No,No,Yes,Yes,Evening,High,Videos,3.0,5,Medium
S01290,DBMS,Yes,Yes,Yes,No,Yes,No,No,Morning,Medium,Videos,2.3,6,Medium
S01291,OS,Yes,No,No,No,No,No,No,Night,High,Videos,1.2,5,Low
S01292,CN,No,Yes,No,No,No,No,No,Evening,Medium,Mixed,1.2,3,Low
S01293,DBMS,Yes,Yes,Yes,Yes,Yes,No,No,Night,Low,Videos,5.0,6,Medium
S01294,OS,Yes,Yes,Yes,Yes,No,No,No,Evening,High,Mixed,3.9,6,Medium
S01295,ML,Yes,Yes,Yes,No,Yes,No,Yes,Morning,Low,Mixed,3.7,5,Low
S01296,ML,Yes,No,No,Yes,Yes,No,No,Evening,High,Notes,3.3,5,Medium
S01297,ML,Yes,No,Yes,Yes,No,No,No,Night,High,Videos,3.0,6,Medium
S01298,CN,Yes,No,Yes,No,No,No,No,Morning,High,Mixed,1.7,7,Low
S01299,ML,No,No,No,Yes,No,No,No,Afternoon,High,Mixed,1.2,3,Low
S01300,OS,Yes,No,Yes,Yes,No,No,Yes,Afternoon,High,Videos,3.6,6,Medium
S01301,DSA,Yes,Yes,Yes,Yes,Yes,Yes,No,Morning,High,Videos,3.5,7,High
S01302,DSA,Yes,No,Yes,Yes,Yes,No,Yes,Evening,Medium,Mixed,4.7,7,High
S01303,ML,No,No,No,Yes,No,No,No,Morning,Low,Videos,2.1,6,Low
S01304,CN,Yes,No,No,Yes,No,No,Yes,Night,Medium,Notes,2.8,5,Low
S01305,OS,No,No,No,No,No,No,No,Morning,High,Videos,3.0,3,Low
S01306,ML,No,No,Yes,No,Yes,No,Yes,Morning,High,Mixed,5.0,5,High
S01307,CN,Yes,Yes,No,No,No,No,Yes,Afternoon,Low,Videos,1.4,3,Low
S01308,CN,No,No,Yes,Yes,Yes,No,No,Evening,Medium,Notes,4.5,5,Medium
S01309,DBMS,Yes,Yes,No,Yes,No,No,Yes,Night,Medium,Notes,0.8,6,Medium
S01310,CN,No,Yes,Yes,No,Yes,Yes,Yes,Evening,High,Mixed,2.1,7,Low
S01311,CN,Yes,Yes,No,No,No,No,No,Night,High,Videos,1.6,2,Low
S01312,ML,No,No,No,No,Yes,Yes,Yes,Evening,High,Notes,2.8,2,Low
S01313,DBMS,Yes,No,No,Yes,No,Yes,Yes,Morning,Medium,Mixed,1.8,6,Low
S01314,CN,Yes,Yes,Yes,Yes,No,No,No,Night,High,Notes,2.5,5,Low
S01315,OS,Yes,Yes,No,No,No,No,No,Evening,High,Mixed,0.8,5,Low
S01316,ML,No,Yes,No,Yes,No,No,Yes,Evening,Low,Videos,3.0,3,Low
S01317,ML,Yes,Yes,Yes,No,Yes,No,Yes,Evening,High,Notes,3.2,5,Medium
S01318,OS,Yes,Yes,Yes,Yes,Yes,Yes,Yes,Afternoon,High,Mixed,4.2,8,High
S01319,OS,No,No,No,No,No,Yes,No,Evening,High,Notes,1.8,3,Low
S01320,CN,No,Yes,No,Yes,Yes,Yes,No,Afternoon,High,Videos,3.4,6,Low
S01321,OS,Yes,Yes,No,No,Yes,No,Yes,Afternoon,High,Videos,2.1,5,Low
S01322,OS,Yes,Yes,Yes,No,No,No,No,Afternoon,High,Mixed,2.8,7,Low
S01323,OS,Yes,Yes,Yes,Yes,Yes,No,Yes,Evening,High,Videos,4.2,5,High
S01324,DSA,No,No,Yes,No,No,No,Yes,Night,High,Videos,0.8,5,Low
S01325,OS,Yes,Yes,Yes,Yes,Yes,Yes,Yes,Night,High,Notes,4.4,6,High
S01326,DBMS,No,Yes,No,No,Yes,No,Yes,Morning,Medium,Mixed,2.3,5,Low
S01327,DSA,Yes,No,Yes,No,Yes,No,Yes,Night,Medium,Notes,3.2,5,Low
S01328,DBMS,Yes,Yes,No,No,Yes,No,No,Afternoon,High,Notes,1.2,5,Low
S01329,DBMS,Yes,No,Yes,No,No,No,Yes,Evening,Low,Mixed,2.2,5,Low
S01330,DBMS,Yes,No,Yes,Yes,Yes,No,Yes,Morning,High,Videos,3.8,6,High
S01331,OS,No,No,No,Yes,No,No,No,Morning,High,Videos,0.5,6,Low
S01332,DSA,Yes,No,Yes,No,Yes,No,Yes,Night,High,Notes,3.1,6,Low
S01333,DBMS,Yes,Yes,No,No,Yes,No,No,Evening,Medium,Notes,2.0,5,Low
S01334,DSA,No,Yes,No,No,No,No,No,Afternoon,Medium,Mixed,1.9,2,Low
S01335,ML,No,Yes,No,No,No,No,Yes,Night,High,Notes,1.2,3,Low
S01336,DBMS,No,Yes,No,No,No,No,No,Night,High,Notes,1.3,3,Low
S01337,DSA,Yes,Yes,Yes,Yes,Yes,Yes,Yes,Evening,High,Mixed,3.9,8,High
S01338,DSA,Yes,Yes,Yes,Yes,Yes,Yes,Yes,Afternoon,High,Videos,2.3,5,High
S01339,OS,No,No,No,No,No,Yes,No,Afternoon,High,Mixed,0.9,3,Low
S01340,ML,Yes,Yes,Yes,No,No,No,Yes,Evening,Low,Notes,2.6,7,Low
S01341,DBMS,Yes,No,No,No,Yes,Yes,Yes,Afternoon,Medium,Notes,0.8,2,Low
S01342,OS,No,Yes,Yes,Yes,Yes,No,No,Evening,High,Mixed,3.8,6,High
S01343,ML,Yes,Yes,No,Yes,Yes,No,Yes,Night,High,Videos,2.2,5,Medium
S01344,ML,Yes,Yes,Yes,Yes,No,No,Yes,Night,High,Notes,2.5,5,High
S01345,DBMS,No,No,No,Yes,Yes,No,No,Evening,High,Videos,3.4,4,High
S01346,OS,Yes,Yes,Yes,Yes,Yes,Yes,Yes,Night,High,Notes,2.7,7,High
S01347,ML,Yes,No,Yes,No,Yes,No,No,Evening,Low,Mixed,2.6,4,Low
S01348,OS,Yes,Yes,No,No,No,No,Yes,Evening,High,Videos,0.5,2,Low
S01349,DSA,Yes,Yes,Yes,No,Yes,Yes,No,Afternoon,High,Notes,2.6,7,High
S01350,CN,Yes,No,Yes,Yes,No,No,Yes,Afternoon,Low,Notes,1.5,7,Low
S01351,CN,No,Yes,Yes,No,Yes,No,Yes,Evening,High,Mixed,3.2,4,Medium
S01352,ML,No,Yes,No,No,No,Yes,Yes,Night,High,Videos,2.4,5,Low
S01353,ML,Yes,Yes,Yes,Yes,No,No,Yes,Evening,High,Videos,3.0,6,Medium
S01354,DBMS,Yes,Yes,Yes,No,No,No,No,Evening,High,Videos,2.6,5,Medium
S01355,ML,No,Yes,Yes,No,No,No,Yes,Afternoon,High,Mixed,1.7,5,Medium
S01356,DBMS,Yes,Yes,Yes,Yes,Yes,Yes,Yes,Night,High,Mixed,3.3,6,High
S01357,DBMS,Yes,Yes,No,No,No,No,Yes,Evening,Medium,Notes,1.9,3,Low
S01358,CN,Yes,No,No,Yes,Yes,No,Yes,Night,Medium,Mixed,2.1,3,Medium
S01359,OS,No,Yes,Yes,Yes,No,Yes,Yes,Night,High,Videos,2.4,6,Medium
S01360,DBMS,Yes,Yes,Yes,Yes,Yes,No,No,Evening,High,Notes,2.0,7,High
S01361,DSA,No,No,Yes,Yes,No,No,Yes,Evening,Medium,Videos,2.3,6,Medium
S01362,ML,Yes,Yes,No,No,No,No,Yes,Morning,High,Notes,0.9,4,Low
S01363,CN,Yes,No,No,Yes,No,No,Yes,Evening,High,Videos,0.8,3,Medium
S01364,CN,Yes,Yes,Yes,No,Yes,No,Yes,Evening,High,Videos,2.9,4,Medium
S01365,DBMS,Yes,No,Yes,No,Yes,No,Yes,Morning,High,Notes,3.3,7,Medium
S01366,DBMS,Yes,No,No,No,No,No,Yes,Night,High,Notes,0.7,5,Low
S01367,DSA,Yes,Yes,Yes,Yes,No,No,Yes,Evening,Medium,Notes,3.2,6,High
S01368,DSA,Yes,No,Yes,Yes,Yes,No,Yes,Night,Medium,Mixed,3.4,8,High
S01369,DBMS,Yes,No,Yes,Yes,No,Yes,No,Night,Low,Mixed,4.6,7,Low
S01370,CN,Yes,No,No,Yes,No,No,Yes,Afternoon,High,Videos,0.7,4,Low
S01371,DSA,Yes,Yes,Yes,Yes,No,Yes,Yes,Morning,Medium,Videos,4.0,6,Low
S01372,OS,No,Yes,No,No,No,No,No,Morning,High,Mixed,1.7,4,Low
S01373,ML,Yes,Yes,No,No,No,No,Yes,Morning,Low,Notes,0.5,4,Low
S01374,CN,No,No,Yes,Yes,No,Yes,Yes,Afternoon,High,Mixed,3.2,8,High
S01375,OS,No,Yes,Yes,Yes,Yes,No,Yes,Morning,Medium,Videos,4.0,7,High
S01376,DSA,Yes,Yes,Yes,No,Yes,Yes,Yes,Evening,Medium,Mixed,4.1,4,Low
S01377,DSA,No,No,No,No,Yes,Yes,No,Evening,High,Mixed,2.3,2,Low
S01378,DSA,No,Yes,Yes,No,Yes,No,Yes,Night,High,Notes,1.5,5,Medium
S01379,ML,No,No,No,No,Yes,No,No,Night,High,Videos,2.1,3,Low
S01380,DBMS,Yes,Yes,No,No,No,No,No,Morning,High,Notes,2.1,4,Low
S01381,ML,Yes,No,No,Yes,No,Yes,Yes,Night,Medium,Mixed,4.0,6,Low
S01382,DBMS,Yes,Yes,Yes,No,Yes,No,Yes,Evening,High,Videos,2.3,7,Medium
S01383,DBMS,Yes,Yes,Yes,Yes,No,Yes,Yes,Evening,High,Mixed,4.8,5,High
S01384,DBMS,No,No,Yes,No,No,Yes,Yes,Afternoon,Medium,Mixed,2.6,7,Low
S01385,CN,No,Yes,Yes,Yes,No,No,Yes,Evening,Medium,Notes,1.7,5,Medium
S01386,DBMS,Yes,Yes,Yes,No,No,No,No,Afternoon,Medium,Notes,3.9,4,Low
S01387,CN,No,Yes,No,No,No,Yes,Yes,Evening,High,Mixed,0.7,4,Low
S01388,ML,Yes,No,No,No,Yes,Yes,Yes,Evening,Medium,Notes,2.8,5,Low
S01389,DSA,No,Yes,No,No,No,No,Yes,Morning,Medium,Notes,0.5,3,Low
S01390,DSA,Yes,Yes,Yes,No,Yes,Yes,Yes,Afternoon,High,Notes,4.1,5,Medium
S01391,ML,No,Yes,Yes,Yes,Yes,Yes,Yes,Evening,High,Videos,4.1,5,High
S01392,OS,No,Yes,No,No,No,No,No,Afternoon,High,Mixed,0.9,4,Low
S01393,CN,Yes,No,Yes,Yes,Yes,Yes,Yes,Night,High,Videos,3.1,5,High
S01394,DBMS,Yes,Yes,Yes,Yes,No,No,Yes,Evening,High,Notes,2.7,5,Medium
S01395,OS,No,No,Yes,No,Yes,No,Yes,Night,High,Videos,2.4,5,Medium
S01396,DBMS,Yes,No,Yes,Yes,No,No,Yes,Evening,High,Notes,1.8,7,High
S01397,OS,Yes,No,Yes,No,Yes,No,No,Night,High,Mixed,2.0,5,Medium
S01398,OS,No,No,Yes,Yes,No,No,Yes,Morning,High,Notes,5.1,7,High
S01399,ML,Yes,Yes,No,No,No,Yes,No,Morning,High,Notes,1.1,4,Low
S01400,ML,Yes,No,Yes,Yes,No,No,No,Afternoon,Medium,Notes,3.5,5,Low
S01401,OS,Yes,No,Yes,No,No,No,No,Night,High,Notes,1.9,6,Medium
S01402,CN,Yes,No,Yes,Yes,Yes,Yes,Yes,Evening,High,Notes,4.9,5,Medium
S01403,ML,No,Yes,No,No,No,No,No,Afternoon,High,Videos,2.2,3,Low
S01404,CN,Yes,Yes,Yes,Yes,Yes,No,Yes,Morning,Medium,Notes,3.4,6,High
S01405,DBMS,Yes,No,Yes,No,No,No,Yes,Night,Medium,Mixed,1.7,5,Low
S01406,ML,Yes,Yes,Yes,Yes,Yes,No,Yes,Night,Medium,Mixed,2.8,5,High
S01407,CN,No,No,No,No,Yes,No,No,Afternoon,High,Mixed,1.3,2,Low
S01408,DBMS,Yes,Yes,No,Yes,Yes,No,Yes,Morning,High,Notes,3.4,3,Low
S01409,ML,No,No,Yes,No,No,No,Yes,Night,High,Notes,2.1,6,Low
S01410,CN,No,Yes,No,Yes,No,No,No,Evening,Medium,Mixed,1.5,4,Low
S01411,ML,No,Yes,No,No,No,No,Yes,Afternoon,High,Videos,0.8,5,Low
S01412,DSA,No,Yes,No,Yes,Yes,Yes,Yes,Night,High,Notes,4.0,5,Medium
S01413,DBMS,No,No,No,Yes,No,Yes,Yes,Night,High,Notes,1.8,6,Low
S01414,DSA,No,No,No,Yes,No,No,No,Morning,High,Notes,2.7,6,Low
S01415,DSA,Yes,No,No,No,No,Yes,No,Evening,High,Mixed,1.8,3,Low
S01416,OS,No,No,No,Yes,No,No,Yes,Evening,Low,Videos,2.4,4,Low
S01417,DSA,Yes,No,No,No,No,Yes,No,Evening,High,Videos,1.0,5,Low
S01418,CN,Yes,Yes,No,Yes,No,Yes,Yes,Evening,High,Videos,3.4,3,Low
S01419,CN,No,No,Yes,No,No,Yes,No,Morning,High,Notes,2.9,4,Low
S01420,CN,No,No,No,Yes,Yes,Yes,No,Evening,Medium,Notes,2.7,6,Medium
S01421,OS,No,No,No,Yes,No,No,No,Evening,Medium,Videos,1.6,6,Low
S01422,DBMS,Yes,Yes,Yes,No,No,No,No,Evening,Low,Notes,1.8,6,Low
S01423,DBMS,Yes,No,Yes,No,No,No,No,Morning,High,Mixed,3.6,7,Low
S01424,ML,Yes,Yes,No,No,No,No,Yes,Night,Medium,Videos,2.2,5,Low
S01425,OS,Yes,Yes,Yes,No,No,No,Yes,Evening,High,Videos,4.1,5,Medium
S01426,DBMS,Yes,No,Yes,Yes,No,No,Yes,Night,High,Videos,3.5,7,High
S01427,DBMS,Yes,No,Yes,No,Yes,No,Yes,Evening,Medium,Mixed,3.6,5,Low
S01428,DBMS,Yes,Yes,No,No,No,No,Yes,Night,Medium,Mixed,0.5,2,Low
S01429,DBMS,No,Yes,No,No,No,No,Yes,Morning,High,Videos,2.0,3,Low
S01430,DSA,Yes,No,Yes,No,No,No,Yes,Night,Medium,Mixed,3.3,5,Low
S01431,DBMS,No,Yes,No,Yes,No,No,Yes,Night,High,Notes,3.6,6,Low
S01432,ML,Yes,Yes,No,No,No,No,No,Evening,Low,Mixed,0.5,5,Low
S01433,DSA,Yes,No,Yes,No,No,Yes,Yes,Morning,High,Mixed,1.0,4,Medium
S01434,DSA,Yes,No,Yes,Yes,Yes,No,Yes,Night,High,Mixed,4.4,8,High
S01435,DSA,Yes,Yes,Yes,Yes,No,No,Yes,Evening,Medium,Videos,3.5,8,High
S01436,CN,No,No,No,No,No,No,Yes,Evening,Medium,Videos,0.5,2,Low
S01437,CN,Yes,Yes,Yes,Yes,No,No,Yes,Evening,High,Videos,3.7,6,High
S01438,DBMS,Yes,Yes,Yes,Yes,No,No,Yes,Afternoon,High,Videos,3.0,6,Medium
S01439,DBMS,No,No,Yes,No,Yes,No,Yes,Morning,Low,Mixed,2.3,7,Low
S01440,DBMS,No,No,No,No,No,No,Yes,Night,Medium,Mixed,0.6,4,Low
S01441,DSA,Yes,Yes,Yes,Yes,Yes,No,Yes,Afternoon,Medium,Notes,3.1,8,High
S01442,DBMS,Yes,Yes,Yes,No,No,No,No,Evening,Medium,Videos,1.8,6,Medium
S01443,CN,Yes,Yes,Yes,Yes,No,No,Yes,Evening,High,Videos,1.8,5,Medium
S01444,DBMS,Yes,Yes,No,Yes,No,No,Yes,Night,Low,Mixed,3.9,4,Low
S01445,DSA,Yes,Yes,No,Yes,No,No,No,Afternoon,Medium,Mixed,3.7,5,Low
S01446,DBMS,Yes,Yes,No,No,No,Yes,Yes,Night,Medium,Mixed,2.5,4,Low
S01447,ML,No,No,Yes,No,Yes,Yes,Yes,Morning,High,Notes,3.0,7,Medium
S01448,ML,Yes,Yes,Yes,Yes,Yes,No,Yes,Night,Medium,Videos,3.1,5,High
S01449,ML,No,No,No,No,No,No,No,Night,High,Mixed,0.5,4,Low
S01450,ML,Yes,Yes,Yes,No,Yes,Yes,Yes,Night,Medium,Mixed,3.7,7,Medium
S01451,DBMS,No,No,Yes,No,Yes,No,No,Morning,High,Notes,2.7,7,Medium
S01452,DSA,Yes,No,Yes,No,Yes,No,Yes,Evening,High,Videos,4.6,6,Medium
S01453,DBMS,No,Yes,No,No,No,No,No,Night,High,Notes,1.5,4,Low
S01454,DSA,No,Yes,No,No,No,No,Yes,Night,High,Mixed,1.5,5,Low
S01455,DSA,Yes,No,No,No,No,No,Yes,Night,High,Mixed,0.6,3,Low
S01456,ML,Yes,Yes,No,No,No,No,Yes,Evening,High,Mixed,3.1,5,Low
S01457,CN,Yes,Yes,No,No,No,Yes,No,Night,High,Mixed,0.5,4,Low
S01458,CN,Yes,Yes,No,No,No,Yes,Yes,Morning,High,Notes,1.5,4,Low
S01459,DBMS,No,No,No,Yes,Yes,Yes,No,Afternoon,High,Mixed,2.2,5,High
S01460,CN,Yes,Yes,Yes,Yes,Yes,No,No,Evening,Medium,Mixed,4.7,5,High
S01461,ML,No,No,Yes,Yes,No,No,Yes,Night,High,Notes,3.3,5,Medium
S01462,DBMS,Yes,Yes,No,Yes,No,No,No,Afternoon,High,Mixed,1.5,3,Medium
S01463,OS,Yes,No,Yes,Yes,Yes,No,No,Night,High,Videos,4.1,6,High
S01464,DBMS,Yes,Yes,No,Yes,No,No,No,Afternoon,High,Mixed,3.4,6,Low
S01465,ML,No,No,Yes,Yes,No,No,Yes,Evening,Medium,Notes,3.6,8,Medium
S01466,ML,No,No,Yes,No,Yes,No,No,Evening,Low,Videos,3.7,6,Low
S01467,OS,Yes,Yes,No,Yes,No,No,No,Night,Medium,Videos,3.2,3,Low
S01468,DBMS,Yes,Yes,No,No,No,No,Yes,Evening,High,Videos,1.1,3,Low
S01469,DBMS,No,No,No,No,Yes,No,No,Afternoon,Medium,Videos,3.6,2,Low
S01470,DBMS,Yes,No,Yes,No,No,No,Yes,Night,Medium,Mixed,2.5,6,Low
S01471,CN,No,Yes,Yes,Yes,Yes,No,Yes,Night,High,Notes,3.8,8,High
S01472,DBMS,Yes,Yes,Yes,No,Yes,No,Yes,Evening,High,Mixed,4.9,5,High
S01473,CN,Yes,Yes,No,Yes,Yes,Yes,Yes,Night,Medium,Mixed,2.7,3,Medium
S01474,CN,Yes,Yes,Yes,No,No,No,Yes,Morning,Medium,Videos,3.1,4,Low
S01475,OS,Yes,Yes,Yes,Yes,Yes,No,Yes,Evening,Medium,Notes,2.3,5,High
S01476,OS,Yes,Yes,Yes,Yes,Yes,No,No,Evening,Medium,Videos,2.6,7,High
S01477,DBMS,Yes,Yes,No,Yes,Yes,Yes,No,Evening,Medium,Notes,3.8,5,Medium
S01478,CN,No,No,Yes,No,Yes,No,Yes,Afternoon,Low,Mixed,2.5,6,Low
S01479,OS,Yes,No,No,No,No,Yes,Yes,Morning,High,Videos,2.1,5,Low
S01480,CN,Yes,No,Yes,No,Yes,Yes,Yes,Evening,Medium,Mixed,4.4,4,Medium
S01481,ML,Yes,No,No,No,Yes,No,Yes,Evening,High,Videos,1.1,2,Low
S01482,CN,Yes,No,No,Yes,Yes,Yes,No,Evening,High,Mixed,5.1,4,Low
S01483,OS,Yes,Yes,Yes,No,Yes,No,Yes,Night,High,Mixed,2.2,6,Medium
S01484,ML,Yes,No,Yes,Yes,Yes,No,Yes,Night,Medium,Mixed,4.2,6,High
S01485,DSA,No,Yes,No,No,No,No,Yes,Night,High,Notes,2.5,4,Low
S01486,OS,Yes,Yes,Yes,No,No,Yes,Yes,Afternoon,High,Videos,2.8,4,Low
S01487,ML,No,No,No,Yes,Yes,Yes,Yes,Night,High,Notes,3.5,6,Medium
S01488,DBMS,Yes,No,Yes,Yes,Yes,No,Yes,Evening,Medium,Notes,3.3,6,High
S01489,CN,No,Yes,Yes,No,Yes,Yes,Yes,Night,High,Notes,2.8,6,Medium
S01490,OS,Yes,No,No,No,No,Yes,No,Evening,High,Notes,1.8,5,Low
S01491,DSA,Yes,Yes,Yes,No,Yes,No,Yes,Morning,High,Videos,3.7,5,High
S01492,DSA,No,Yes,No,No,No,Yes,Yes,Evening,Medium,Videos,0.5,2,Low
S01493,DSA,No,Yes,No,No,No,No,No,Morning,High,Mixed,2.0,2,Low
S01494,ML,No,Yes,No,Yes,Yes,Yes,No,Night,High,Notes,2.4,3,Medium
S01495,DBMS,Yes,No,Yes,Yes,Yes,Yes,No,Evening,Medium,Notes,3.3,8,High
S01496,OS,No,Yes,Yes,No,No,No,Yes,Evening,High,Videos,3.7,7,Medium
S01497,OS,No,Yes,No,Yes,No,No,Yes,Morning,Medium,Videos,2.1,6,Low
S01498,ML,No,No,Yes,No,Yes,Yes,No,Afternoon,Low,Notes,3.1,5,Medium
S01499,CN,Yes,Yes,No,Yes,No,Yes,Yes,Afternoon,High,Notes,2.8,5,Low
S01500,ML,No,Yes,No,No,No,No,No,Morning,Medium,Videos,2.0,2,Low
S01501,ML,No,No,Yes,Yes,Yes,No,Yes,Morning,High,Mixed,3.9,7,High
S01502,DBMS,No,No,Yes,No,No,No,Yes,Evening,Medium,Mixed,2.5,7,Low
S01503,DBMS,Yes,Yes,No,No,No,No,Yes,Morning,Medium,Videos,0.8,3,Low
S01504,DSA,Yes,No,No,No,No,No,Yes,Evening,High,Mixed,1.7,5,Low
S01505,DSA,No,No,Yes,Yes,Yes,No,No,Evening,Medium,Videos,4.2,8,Medium
S01506,CN,Yes,Yes,Yes,No,Yes,No,Yes,Afternoon,Medium,Videos,4.0,4,Medium
S01507,DSA,No,No,Yes,Yes,No,No,No,Night,Medium,Videos,4.3,8,Medium
S01508,OS,Yes,Yes,Yes,Yes,Yes,No,Yes,Evening,High,Videos,3.3,5,High
S01509,CN,Yes,No,No,No,No,No,No,Night,High,Notes,2.4,2,Low
S01510,CN,No,Yes,No,No,Yes,No,No,Afternoon,Medium,Videos,1.2,5,Low
S01511,DSA,Yes,Yes,No,Yes,No,Yes,No,Morning,Medium,Videos,2.5,6,Medium
S01512,DBMS,Yes,No,Yes,Yes,Yes,Yes,No,Morning,Medium,Videos,5.0,7,High
S01513,ML,No,No,No,No,No,No,No,Afternoon,Medium,Mixed,2.7,4,Low
S01514,DSA,No,Yes,Yes,Yes,No,No,No,Afternoon,High,Mixed,3.8,5,Medium
S01515,ML,No,Yes,No,Yes,No,No,Yes,Afternoon,High,Videos,3.3,4,Low
S01516,CN,Yes,Yes,Yes,Yes,No,No,Yes,Afternoon,Medium,Videos,3.7,7,Medium
S01517,CN,Yes,No,No,No,No,Yes,Yes,Morning,Medium,Videos,1.1,5,Low
S01518,ML,No,Yes,No,No,No,Yes,No,Night,Low,Mixed,2.6,4,Low
S01519,DSA,Yes,Yes,Yes,Yes,Yes,No,No,Afternoon,High,Mixed,1.8,8,High
S01520,ML,Yes,No,No,No,Yes,No,Yes,Evening,High,Notes,2.6,2,Low
S01521,DSA,Yes,Yes,No,No,No,No,Yes,Night,High,Videos,1.1,2,Low
S01522,CN,Yes,Yes,No,Yes,No,No,No,Night,Medium,Notes,2.3,4,Low
S01523,CN,No,No,No,No,No,No,No,Evening,High,Videos,3.6,3,Low
S01524,DBMS,No,Yes,No,No,Yes,Yes,No,Afternoon,High,Videos,2.7,5,Low
S01525,OS,No,No,No,No,Yes,Yes,No,Night,High,Notes,1.6,4,Medium
S01526,DBMS,Yes,No,No,No,Yes,Yes,No,Night,Low,Mixed,0.5,2,Low
S01527,DBMS,Yes,Yes,Yes,Yes,No,No,Yes,Night,Medium,Mixed,2.6,8,Medium
S01528,DBMS,Yes,No,No,No,No,No,No,Evening,High,Videos,2.3,4,Low
S01529,OS,Yes,No,No,Yes,No,No,Yes,Morning,High,Notes,1.9,3,Low
S01530,CN,Yes,No,Yes,No,Yes,No,Yes,Evening,High,Mixed,3.0,7,Medium
S01531,OS,Yes,No,No,No,No,No,No,Afternoon,Medium,Mixed,1.2,4,Low
S01532,CN,Yes,Yes,Yes,Yes,No,No,No,Morning,Medium,Mixed,2.5,5,Medium
S01533,CN,Yes,Yes,Yes,Yes,Yes,Yes,No,Evening,Medium,Videos,5.5,7,High
S01534,OS,No,No,Yes,No,No,No,Yes,Evening,High,Notes,2.7,7,Medium
S01535,DSA,Yes,Yes,Yes,Yes,No,No,Yes,Evening,Medium,Mixed,3.7,7,Medium
S01536,OS,Yes,Yes,Yes,Yes,Yes,No,No,Evening,High,Notes,5.6,7,High
S01537,CN,No,No,Yes,No,Yes,Yes,Yes,Morning,High,Videos,2.9,5,Medium
S01538,OS,No,Yes,Yes,Yes,Yes,No,Yes,Evening,High,Mixed,3.5,8,High
S01539,DBMS,No,No,Yes,Yes,No,Yes,Yes,Afternoon,High,Notes,3.4,7,High
S01540,DBMS,Yes,No,Yes,Yes,No,No,Yes,Evening,Low,Mixed,2.1,6,Low
S01541,ML,No,No,No,No,Yes,No,No,Evening,High,Mixed,2.3,2,Low
S01542,ML,Yes,Yes,Yes,Yes,No,Yes,Yes,Evening,Medium,Notes,3.3,7,Medium
S01543,DSA,Yes,Yes,Yes,No,No,No,Yes,Night,High,Notes,2.3,6,Low
S01544,DBMS,Yes,No,Yes,No,No,No,No,Night,High,Notes,3.5,6,Low
S01545,DSA,Yes,Yes,Yes,Yes,Yes,Yes,Yes,Night,High,Notes,4.1,8,High
S01546,ML,Yes,No,Yes,Yes,No,No,Yes,Evening,Medium,Notes,3.6,8,High
S01547,DBMS,Yes,No,No,Yes,No,Yes,Yes,Night,High,Notes,2.6,3,Low
S01548,DSA,No,Yes,No,No,No,No,Yes,Evening,Medium,Videos,1.9,4,Low
S01549,DSA,Yes,Yes,Yes,Yes,Yes,No,Yes,Morning,High,Mixed,3.7,5,High
S01550,OS,Yes,No,Yes,Yes,Yes,No,Yes,Evening,High,Mixed,2.5,7,High
S01551,DBMS,Yes,Yes,Yes,No,Yes,Yes,Yes,Evening,Medium,Videos,2.3,7,Low
S01552,ML,Yes,No,No,Yes,No,No,No,Night,Medium,Videos,2.0,3,Low
S01553,ML,Yes,No,No,No,No,No,No,Evening,Low,Mixed,2.1,2,Low
S01554,DSA,Yes,Yes,Yes,No,No,Yes,Yes,Afternoon,High,Mixed,2.9,7,Medium
S01555,ML,Yes,No,Yes,Yes,Yes,No,Yes,Evening,High,Videos,5.1,6,High
S01556,CN,No,Yes,No,No,No,No,Yes,Evening,High,Mixed,1.6,5,Low
S01557,DSA,No,Yes,Yes,No,No,Yes,Yes,Evening,High,Mixed,4.9,4,Low
S01558,DSA,Yes,No,Yes,Yes,Yes,No,Yes,Afternoon,High,Mixed,5.0,6,High
S01559,DSA,No,No,No,No,Yes,No,No,Afternoon,High,Notes,1.5,4,Low
S01560,DBMS,No,No,No,Yes,No,No,Yes,Night,High,Mixed,2.2,5,Low
S01561,DBMS,No,No,Yes,Yes,No,No,Yes,Evening,Medium,Videos,2.9,6,Medium
S01562,DSA,Yes,Yes,No,No,Yes,No,No,Night,High,Mixed,2.7,3,Low
S01563,CN,No,Yes,Yes,Yes,No,No,Yes,Night,Medium,Mixed,3.8,7,Medium
S01564,DBMS,No,Yes,Yes,Yes,Yes,No,Yes,Night,Medium,Notes,4.5,6,High
S01565,OS,No,Yes,No,No,No,Yes,Yes,Evening,High,Mixed,0.5,5,Low
S01566,DBMS,Yes,Yes,Yes,No,No,No,No,Afternoon,High,Mixed,1.8,4,Low
S01567,CN,Yes,Yes,Yes,Yes,Yes,Yes,Yes,Night,High,Mixed,3.0,8,High
S01568,ML,Yes,No,No,Yes,Yes,Yes,Yes,Evening,High,Videos,3.0,4,High
S01569,ML,Yes,Yes,Yes,Yes,No,No,Yes,Afternoon,Medium,Notes,2.4,7,High
S01570,ML,Yes,No,No,No,No,No,No,Night,High,Notes,0.9,2,Low
S01571,OS,Yes,No,Yes,Yes,Yes,Yes,Yes,Evening,High,Mixed,2.8,7,High
S01572,DBMS,Yes,No,Yes,Yes,Yes,No,Yes,Night,High,Mixed,4.0,5,High
S01573,DSA,Yes,Yes,No,No,No,Yes,No,Evening,Medium,Mixed,3.1,2,Low
S01574,CN,No,No,Yes,Yes,No,Yes,No,Evening,Low,Mixed,4.0,8,Low
S01575,DBMS,Yes,No,No,Yes,No,No,No,Evening,High,Videos,3.2,3,Low
S01576,CN,Yes,Yes,Yes,No,Yes,Yes,Yes,Afternoon,High,Notes,4.9,7,High
S01577,CN,No,Yes,No,No,Yes,No,No,Evening,High,Notes,2.8,4,Low
S01578,DBMS,No,Yes,No,Yes,Yes,Yes,Yes,Evening,Low,Mixed,3.3,5,Medium
S01579,ML,No,No,No,No,Yes,No,Yes,Evening,High,Notes,0.5,2,Low
S01580,DBMS,No,No,Yes,Yes,Yes,Yes,Yes,Afternoon,High,Videos,4.8,8,High
S01581,ML,No,No,Yes,Yes,No,Yes,Yes,Night,High,Videos,2.9,8,High
S01582,CN,Yes,No,No,No,No,No,Yes,Night,High,Videos,1.9,5,Low
S01583,OS,Yes,Yes,No,Yes,Yes,No,No,Morning,High,Notes,3.6,4,Low
S01584,DBMS,Yes,Yes,Yes,Yes,No,Yes,Yes,Evening,High,Mixed,3.1,5,Medium
S01585,DBMS,Yes,No,Yes,Yes,Yes,Yes,Yes,Afternoon,High,Notes,4.0,8,High
S01586,DSA,No,No,Yes,Yes,No,No,No,Afternoon,Medium,Videos,1.9,7,Medium
S01587,CN,Yes,No,Yes,No,No,No,Yes,Afternoon,Medium,Videos,1.5,6,Medium
S01588,DBMS,Yes,Yes,Yes,Yes,Yes,No,Yes,Afternoon,High,Mixed,3.9,8,High
S01589,OS,Yes,Yes,No,Yes,No,Yes,No,Evening,High,Videos,0.5,4,Low
S01590,CN,Yes,Yes,Yes,Yes,Yes,Yes,Yes,Afternoon,Medium,Videos,5.4,5,High
S01591,ML,Yes,Yes,Yes,No,No,No,No,Afternoon,High,Videos,2.4,5,Low
S01592,DBMS,Yes,Yes,Yes,Yes,Yes,No,Yes,Evening,High,Videos,4.2,7,High
S01593,CN,No,No,Yes,Yes,No,No,Yes,Night,Medium,Mixed,1.9,7,Medium
S01594,DBMS,Yes,No,Yes,No,Yes,Yes,Yes,Evening,Medium,Videos,2.4,6,Medium
S01595,DSA,No,Yes,No,Yes,Yes,No,Yes,Morning,High,Videos,2.6,3,Medium
S01596,DSA,No,Yes,Yes,No,Yes,No,No,Evening,Low,Videos,1.3,6,Low
S01597,DSA,Yes,Yes,No,No,No,No,Yes,Night,High,Mixed,1.8,5,Low
S01598,DBMS,Yes,Yes,Yes,No,Yes,No,Yes,Evening,High,Mixed,4.2,4,Medium
S01599,ML,No,No,No,Yes,Yes,Yes,Yes,Night,High,Notes,2.9,6,High
S01600,CN,Yes,Yes,No,No,Yes,No,Yes,Morning,High,Mixed,2.2,5,Low
S01601,OS,No,No,Yes,Yes,Yes,No,Yes,Afternoon,High,Mixed,3.7,7,High
S01602,CN,Yes,Yes,Yes,Yes,Yes,No,Yes,Evening,High,Videos,3.1,5,High
S01603,CN,No,Yes,No,No,No,Yes,Yes,Evening,Medium,Notes,1.5,4,Low
S01604,ML,No,No,Yes,Yes,Yes,No,Yes,Afternoon,High,Videos,4.0,6,High
S01605,CN,Yes,Yes,Yes,Yes,No,Yes,Yes,Night,High,Videos,3.8,8,High
S01606,OS,Yes,Yes,No,No,No,No,Yes,Evening,Low,Notes,0.7,2,Low
S01607,DSA,No,No,No,Yes,Yes,No,No,Night,Medium,Videos,2.9,3,Low
S01608,OS,Yes,Yes,No,Yes,No,No,Yes,Night,High,Videos,1.8,5,Medium
S01609,DBMS,Yes,Yes,Yes,Yes,Yes,No,Yes,Morning,High,Videos,3.6,6,High
S01610,OS,Yes,Yes,Yes,Yes,No,No,No,Night,High,Mixed,3.6,6,Low
S01611,ML,Yes,Yes,Yes,Yes,Yes,No,Yes,Evening,Medium,Mixed,1.9,8,High
S01612,DBMS,No,No,Yes,No,Yes,Yes,No,Night,High,Mixed,4.0,5,Medium
S01613,ML,No,Yes,No,Yes,No,Yes,Yes,Afternoon,Medium,Mixed,2.6,4,Low
S01614,ML,Yes,No,Yes,Yes,Yes,No,Yes,Morning,Medium,Videos,5.1,6,High
S01615,OS,No,No,No,Yes,No,No,No,Evening,Medium,Mixed,0.5,5,Low
S01616,DSA,Yes,Yes,Yes,Yes,Yes,No,Yes,Morning,High,Notes,4.7,5,High
S01617,DSA,Yes,Yes,Yes,Yes,Yes,No,Yes,Evening,Low,Videos,3.0,6,High
S01618,CN,Yes,Yes,Yes,Yes,Yes,Yes,No,Night,Medium,Videos,4.7,5,High
S01619,ML,No,Yes,No,Yes,Yes,Yes,No,Night,High,Videos,3.6,3,High
S01620,OS,Yes,Yes,Yes,No,No,No,Yes,Afternoon,Medium,Mixed,4.1,7,Low
S01621,DSA,Yes,No,No,Yes,Yes,No,No,Evening,High,Notes,3.3,6,Medium
S01622,ML,Yes,Yes,Yes,Yes,Yes,No,Yes,Afternoon,Medium,Notes,2.0,8,Medium
S01623,CN,No,No,Yes,Yes,Yes,No,No,Afternoon,Low,Mixed,3.4,7,Low
S01624,DSA,Yes,No,No,No,No,Yes,No,Afternoon,High,Notes,1.9,5,Low
S01625,CN,Yes,No,No,No,Yes,No,No,Evening,Medium,Notes,2.2,3,Low
S01626,CN,No,Yes,Yes,No,Yes,Yes,Yes,Afternoon,High,Notes,2.1,4,High
S01627,DSA,Yes,Yes,Yes,No,No,No,No,Morning,High,Videos,3.1,7,Low
S01628,OS,Yes,No,No,Yes,No,No,Yes,Afternoon,Medium,Videos,4.6,4,Low
S01629,ML,Yes,Yes,Yes,Yes,No,No,Yes,Morning,High,Videos,3.4,6,Low
S01630,DSA,Yes,No,Yes,No,Yes,No,Yes,Morning,Medium,Videos,4.1,4,Low
S01631,OS,Yes,No,Yes,No,Yes,Yes,Yes,Evening,High,Videos,3.4,5,Low
S01632,OS,No,No,Yes,Yes,Yes,No,Yes,Evening,Low,Videos,3.1,6,Medium
S01633,OS,No,Yes,No,Yes,No,No,Yes,Night,High,Notes,1.1,4,Low
S01634,OS,No,Yes,No,No,No,No,Yes,Afternoon,High,Videos,1.7,3,Low
S01635,DSA,No,No,Yes,Yes,Yes,Yes,Yes,Morning,High,Videos,4.1,5,High
S01636,CN,Yes,Yes,Yes,Yes,Yes,Yes,Yes,Evening,High,Notes,3.6,7,High
S01637,ML,Yes,No,Yes,Yes,Yes,No,Yes,Evening,High,Videos,3.9,8,High
S01638,CN,No,No,No,No,Yes,No,Yes,Night,Medium,Notes,1.1,4,Low
S01639,ML,Yes,No,No,No,No,No,No,Evening,Low,Notes,1.4,5,Low
S01640,CN,No,No,No,No,No,No,No,Night,Low,Videos,1.5,3,Low
S01641,ML,No,No,No,Yes,No,No,Yes,Morning,High,Videos,1.7,4,Low
S01642,CN,Yes,Yes,Yes,No,Yes,No,No,Night,High,Videos,2.1,5,Medium
S01643,DSA,Yes,Yes,Yes,No,Yes,Yes,Yes,Evening,Medium,Mixed,1.9,6,High
S01644,OS,Yes,No,Yes,Yes,Yes,No,Yes,Night,Medium,Notes,5.8,7,High
S01645,DSA,Yes,No,Yes,Yes,No,No,Yes,Morning,Low,Mixed,2.3,8,Medium
S01646,CN,Yes,Yes,Yes,Yes,No,No,No,Afternoon,High,Mixed,3.4,7,High
S01647,DBMS,Yes,No,No,No,No,No,Yes,Evening,Medium,Mixed,2.2,3,Low
S01648,OS,No,Yes,Yes,No,Yes,No,Yes,Morning,High,Mixed,4.1,7,Medium
S01649,ML,No,Yes,No,No,Yes,No,No,Evening,High,Videos,3.9,3,Low
S01650,OS,No,No,No,No,No,No,No,Afternoon,High,Mixed,0.5,2,Low
S01651,DSA,Yes,Yes,No,Yes,Yes,No,No,Evening,High,Videos,2.8,6,Medium
S01652,ML,Yes,Yes,Yes,No,No,Yes,Yes,Night,Medium,Mixed,1.6,6,Low
S01653,ML,Yes,No,Yes,No,No,Yes,Yes,Evening,Medium,Notes,2.7,5,Low
S01654,DSA,Yes,No,No,Yes,Yes,No,Yes,Night,High,Mixed,2.1,3,Medium
S01655,OS,No,Yes,Yes,No,No,Yes,Yes,Afternoon,High,Notes,2.5,5,Low
S01656,ML,Yes,No,Yes,Yes,No,No,No,Evening,High,Mixed,2.4,7,Low
S01657,OS,Yes,Yes,Yes,Yes,Yes,No,Yes,Evening,High,Videos,2.8,5,High
S01658,ML,No,No,No,No,Yes,No,Yes,Evening,Medium,Videos,1.2,3,Low
S01659,DBMS,Yes,Yes,Yes,Yes,Yes,No,Yes,Evening,High,Mixed,2.8,8,High
S01660,CN,Yes,No,No,Yes,Yes,No,No,Evening,High,Mixed,3.2,5,Medium
S01661,CN,Yes,No,Yes,Yes,Yes,No,Yes,Evening,Medium,Videos,3.6,6,High
S01662,ML,No,Yes,No,No,Yes,Yes,Yes,Afternoon,Medium,Videos,2.2,4,Low
S01663,CN,No,Yes,No,Yes,No,No,Yes,Evening,Low,Mixed,0.9,4,Low
S01664,DSA,Yes,Yes,Yes,Yes,Yes,No,No,Afternoon,High,Notes,4.1,8,High
S01665,OS,No,No,Yes,Yes,Yes,Yes,No,Morning,High,Notes,3.5,8,High
S01666,OS,No,No,Yes,Yes,No,Yes,Yes,Morning,High,Videos,4.5,5,Medium
S01667,CN,No,No,No,Yes,No,No,No,Night,Low,Videos,4.1,6,Low
S01668,DBMS,Yes,No,No,No,No,Yes,No,Night,Medium,Mixed,1.9,5,Low
S01669,CN,Yes,Yes,Yes,No,No,No,Yes,Night,Low,Videos,3.2,6,Low
S01670,CN,No,No,No,No,No,No,No,Evening,High,Mixed,1.2,5,Low
S01671,OS,Yes,Yes,Yes,No,No,Yes,Yes,Afternoon,Medium,Videos,2.8,6,Low
S01672,DBMS,Yes,No,Yes,Yes,Yes,No,No,Night,High,Videos,3.6,7,High
S01673,DBMS,No,Yes,Yes,Yes,No,No,Yes,Evening,High,Notes,3.4,5,Medium
S01674,CN,Yes,No,Yes,Yes,No,Yes,No,Night,Medium,Notes,3.0,6,Medium
S01675,DSA,No,Yes,Yes,Yes,No,No,Yes,Afternoon,Medium,Mixed,3.6,8,Low
S01676,OS,No,Yes,No,No,Yes,No,Yes,Night,Medium,Videos,2.5,4,Low
S01677,ML,No,Yes,No,Yes,No,No,No,Night,Medium,Notes,2.4,5,Medium
S01678,DSA,Yes,No,Yes,No,Yes,No,Yes,Evening,High,Mixed,3.3,4,Medium
S01679,ML,No,No,Yes,Yes,No,No,Yes,Afternoon,High,Notes,4.9,7,Low
S01680,CN,Yes,Yes,Yes,Yes,Yes,No,Yes,Night,Medium,Mixed,3.8,5,Medium
S01681,CN,No,Yes,Yes,No,Yes,No,No,Evening,Medium,Mixed,3.8,5,Medium
S01682,DBMS,No,Yes,No,Yes,No,Yes,Yes,Night,Medium,Videos,2.1,4,Low
S01683,CN,No,No,No,Yes,No,Yes,No,Evening,High,Mixed,3.0,5,Medium
S01684,CN,Yes,No,No,Yes,Yes,No,No,Morning,High,Mixed,3.8,6,Medium
S01685,CN,Yes,No,Yes,Yes,No,Yes,Yes,Evening,Medium,Videos,4.2,8,Medium
S01686,CN,Yes,No,No,No,Yes,No,Yes,Evening,Low,Videos,2.8,3,Low
S01687,DBMS,Yes,Yes,No,No,No,No,Yes,Night,Medium,Mixed,2.6,5,Low
S01688,ML,Yes,Yes,No,No,Yes,No,Yes,Night,High,Videos,1.3,5,Low
S01689,DBMS,Yes,No,No,No,Yes,No,Yes,Afternoon,Medium,Videos,1.2,4,Low
S01690,CN,Yes,No,Yes,No,Yes,No,No,Evening,High,Notes,4.3,7,Medium
S01691,ML,No,Yes,Yes,Yes,Yes,No,No,Evening,Medium,Mixed,3.1,6,High
S01692,DBMS,No,No,No,No,No,No,No,Evening,Medium,Mixed,1.7,5,Low
S01693,OS,Yes,Yes,No,No,Yes,Yes,No,Evening,High,Notes,3.2,5,Low
S01694,DBMS,No,Yes,No,Yes,No,Yes,No,Evening,High,Mixed,2.1,5,Low
S01695,DSA,No,Yes,No,No,No,No,Yes,Night,High,Videos,1.1,4,Low
S01696,ML,Yes,No,No,No,No,No,Yes,Night,Medium,Mixed,0.5,3,Low
S01697,CN,Yes,No,Yes,Yes,No,No,Yes,Morning,Low,Videos,3.6,5,Medium
S01698,DBMS,No,No,Yes,No,No,Yes,Yes,Morning,High,Mixed,2.6,5,Low
S01699,OS,No,No,No,Yes,No,Yes,Yes,Evening,Medium,Notes,3.7,5,Low
S01700,OS,No,No,Yes,Yes,No,Yes,Yes,Evening,Medium,Mixed,3.7,5,Medium
S01701,DSA,No,Yes,Yes,Yes,Yes,No,Yes,Night,Low,Notes,5.3,5,Medium
S01702,CN,No,No,No,No,No,No,Yes,Afternoon,High,Notes,2.5,4,Low
S01703,OS,Yes,Yes,Yes,Yes,No,No,Yes,Evening,Medium,Notes,4.1,6,Medium
S01704,DSA,No,No,No,Yes,Yes,Yes,Yes,Night,Medium,Videos,2.1,6,Low
S01705,OS,Yes,Yes,Yes,Yes,Yes,Yes,No,Afternoon,Medium,Videos,5.2,7,High
S01706,DSA,No,Yes,Yes,Yes,Yes,Yes,Yes,Morning,High,Videos,3.3,8,High
S01707,CN,Yes,Yes,No,No,Yes,Yes,No,Night,Medium,Notes,1.9,4,Low
S01708,CN,Yes,Yes,No,No,No,No,Yes,Afternoon,High,Videos,0.9,3,Low
S01709,ML,No,Yes,Yes,Yes,Yes,Yes,Yes,Night,High,Mixed,4.2,7,High
S01710,OS,Yes,No,No,Yes,Yes,Yes,Yes,Afternoon,Low,Videos,2.3,3,Medium
S01711,OS,No,No,No,Yes,Yes,No,No,Evening,High,Notes,1.5,3,High
S01712,DSA,Yes,Yes,No,No,No,No,No,Night,High,Videos,4.1,4,Low
S01713,OS,No,Yes,No,No,No,No,Yes,Afternoon,Medium,Notes,0.5,3,Low
S01714,CN,No,Yes,Yes,Yes,Yes,Yes,Yes,Evening,High,Mixed,5.1,6,High
S01715,ML,Yes,No,No,Yes,Yes,No,Yes,Evening,High,Mixed,3.9,4,Medium
S01716,DSA,No,No,No,Yes,No,Yes,Yes,Evening,High,Notes,2.9,3,Low
S01717,DBMS,Yes,Yes,Yes,No,Yes,Yes,Yes,Evening,Medium,Mixed,3.0,7,High
S01718,CN,Yes,No,Yes,Yes,Yes,No,Yes,Evening,High,Notes,2.7,7,High
S01719,DSA,No,No,No,No,Yes,No,Yes,Evening,Medium,Videos,2.3,5,Low
S01720,DSA,No,No,No,No,No,Yes,Yes,Afternoon,Low,Videos,2.7,5,Low
S01721,OS,Yes,Yes,No,Yes,No,No,No,Evening,Medium,Notes,2.9,5,Low
S01722,OS,Yes,Yes,Yes,Yes,Yes,No,Yes,Afternoon,Low,Mixed,4.0,5,High
S01723,DSA,No,No,Yes,No,Yes,No,Yes,Afternoon,Low,Videos,4.6,4,Low
S01724,CN,Yes,Yes,No,Yes,No,No,Yes,Morning,High,Notes,3.1,4,Low
S01725,OS,Yes,Yes,Yes,Yes,Yes,No,Yes,Night,High,Videos,3.8,5,High
S01726,DBMS,Yes,Yes,Yes,Yes,Yes,Yes,Yes,Evening,Medium,Mixed,4.6,5,High
S01727,DBMS,Yes,Yes,No,Yes,No,Yes,No,Afternoon,Medium,Videos,2.3,3,Medium
S01728,DBMS,No,No,No,No,No,Yes,No,Evening,Medium,Notes,0.5,3,Low
S01729,OS,Yes,No,No,Yes,No,No,Yes,Evening,Low,Notes,4.4,5,Low
S01730,OS,Yes,Yes,Yes,Yes,Yes,No,Yes,Evening,Medium,Notes,4.5,7,High
S01731,DSA,No,No,No,No,Yes,Yes,Yes,Evening,High,Notes,0.5,2,Low
S01732,ML,Yes,Yes,No,No,No,Yes,Yes,Afternoon,Medium,Videos,2.4,3,Low
S01733,DBMS,No,No,No,Yes,No,No,No,Night,High,Mixed,3.6,3,Low
S01734,CN,Yes,Yes,Yes,No,No,No,Yes,Morning,High,Notes,3.3,4,Low
S01735,CN,No,No,No,Yes,Yes,No,Yes,Afternoon,Low,Notes,4.2,6,Low
S01736,DBMS,No,No,No,No,No,No,Yes,Evening,High,Videos,2.1,5,Low
S01737,DSA,No,No,Yes,Yes,No,No,Yes,Evening,Low,Videos,2.8,8,Low
S01738,DBMS,Yes,No,Yes,Yes,No,No,Yes,Evening,High,Notes,3.8,6,High
S01739,CN,Yes,Yes,Yes,No,No,Yes,Yes,Evening,Low,Notes,3.9,5,Low
S01740,OS,No,No,No,No,No,No,No,Night,High,Notes,2.7,2,Low
S01741,DSA,Yes,No,Yes,Yes,Yes,No,Yes,Morning,Medium,Notes,3.0,8,High
S01742,OS,Yes,Yes,No,No,No,No,Yes,Morning,High,Mixed,2.9,2,Low
S01743,OS,Yes,No,Yes,Yes,Yes,No,No,Afternoon,Medium,Notes,3.6,5,High
S01744,ML,No,Yes,No,No,No,Yes,Yes,Evening,Low,Notes,1.4,2,Low
S01745,CN,No,Yes,No,No,No,No,Yes,Night,Low,Mixed,1.6,3,Low
S01746,OS,No,No,No,No,No,No,No,Morning,Medium,Notes,3.4,4,Low
S01747,DSA,No,Yes,No,Yes,Yes,No,No,Evening,High,Videos,1.7,5,Medium
S01748,DBMS,Yes,Yes,No,No,Yes,Yes,Yes,Afternoon,High,Videos,1.8,5,Low
S01749,OS,Yes,Yes,Yes,No,No,No,No,Evening,High,Notes,3.2,7,Low
S01750,ML,Yes,No,Yes,Yes,No,No,No,Evening,High,Videos,3.5,7,High
S01751,DSA,No,No,No,No,No,Yes,Yes,Afternoon,High,Videos,1.7,3,Low
S01752,ML,Yes,Yes,Yes,Yes,Yes,No,No,Afternoon,Medium,Notes,5.0,8,Medium
S01753,CN,No,No,No,Yes,No,No,Yes,Night,High,Notes,1.2,3,Low
S01754,DBMS,No,No,Yes,No,No,No,Yes,Night,High,Mixed,2.1,7,Medium
S01755,OS,Yes,No,No,Yes,No,Yes,No,Afternoon,Medium,Videos,4.9,3,Low
S01756,CN,Yes,No,No,No,No,No,Yes,Evening,Medium,Mixed,0.8,3,Low
S01757,DSA,Yes,No,No,Yes,No,Yes,Yes,Evening,High,Mixed,2.6,3,Medium
S01758,DSA,No,Yes,No,No,No,No,No,Evening,High,Mixed,1.3,3,Low
S01759,OS,No,Yes,No,No,No,No,Yes,Night,High,Mixed,0.5,3,Low
S01760,ML,No,No,No,No,No,Yes,Yes,Evening,Medium,Mixed,0.7,3,Low
S01761,DBMS,Yes,Yes,Yes,No,Yes,Yes,No,Night,Medium,Videos,2.3,5,Medium
S01762,ML,Yes,Yes,No,Yes,Yes,Yes,Yes,Evening,Medium,Videos,3.9,3,Medium
S01763,DSA,Yes,Yes,Yes,Yes,No,No,Yes,Morning,High,Mixed,2.6,5,High
S01764,DBMS,Yes,Yes,Yes,No,Yes,No,Yes,Morning,High,Mixed,4.3,7,Medium
S01765,CN,Yes,No,No,No,No,No,No,Evening,High,Mixed,1.0,2,Low
S01766,DSA,Yes,Yes,Yes,No,Yes,Yes,Yes,Evening,Low,Notes,3.7,7,Low
S01767,CN,No,No,Yes,Yes,No,No,Yes,Evening,Medium,Mixed,3.7,6,Low
S01768,DSA,Yes,No,Yes,Yes,Yes,No,No,Night,High,Notes,4.0,8,High
S01769,DBMS,Yes,Yes,No,No,No,Yes,Yes,Evening,Low,Notes,2.4,5,Low
S01770,ML,No,Yes,No,No,No,No,Yes,Evening,Medium,Mixed,1.8,4,Low
S01771,DSA,Yes,Yes,No,Yes,No,No,No,Morning,High,Notes,3.1,5,Low
S01772,OS,No,No,Yes,Yes,Yes,Yes,No,Night,High,Mixed,2.6,8,High
S01773,DBMS,No,Yes,Yes,No,Yes,No,No,Evening,High,Notes,2.1,5,Medium
S01774,OS,No,No,Yes,Yes,No,No,Yes,Evening,Medium,Mixed,2.8,5,Medium
S01775,ML,No,Yes,Yes,Yes,No,No,No,Evening,Low,Notes,2.4,5,Low
S01776,CN,Yes,Yes,Yes,No,No,No,Yes,Afternoon,High,Notes,2.9,6,Medium
S01777,CN,No,Yes,Yes,Yes,No,No,No,Evening,Medium,Mixed,3.4,7,Medium
S01778,OS,Yes,Yes,Yes,No,No,Yes,Yes,Morning,High,Mixed,4.0,6,Low
S01779,DBMS,Yes,Yes,No,No,No,No,No,Morning,High,Mixed,2.3,4,Low
S01780,CN,Yes,No,Yes,No,Yes,No,No,Afternoon,High,Notes,2.6,5,Medium
S01781,OS,Yes,Yes,Yes,No,Yes,No,No,Evening,High,Videos,3.3,5,High
S01782,ML,No,No,Yes,No,Yes,No,No,Afternoon,Low,Mixed,4.0,6,Low
S01783,DBMS,Yes,No,Yes,Yes,Yes,No,Yes,Night,Medium,Mixed,4.6,5,Medium
S01784,DBMS,Yes,No,No,No,No,No,No,Morning,High,Videos,1.7,4,Low
S01785,OS,Yes,No,No,No,No,No,No,Night,Low,Mixed,0.8,2,Low
S01786,OS,No,Yes,No,No,No,No,No,Evening,High,Notes,1.6,5,Low
S01787,ML,Yes,No,Yes,No,No,No,Yes,Night,Medium,Notes,1.7,6,Low
S01788,OS,No,Yes,No,Yes,No,Yes,Yes,Night,High,Videos,3.1,5,Low
S01789,CN,No,No,No,No,Yes,No,No,Evening,Low,Mixed,2.9,2,Low
S01790,CN,Yes,Yes,No,Yes,Yes,No,Yes,Evening,High,Mixed,2.5,6,Low
S01791,CN,No,No,No,No,No,No,No,Evening,Medium,Videos,1.8,5,Low
S01792,OS,Yes,No,Yes,Yes,Yes,No,Yes,Night,Medium,Videos,4.2,7,High
S01793,DSA,Yes,No,No,Yes,No,No,Yes,Morning,High,Videos,2.5,5,Medium
S01794,DBMS,No,Yes,No,Yes,No,No,Yes,Evening,High,Mixed,1.7,5,Low
S01795,DSA,No,No,Yes,No,No,No,Yes,Evening,High,Mixed,1.9,5,Low
S01796,ML,Yes,No,Yes,No,Yes,No,Yes,Night,High,Notes,3.8,4,Medium
S01797,ML,Yes,Yes,No,Yes,No,No,Yes,Morning,Medium,Mixed,2.8,3,Low
S01798,ML,Yes,Yes,No,Yes,Yes,No,Yes,Evening,Low,Videos,3.6,3,Low
S01799,ML,Yes,Yes,Yes,No,Yes,No,Yes,Afternoon,High,Notes,3.3,5,Medium
S01800,ML,No,Yes,Yes,Yes,Yes,No,No,Night,Low,Mixed,2.7,8,Medium
S01801,CN,Yes,No,Yes,Yes,Yes,No,Yes,Morning,High,Videos,4.1,8,High
S01802,DSA,No,Yes,No,No,No,Yes,No,Night,High,Videos,1.5,2,Low
S01803,DSA,Yes,No,No,No,Yes,No,Yes,Morning,Medium,Videos,1.6,3,Low
S01804,OS,No,No,Yes,Yes,Yes,No,No,Night,High,Mixed,2.3,7,High
S01805,ML,No,No,Yes,Yes,Yes,No,Yes,Evening,High,Notes,2.7,8,High
S01806,ML,No,No,No,Yes,No,No,No,Night,Medium,Videos,1.6,3,Low
S01807,ML,Yes,No,Yes,No,Yes,No,No,Morning,High,Notes,3.1,4,Medium
S01808,CN,Yes,Yes,Yes,No,No,Yes,Yes,Night,Medium,Mixed,3.3,5,Low
S01809,OS,Yes,Yes,Yes,Yes,Yes,No,Yes,Evening,Medium,Videos,5.3,5,High
S01810,OS,Yes,No,Yes,No,Yes,Yes,No,Morning,High,Mixed,2.7,4,Low
S01811,CN,Yes,No,No,Yes,Yes,No,No,Night,Medium,Notes,3.5,3,Medium
S01812,OS,Yes,Yes,Yes,No,No,No,Yes,Afternoon,Medium,Notes,2.8,5,Medium
S01813,CN,No,No,No,No,No,No,Yes,Afternoon,High,Notes,2.6,2,Low
S01814,CN,Yes,No,Yes,No,Yes,No,Yes,Morning,High,Videos,4.5,6,Medium
S01815,CN,No,No,No,No,Yes,No,Yes,Evening,Medium,Mixed,3.3,4,Low
S01816,CN,Yes,No,No,Yes,No,No,No,Evening,High,Notes,3.0,6,Medium
S01817,DBMS,No,No,Yes,Yes,Yes,Yes,Yes,Afternoon,Medium,Videos,3.9,5,High
S01818,CN,Yes,Yes,No,Yes,Yes,No,Yes,Evening,Medium,Mixed,3.1,6,Medium
S01819,CN,Yes,Yes,Yes,No,No,No,Yes,Night,Medium,Notes,2.6,7,Medium
S01820,DSA,Yes,Yes,No,Yes,No,No,Yes,Evening,High,Notes,2.1,5,Medium
S01821,OS,No,No,Yes,Yes,Yes,No,Yes,Night,Low,Videos,2.9,5,Medium
S01822,OS,Yes,Yes,Yes,Yes,Yes,Yes,Yes,Morning,High,Mixed,2.1,6,High
S01823,DSA,Yes,No,Yes,Yes,Yes,Yes,Yes,Evening,Low,Mixed,2.5,8,Medium
S01824,CN,Yes,No,Yes,Yes,No,No,No,Evening,High,Mixed,3.1,7,Low
S01825,DBMS,No,No,Yes,Yes,Yes,No,Yes,Evening,High,Videos,3.9,8,High
S01826,CN,Yes,Yes,Yes,Yes,Yes,No,Yes,Morning,Medium,Mixed,4.3,7,High
S01827,DBMS,Yes,Yes,Yes,Yes,No,Yes,Yes,Evening,Low,Notes,3.4,5,Medium
S01828,DSA,Yes,Yes,Yes,Yes,Yes,Yes,Yes,Morning,Low,Videos,4.6,5,High
S01829,ML,No,Yes,No,No,Yes,No,No,Morning,High,Mixed,2.0,5,Low
S01830,CN,Yes,Yes,Yes,No,No,No,Yes,Evening,High,Notes,3.4,6,Medium
S01831,ML,Yes,Yes,Yes,No,Yes,No,Yes,Evening,High,Videos,3.7,6,Medium
S01832,DSA,No,Yes,No,No,No,No,Yes,Night,High,Videos,1.0,4,Low
S01833,CN,Yes,No,No,No,No,No,Yes,Afternoon,High,Mixed,2.6,4,Low
S01834,DBMS,Yes,Yes,Yes,No,No,No,No,Night,High,Mixed,2.3,5,Medium
S01835,DSA,Yes,Yes,Yes,Yes,Yes,Yes,Yes,Evening,Medium,Mixed,3.8,8,High
S01836,DBMS,Yes,No,Yes,Yes,Yes,No,Yes,Evening,Low,Mixed,3.9,7,Medium
S01837,CN,Yes,Yes,Yes,Yes,No,No,Yes,Morning,Medium,Notes,3.9,7,Low
S01838,DSA,Yes,No,No,No,No,No,Yes,Night,High,Videos,3.1,5,Low
S01839,DSA,No,No,No,No,Yes,No,No,Evening,High,Notes,1.4,2,Low
S01840,DSA,No,Yes,No,Yes,Yes,No,Yes,Afternoon,High,Videos,3.8,5,Medium
S01841,DBMS,Yes,No,No,No,No,No,No,Evening,High,Videos,3.0,2,Low
S01842,OS,Yes,No,No,Yes,No,No,Yes,Evening,Low,Notes,3.5,3,Low
S01843,OS,Yes,No,Yes,No,Yes,No,Yes,Night,High,Videos,2.5,7,Low
S01844,OS,No,No,No,No,No,No,Yes,Night,High,Mixed,2.6,5,Low
S01845,DSA,Yes,Yes,No,Yes,Yes,Yes,Yes,Evening,Medium,Videos,3.2,4,Medium
S01846,ML,No,No,No,Yes,No,No,No,Evening,High,Videos,1.2,3,Low
S01847,DBMS,Yes,No,Yes,Yes,No,Yes,Yes,Evening,Medium,Notes,2.3,6,Low
S01848,DBMS,No,No,Yes,No,No,Yes,Yes,Afternoon,High,Videos,1.3,5,Low
S01849,CN,Yes,Yes,Yes,No,No,No,Yes,Night,High,Notes,2.6,7,Medium
S01850,DSA,No,Yes,Yes,No,No,No,Yes,Evening,Low,Mixed,2.7,7,Low
S01851,CN,Yes,Yes,No,Yes,Yes,No,Yes,Evening,High,Videos,3.0,6,High
S01852,OS,No,Yes,No,Yes,Yes,No,Yes,Morning,High,Videos,2.1,3,High
S01853,DSA,Yes,Yes,Yes,No,Yes,No,Yes,Morning,High,Mixed,2.1,4,High
S01854,CN,No,No,Yes,No,No,Yes,Yes,Afternoon,High,Mixed,2.8,6,Medium
S01855,OS,No,Yes,Yes,Yes,No,Yes,Yes,Evening,Low,Videos,3.9,7,High
S01856,DSA,No,Yes,No,Yes,No,Yes,Yes,Evening,Medium,Notes,2.3,4,Low
S01857,DSA,Yes,Yes,No,Yes,Yes,No,No,Night,Medium,Videos,2.1,4,Medium
S01858,DSA,Yes,Yes,Yes,Yes,Yes,No,Yes,Night,Medium,Mixed,3.5,8,Medium
S01859,DBMS,Yes,No,Yes,No,No,Yes,Yes,Evening,Medium,Videos,3.1,6,Medium
S01860,CN,Yes,Yes,No,No,No,No,No,Morning,High,Mixed,0.8,3,Low
S01861,DSA,Yes,No,No,Yes,No,No,Yes,Evening,Medium,Videos,2.8,3,Low
S01862,DSA,No,No,No,No,Yes,No,Yes,Night,High,Videos,1.8,5,Low
S01863,CN,No,No,Yes,Yes,Yes,No,Yes,Evening,High,Videos,3.7,8,High
S01864,DBMS,Yes,No,Yes,Yes,Yes,No,Yes,Evening,Low,Notes,4.9,7,Medium
S01865,DSA,No,Yes,No,Yes,Yes,Yes,No,Morning,Medium,Mixed,3.0,5,Low
S01866,DBMS,No,No,Yes,Yes,Yes,No,Yes,Afternoon,Medium,Videos,3.2,7,High
S01867,ML,No,Yes,No,Yes,No,No,Yes,Evening,High,Videos,1.0,6,Low
S01868,DSA,Yes,No,No,No,Yes,No,Yes,Night,Low,Notes,0.5,3,Low
S01869,DBMS,Yes,Yes,Yes,No,Yes,No,Yes,Night,Medium,Videos,3.2,5,Medium
S01870,ML,No,Yes,No,No,No,No,Yes,Night,High,Notes,1.4,2,Low
S01871,ML,Yes,Yes,No,No,No,No,No,Night,High,Notes,3.0,4,Low
S01872,CN,Yes,No,No,Yes,No,No,No,Evening,Medium,Notes,2.7,5,Low
S01873,ML,No,No,Yes,Yes,No,No,Yes,Evening,High,Mixed,3.8,7,High
S01874,DBMS,No,Yes,No,Yes,No,No,No,Afternoon,Medium,Videos,1.8,3,Medium
S01875,DSA,No,No,Yes,Yes,Yes,No,No,Night,High,Videos,3.3,6,High
S01876,DBMS,No,Yes,No,Yes,Yes,No,Yes,Evening,High,Notes,3.6,5,Medium
S01877,DBMS,Yes,No,No,No,No,No,Yes,Evening,Medium,Notes,1.2,5,Low
S01878,CN,Yes,Yes,Yes,No,No,No,Yes,Night,High,Mixed,1.7,5,Medium
S01879,OS,Yes,Yes,No,No,Yes,Yes,No,Afternoon,High,Videos,3.3,3,Low
S01880,CN,Yes,No,No,No,No,No,Yes,Evening,Medium,Videos,1.3,2,Low
S01881,DSA,Yes,No,No,No,No,Yes,No,Morning,High,Videos,0.7,2,Low
S01882,OS,No,No,Yes,No,No,No,Yes,Afternoon,Medium,Notes,4.3,4,Low
S01883,DBMS,Yes,No,No,No,No,Yes,Yes,Night,Low,Videos,0.9,5,Low
S01884,OS,No,No,No,Yes,No,No,Yes,Afternoon,High,Videos,1.9,4,Medium
S01885,OS,Yes,Yes,Yes,No,Yes,No,Yes,Night,Medium,Mixed,4.3,6,Low
S01886,DBMS,Yes,Yes,Yes,No,No,Yes,Yes,Evening,High,Mixed,4.3,4,Medium
S01887,ML,Yes,No,No,Yes,Yes,Yes,Yes,Evening,Medium,Videos,3.0,4,Medium
S01888,DSA,Yes,Yes,Yes,Yes,No,No,No,Night,High,Videos,4.8,7,High
S01889,DBMS,No,No,No,No,Yes,No,Yes,Evening,High,Notes,2.0,2,Low
S01890,DBMS,Yes,Yes,No,No,No,No,No,Afternoon,High,Mixed,0.7,5,Low
S01891,DBMS,Yes,Yes,Yes,Yes,Yes,No,Yes,Evening,Medium,Notes,3.0,5,High
S01892,OS,No,Yes,No,No,Yes,No,Yes,Evening,Medium,Notes,3.4,4,Low
S01893,DSA,Yes,No,Yes,Yes,Yes,Yes,Yes,Evening,High,Mixed,4.4,8,High
S01894,DBMS,Yes,No,Yes,Yes,Yes,No,Yes,Night,Medium,Mixed,4.2,8,High
S01895,CN,Yes,Yes,No,Yes,Yes,No,Yes,Evening,High,Mixed,2.3,5,Medium
S01896,DSA,Yes,Yes,No,Yes,No,Yes,No,Evening,Low,Videos,2.0,4,Low
S01897,DBMS,No,Yes,Yes,Yes,Yes,No,Yes,Afternoon,High,Mixed,4.3,8,High
S01898,ML,Yes,Yes,No,No,No,No,Yes,Morning,Medium,Videos,0.6,3,Low
S01899,OS,Yes,Yes,No,No,Yes,No,No,Afternoon,High,Notes,1.0,3,Low
S01900,CN,Yes,No,No,No,No,No,No,Night,High,Mixed,1.1,2,Low
S01901,DBMS,Yes,Yes,Yes,Yes,No,No,No,Morning,High,Mixed,3.4,6,Medium
S01902,ML,Yes,Yes,Yes,Yes,Yes,No,Yes,Night,Medium,Notes,3.7,5,Medium
S01903,DBMS,No,Yes,No,No,No,No,Yes,Evening,Medium,Mixed,3.0,2,Low
S01904,DBMS,Yes,Yes,No,No,No,Yes,No,Evening,Low,Videos,3.0,5,Low
S01905,ML,Yes,Yes,Yes,Yes,Yes,No,No,Night,Medium,Mixed,4.2,8,High
S01906,CN,Yes,No,Yes,Yes,Yes,Yes,Yes,Afternoon,Medium,Mixed,3.0,8,High
S01907,DBMS,Yes,No,Yes,Yes,No,No,No,Morning,High,Mixed,3.7,7,Medium
S01908,CN,Yes,No,Yes,No,No,No,No,Morning,High,Videos,2.1,7,Medium
S01909,DBMS,No,Yes,No,Yes,Yes,No,Yes,Night,High,Videos,0.5,4,Medium
S01910,DBMS,No,No,Yes,Yes,Yes,No,Yes,Evening,Medium,Videos,5.5,7,High
S01911,DBMS,Yes,No,Yes,Yes,Yes,No,Yes,Evening,High,Mixed,2.9,7,High
S01912,DBMS,Yes,No,Yes,Yes,Yes,Yes,Yes,Night,Medium,Videos,5.7,8,High
S01913,DSA,No,No,No,No,No,No,Yes,Evening,Medium,Videos,1.5,5,Low
S01914,OS,Yes,Yes,No,No,No,No,Yes,Evening,Low,Notes,2.7,3,Low
S01915,DSA,Yes,No,Yes,No,No,No,Yes,Night,High,Notes,3.9,7,Medium
S01916,DSA,Yes,No,Yes,Yes,Yes,No,Yes,Evening,Medium,Notes,4.7,5,Medium
S01917,ML,No,No,No,Yes,Yes,Yes,No,Evening,Medium,Mixed,3.2,4,Low
S01918,DSA,No,No,No,No,No,No,Yes,Evening,Medium,Videos,1.7,4,Low
S01919,DSA,Yes,No,Yes,Yes,No,No,Yes,Afternoon,High,Mixed,3.5,6,Medium
S01920,CN,No,Yes,No,No,No,No,No,Night,High,Mixed,0.5,3,Low
S01921,ML,Yes,No,Yes,No,No,No,Yes,Morning,High,Mixed,1.9,7,Medium
S01922,CN,Yes,No,Yes,Yes,No,Yes,Yes,Afternoon,High,Notes,1.6,5,Medium
S01923,ML,Yes,No,No,No,No,No,Yes,Afternoon,Medium,Notes,1.1,5,Low
S01924,DSA,Yes,No,No,Yes,Yes,No,No,Night,High,Mixed,1.6,4,Medium
S01925,ML,Yes,Yes,Yes,No,No,No,No,Evening,High,Videos,3.1,4,Low
S01926,OS,Yes,Yes,Yes,Yes,No,No,Yes,Evening,High,Notes,1.3,5,High
S01927,DBMS,Yes,Yes,Yes,Yes,No,No,Yes,Afternoon,High,Videos,3.1,5,Medium
S01928,CN,No,No,Yes,Yes,No,No,Yes,Morning,Low,Mixed,3.5,6,Low
S01929,DBMS,Yes,No,Yes,Yes,Yes,No,No,Morning,High,Mixed,4.1,8,High
S01930,OS,Yes,No,No,No,Yes,No,No,Morning,Medium,Mixed,0.7,2,Low
S01931,CN,No,No,Yes,Yes,No,Yes,Yes,Evening,High,Mixed,4.5,8,Medium
S01932,DSA,Yes,No,Yes,Yes,Yes,No,Yes,Afternoon,High,Notes,3.9,8,High
S01933,DBMS,No,Yes,No,Yes,Yes,No,Yes,Night,High,Notes,2.5,3,Medium
S01934,CN,No,No,Yes,No,No,No,Yes,Afternoon,High,Notes,1.5,7,Medium
S01935,OS,No,No,Yes,Yes,Yes,No,Yes,Night,High,Notes,3.8,5,Medium
S01936,ML,Yes,No,No,No,No,No,Yes,Night,High,Videos,0.5,5,Low
S01937,DBMS,Yes,No,Yes,No,No,Yes,Yes,Afternoon,Low,Notes,2.6,7,Low
S01938,ML,Yes,No,Yes,No,No,No,Yes,Afternoon,Medium,Mixed,0.9,6,Low
S01939,OS,Yes,Yes,Yes,No,No,No,No,Evening,High,Notes,2.0,6,Low
S01940,ML,Yes,No,Yes,No,Yes,No,Yes,Night,Medium,Mixed,2.8,4,Low
S01941,CN,Yes,Yes,Yes,Yes,No,Yes,Yes,Evening,High,Notes,2.6,6,High
S01942,ML,Yes,Yes,Yes,No,No,Yes,Yes,Evening,High,Notes,2.0,6,Medium
S01943,OS,Yes,Yes,Yes,Yes,No,Yes,Yes,Morning,High,Videos,2.8,6,High
S01944,ML,Yes,Yes,Yes,Yes,No,Yes,Yes,Night,Medium,Notes,3.3,6,Medium
S01945,OS,No,Yes,Yes,Yes,Yes,No,Yes,Afternoon,High,Videos,4.8,8,High
S01946,DBMS,No,No,No,No,No,No,No,Afternoon,Medium,Mixed,2.8,4,Low
S01947,DBMS,Yes,Yes,No,No,Yes,No,No,Afternoon,Medium,Videos,3.0,3,Low
S01948,ML,No,Yes,No,No,No,No,Yes,Evening,High,Videos,2.7,5,Low
S01949,OS,Yes,Yes,Yes,No,Yes,Yes,Yes,Evening,High,Mixed,4.1,7,Medium
S01950,CN,No,Yes,No,No,Yes,No,No,Night,Low,Notes,2.0,5,Low
S01951,OS,No,No,Yes,Yes,No,No,Yes,Morning,Medium,Videos,3.0,5,Low
S01952,CN,Yes,Yes,Yes,Yes,No,Yes,Yes,Evening,High,Videos,4.9,5,High
S01953,ML,No,Yes,No,Yes,No,No,No,Night,High,Notes,2.3,6,Low
S01954,ML,No,No,Yes,Yes,Yes,No,Yes,Night,High,Mixed,2.9,7,High
S01955,CN,No,No,Yes,No,No,No,Yes,Morning,Medium,Notes,3.0,4,Low
S01956,DSA,No,No,No,Yes,No,No,Yes,Evening,High,Videos,3.8,6,Low
S01957,ML,Yes,No,Yes,Yes,Yes,No,Yes,Night,Low,Notes,4.7,7,Medium
S01958,OS,Yes,Yes,Yes,Yes,Yes,No,Yes,Night,Medium,Notes,3.7,5,Medium
S01959,ML,No,No,Yes,Yes,No,No,Yes,Night,High,Videos,4.4,6,High
S01960,CN,Yes,Yes,No,No,Yes,No,Yes,Night,Medium,Notes,1.2,4,Low
S01961,DSA,Yes,Yes,Yes,No,No,No,Yes,Morning,High,Videos,2.9,4,Low
S01962,DBMS,Yes,Yes,No,No,No,Yes,Yes,Afternoon,High,Mixed,1.3,4,Low
S01963,DBMS,Yes,No,Yes,Yes,Yes,Yes,Yes,Night,High,Videos,3.3,5,High
S01964,DSA,Yes,Yes,Yes,No,Yes,No,Yes,Night,Medium,Videos,2.4,4,Low
S01965,DSA,No,Yes,No,No,No,No,No,Morning,Medium,Videos,1.7,4,Low
S01966,DSA,Yes,Yes,Yes,Yes,Yes,No,Yes,Night,High,Mixed,3.9,8,High
S01967,OS,No,No,No,No,No,No,Yes,Afternoon,High,Mixed,2.4,4,Low
S01968,OS,No,Yes,Yes,No,Yes,Yes,Yes,Night,High,Videos,2.2,6,Medium
S01969,OS,Yes,Yes,Yes,No,No,No,Yes,Morning,High,Notes,5.0,6,Low
S01970,OS,Yes,Yes,Yes,Yes,Yes,No,No,Evening,High,Mixed,4.1,8,Medium
S01971,CN,Yes,No,Yes,No,Yes,No,Yes,Night,Medium,Mixed,3.4,5,Medium
S01972,DBMS,No,Yes,Yes,No,No,No,Yes,Evening,High,Videos,3.2,5,Medium
S01973,CN,No,No,Yes,No,Yes,No,Yes,Morning,Medium,Notes,1.7,5,Low
S01974,ML,Yes,Yes,Yes,Yes,Yes,No,Yes,Morning,High,Notes,5.8,8,High
S01975,OS,Yes,Yes,No,Yes,Yes,No,Yes,Evening,High,Notes,2.3,3,Medium
S01976,CN,Yes,Yes,No,No,No,No,Yes,Evening,Medium,Mixed,2.4,3,Low
S01977,DBMS,Yes,Yes,Yes,No,No,No,Yes,Night,Medium,Videos,3.0,4,Low
S01978,OS,No,Yes,Yes,No,No,No,No,Evening,High,Mixed,2.2,6,Medium
S01979,OS,No,Yes,Yes,Yes,Yes,No,No,Afternoon,High,Videos,4.6,5,High
S01980,CN,Yes,No,Yes,Yes,Yes,No,Yes,Morning,High,Videos,3.8,8,High
S01981,ML,No,No,No,No,No,No,Yes,Evening,High,Notes,1.9,3,Low
S01982,DBMS,Yes,Yes,Yes,No,No,No,Yes,Evening,Medium,Mixed,3.1,7,Low
S01983,DSA,No,Yes,No,No,No,No,Yes,Afternoon,High,Notes,1.5,3,Low
S01984,OS,Yes,Yes,No,No,No,No,No,Night,Medium,Mixed,1.8,2,Low
S01985,DBMS,Yes,Yes,Yes,Yes,Yes,No,No,Evening,Medium,Notes,3.4,6,High
S01986,ML,No,Yes,Yes,Yes,Yes,No,Yes,Night,High,Notes,3.1,5,High
S01987,DBMS,Yes,Yes,Yes,Yes,No,No,Yes,Evening,Low,Videos,4.1,8,Medium
S01988,ML,No,Yes,Yes,Yes,Yes,No,Yes,Morning,Medium,Videos,3.2,8,High
S01989,ML,No,No,No,No,No,No,No,Night,Medium,Notes,2.9,4,Low
S01990,CN,Yes,No,Yes,Yes,Yes,No,Yes,Evening,High,Videos,3.1,6,High
S01991,CN,Yes,No,Yes,No,Yes,No,No,Evening,High,Mixed,3.1,7,High
S01992,OS,No,Yes,Yes,Yes,No,No,Yes,Evening,High,Videos,3.9,5,Medium
S01993,DBMS,Yes,No,No,No,No,No,No,Night,High,Notes,2.5,4,Low
S01994,CN,Yes,Yes,Yes,Yes,Yes,No,Yes,Night,Medium,Videos,4.1,6,High
S01995,OS,Yes,Yes,No,Yes,No,No,No,Afternoon,Low,Notes,4.2,6,Low
S01996,CN,No,No,Yes,Yes,No,No,Yes,Night,High,Videos,1.8,6,High
S01997,OS,Yes,Yes,Yes,No,No,No,Yes,Morning,Low,Mixed,0.5,7,Medium
S01998,DBMS,Yes,Yes,Yes,No,No,Yes,Yes,Evening,High,Videos,1.1,7,High
S01999,CN,No,No,No,Yes,No,No,No,Night,Medium,Notes,0.9,5,Low
S02000,DBMS,Yes,No,Yes,Yes,Yes,No,Yes,Evening,High,Mixed,2.8,5,High
S02001,DBMS,No,No,No,Yes,Yes,Yes,No,Morning,High,Mixed,2.4,5,Low
S02002,ML,Yes,Yes,Yes,Yes,Yes,No,No,Evening,Medium,Mixed,3.4,7,High
S02003,CN,No,Yes,Yes,Yes,Yes,Yes,Yes,Evening,High,Videos,3.5,6,High
S02004,ML,No,No,Yes,No,No,No,Yes,Afternoon,Medium,Videos,1.4,4,Low
S02005,ML,Yes,Yes,No,No,No,No,Yes,Afternoon,Medium,Videos,1.5,3,Low
S02006,DSA,No,Yes,No,Yes,Yes,No,Yes,Night,Medium,Mixed,3.6,5,Medium
S02007,ML,Yes,Yes,No,No,No,No,Yes,Afternoon,High,Mixed,1.1,4,Low
S02008,ML,Yes,No,No,No,No,No,Yes,Afternoon,Medium,Notes,1.2,5,Low
S02009,CN,Yes,No,Yes,Yes,Yes,No,No,Evening,High,Mixed,4.8,6,High
S02010,OS,No,Yes,No,No,No,Yes,Yes,Evening,Low,Notes,2.2,5,Low
S02011,ML,Yes,No,Yes,Yes,Yes,No,No,Morning,Low,Mixed,3.5,8,High
S02012,OS,Yes,Yes,Yes,Yes,No,No,Yes,Evening,High,Videos,4.4,6,High
S02013,OS,Yes,No,Yes,Yes,Yes,No,Yes,Morning,Medium,Mixed,3.6,7,High
S02014,DBMS,Yes,Yes,Yes,Yes,No,No,Yes,Night,Medium,Notes,3.9,6,Medium
S02015,OS,Yes,Yes,Yes,Yes,No,No,Yes,Evening,High,Notes,2.2,8,Medium
S02016,DBMS,Yes,Yes,Yes,No,No,No,Yes,Evening,Medium,Notes,1.8,7,Medium
S02017,ML,Yes,No,Yes,Yes,No,No,Yes,Night,High,Notes,2.2,5,Medium
S02018,CN,Yes,No,Yes,Yes,Yes,Yes,No,Afternoon,Low,Mixed,3.8,5,High
S02019,DSA,Yes,No,No,No,Yes,No,No,Morning,High,Videos,1.6,2,Low
S02020,CN,Yes,Yes,Yes,No,Yes,No,Yes,Evening,High,Videos,2.4,4,Medium
S02021,CN,No,Yes,Yes,No,No,No,No,Evening,Medium,Mixed,2.7,7,Low
S02022,DBMS,Yes,Yes,Yes,No,Yes,No,Yes,Night,Medium,Mixed,3.9,6,High
S02023,DSA,Yes,Yes,No,No,No,No,Yes,Afternoon,Medium,Notes,1.3,4,Low
S02024,CN,Yes,Yes,No,No,No,No,No,Night,Medium,Mixed,1.7,4,Low
S02025,ML,Yes,No,Yes,Yes,Yes,No,Yes,Morning,High,Notes,3.8,5,High
S02026,OS,Yes,No,Yes,Yes,Yes,No,Yes,Afternoon,Medium,Mixed,3.0,7,High
S02027,DBMS,No,No,Yes,Yes,Yes,No,Yes,Evening,Medium,Mixed,3.5,7,High
S02028,OS,Yes,Yes,Yes,Yes,Yes,No,Yes,Afternoon,High,Mixed,5.1,7,High
S02029,CN,Yes,Yes,No,Yes,Yes,Yes,Yes,Night,Medium,Notes,2.5,3,Medium
S02030,ML,Yes,Yes,Yes,Yes,No,No,Yes,Evening,Medium,Mixed,5.1,7,High
S02031,ML,Yes,Yes,No,Yes,Yes,No,No,Night,Medium,Notes,2.5,4,Low
S02032,OS,Yes,No,Yes,Yes,Yes,Yes,Yes,Night,Medium,Notes,3.3,8,High
S02033,DSA,Yes,No,No,Yes,No,No,No,Evening,High,Videos,4.2,3,Medium
S02034,CN,Yes,Yes,Yes,Yes,Yes,No,No,Evening,Medium,Notes,5.1,5,High
S02035,ML,Yes,Yes,Yes,No,Yes,No,Yes,Morning,Low,Videos,2.6,4,Low
S02036,CN,No,No,No,Yes,No,No,Yes,Evening,High,Mixed,2.2,4,Low
S02037,DBMS,No,No,No,No,No,No,No,Night,High,Mixed,0.5,4,Low
S02038,CN,Yes,Yes,No,Yes,No,Yes,No,Afternoon,Medium,Notes,2.9,5,Low
S02039,DBMS,Yes,No,Yes,No,Yes,Yes,Yes,Night,High,Videos,2.6,5,High
S02040,CN,No,No,No,No,No,Yes,Yes,Night,High,Notes,1.4,5,Low
S02041,CN,Yes,Yes,Yes,Yes,Yes,No,Yes,Evening,Medium,Mixed,2.8,5,High
S02042,DBMS,No,No,Yes,No,Yes,Yes,Yes,Evening,High,Videos,4.2,6,Medium
S02043,DSA,No,No,Yes,No,Yes,No,Yes,Night,High,Mixed,2.4,7,High
S02044,ML,No,Yes,Yes,No,No,No,Yes,Night,Medium,Videos,2.8,6,Low
S02045,CN,No,Yes,No,No,No,Yes,Yes,Evening,Medium,Notes,1.4,3,Low
S02046,DBMS,Yes,No,Yes,Yes,Yes,Yes,Yes,Morning,High,Mixed,5.2,6,High
S02047,CN,Yes,No,Yes,Yes,Yes,No,Yes,Night,Medium,Notes,4.6,6,High
S02048,CN,Yes,Yes,Yes,Yes,Yes,No,Yes,Afternoon,Medium,Videos,4.0,8,High
S02049,DSA,Yes,Yes,No,Yes,No,No,Yes,Evening,Medium,Mixed,2.1,5,Low
S02050,OS,Yes,No,No,No,No,No,Yes,Evening,Medium,Mixed,0.5,3,Low
S02051,DSA,No,No,No,No,No,Yes,Yes,Evening,Medium,Videos,0.5,2,Low
S02052,OS,Yes,Yes,Yes,Yes,No,No,Yes,Morning,High,Notes,2.1,8,Medium
S02053,CN,Yes,Yes,Yes,Yes,No,Yes,Yes,Evening,High,Mixed,3.6,6,High
S02054,DBMS,No,Yes,Yes,No,No,No,Yes,Evening,High,Notes,3.2,6,Low
S02055,CN,Yes,No,No,Yes,No,Yes,No,Night,High,Notes,3.3,6,Medium
S02056,CN,Yes,Yes,Yes,Yes,Yes,No,No,Morning,Low,Mixed,3.9,5,High
S02057,CN,No,Yes,No,Yes,No,No,No,Night,Medium,Videos,2.3,5,Low
S02058,DSA,Yes,No,No,Yes,No,Yes,No,Evening,Medium,Videos,1.9,3,Low
S02059,OS,Yes,Yes,No,No,Yes,No,No,Afternoon,High,Notes,1.7,3,Low
S02060,ML,Yes,Yes,No,No,Yes,No,Yes,Afternoon,Medium,Videos,2.7,3,Low
S02061,ML,No,Yes,Yes,Yes,No,No,No,Morning,Medium,Videos,2.6,7,Low
S02062,CN,Yes,No,Yes,Yes,Yes,No,Yes,Evening,Medium,Mixed,4.1,6,Medium
S02063,CN,Yes,No,Yes,No,No,No,Yes,Night,High,Notes,2.6,5,Medium
S02064,CN,Yes,No,Yes,Yes,No,No,Yes,Night,High,Notes,3.3,6,Medium
S02065,DBMS,Yes,Yes,No,No,Yes,No,Yes,Afternoon,High,Mixed,2.0,4,Low
S02066,DSA,No,Yes,No,Yes,No,No,No,Afternoon,High,Mixed,3.3,3,Low
S02067,CN,Yes,Yes,No,No,No,Yes,Yes,Afternoon,Medium,Mixed,2.0,5,Low
S02068,ML,No,No,No,No,Yes,Yes,No,Morning,High,Notes,2.4,2,Low
S02069,DBMS,Yes,Yes,Yes,Yes,Yes,No,Yes,Morning,Medium,Videos,4.5,7,High
S02070,DSA,Yes,No,Yes,No,No,Yes,No,Evening,High,Videos,2.1,5,Low
S02071,OS,No,No,Yes,Yes,Yes,No,Yes,Evening,High,Videos,4.9,6,High
S02072,DBMS,Yes,Yes,Yes,No,Yes,No,Yes,Afternoon,Medium,Notes,4.1,4,Low
S02073,DBMS,Yes,Yes,No,No,No,No,No,Afternoon,Medium,Videos,1.1,4,Low
S02074,OS,No,Yes,No,Yes,Yes,No,No,Evening,Low,Mixed,3.0,3,Low
S02075,ML,Yes,Yes,No,No,No,No,No,Morning,High,Mixed,1.3,5,Low
S02076,ML,Yes,No,Yes,Yes,Yes,No,Yes,Afternoon,Medium,Notes,4.5,6,High
S02077,DBMS,No,Yes,No,No,No,No,Yes,Afternoon,High,Mixed,1.8,2,Low
S02078,CN,Yes,No,Yes,Yes,Yes,No,Yes,Night,High,Notes,3.0,7,High
S02079,DBMS,Yes,Yes,No,No,Yes,No,Yes,Night,Low,Videos,2.0,5,Low
S02080,DBMS,Yes,Yes,No,No,No,No,Yes,Morning,Medium,Mixed,2.7,4,Low
S02081,ML,Yes,No,No,Yes,No,No,Yes,Evening,Low,Videos,2.0,5,Low
S02082,CN,Yes,No,Yes,No,No,No,Yes,Night,High,Mixed,3.4,5,Low
S02083,CN,No,Yes,No,Yes,No,No,No,Evening,High,Videos,3.7,5,Medium
S02084,DSA,Yes,No,Yes,No,Yes,Yes,Yes,Evening,High,Mixed,3.1,7,Medium
S02085,DSA,No,No,Yes,No,Yes,No,No,Night,Medium,Mixed,4.3,4,Low
S02086,OS,Yes,No,Yes,Yes,No,No,No,Evening,Medium,Videos,2.3,5,High
S02087,CN,Yes,No,Yes,Yes,No,No,Yes,Evening,High,Mixed,3.5,6,High
S02088,DSA,Yes,Yes,Yes,Yes,No,No,No,Morning,Low,Mixed,3.7,6,Low
S02089,ML,No,Yes,Yes,No,No,No,No,Morning,High,Notes,2.0,6,Low
S02090,DSA,Yes,No,No,Yes,No,Yes,Yes,Afternoon,Medium,Notes,1.9,6,Medium
S02091,DBMS,Yes,Yes,No,No,Yes,No,Yes,Evening,Medium,Videos,2.6,2,Low
S02092,ML,No,Yes,No,No,Yes,No,Yes,Evening,Low,Notes,2.3,4,Low
S02093,CN,Yes,Yes,No,No,No,No,Yes,Evening,Medium,Mixed,1.9,4,Low
S02094,CN,Yes,Yes,Yes,Yes,No,Yes,No,Afternoon,Low,Videos,5.8,7,Medium
S02095,DSA,No,No,No,No,Yes,No,Yes,Evening,High,Notes,1.9,2,Low
S02096,DSA,Yes,Yes,Yes,Yes,Yes,No,Yes,Evening,Medium,Notes,2.7,5,High
S02097,DSA,Yes,Yes,Yes,Yes,No,No,No,Night,High,Mixed,2.6,7,Medium
S02098,DBMS,Yes,Yes,No,Yes,No,Yes,No,Afternoon,Low,Notes,2.2,6,Low
S02099,CN,Yes,No,No,Yes,Yes,No,Yes,Afternoon,High,Mixed,1.6,3,High
S02100,ML,Yes,No,Yes,No,Yes,No,Yes,Night,Medium,Mixed,3.3,4,Low
S02101,CN,No,Yes,No,Yes,No,No,Yes,Morning,High,Notes,3.6,3,Low
S02102,DBMS,Yes,Yes,Yes,Yes,No,No,Yes,Evening,Medium,Mixed,4.8,8,Medium
S02103,DSA,No,Yes,No,No,No,No,No,Night,Medium,Videos,1.5,3,Low
S02104,ML,No,No,No,No,Yes,No,No,Evening,High,Notes,2.6,5,Low
S02105,ML,Yes,No,Yes,No,No,Yes,No,Evening,High,Notes,3.4,7,Low
S02106,DSA,No,No,No,No,No,No,Yes,Afternoon,High,Videos,4.0,2,Low
S02107,ML,No,No,No,Yes,No,No,Yes,Evening,Medium,Mixed,2.4,4,Low
S02108,DBMS,No,Yes,Yes,Yes,No,Yes,Yes,Night,High,Notes,2.5,5,High
S02109,OS,Yes,Yes,No,No,No,Yes,Yes,Evening,Low,Notes,1.2,5,Low
S02110,OS,Yes,Yes,No,Yes,No,No,No,Night,Medium,Videos,1.6,4,Medium
S02111,CN,Yes,Yes,Yes,Yes,Yes,No,Yes,Morning,High,Mixed,4.2,8,High
S02112,OS,Yes,Yes,No,No,No,Yes,No,Night,High,Videos,2.2,5,Low
S02113,CN,Yes,No,Yes,Yes,No,No,Yes,Night,Medium,Videos,3.3,7,High
S02114,CN,Yes,Yes,Yes,Yes,Yes,Yes,No,Night,High,Videos,3.2,5,High
S02115,OS,Yes,No,No,Yes,No,Yes,No,Morning,High,Mixed,1.7,5,Medium
S02116,ML,No,Yes,Yes,No,Yes,Yes,No,Evening,High,Videos,3.9,7,Medium
S02117,OS,Yes,Yes,Yes,Yes,No,No,Yes,Morning,High,Mixed,2.8,6,High
S02118,DSA,Yes,No,No,No,No,No,Yes,Morning,Medium,Mixed,3.8,4,Low
S02119,DSA,Yes,Yes,No,No,Yes,No,Yes,Morning,Medium,Videos,1.2,5,Low
S02120,DBMS,Yes,Yes,Yes,No,No,Yes,Yes,Morning,Low,Notes,1.6,5,Low
S02121,DBMS,Yes,Yes,Yes,Yes,Yes,Yes,Yes,Evening,Medium,Notes,3.1,8,High
S02122,ML,Yes,No,No,Yes,No,No,Yes,Night,High,Videos,3.4,6,Low
S02123,DSA,Yes,Yes,No,No,No,No,Yes,Morning,High,Notes,1.3,2,Low
S02124,CN,Yes,No,Yes,No,No,No,Yes,Morning,Medium,Videos,2.2,6,Low
S02125,CN,Yes,No,Yes,No,Yes,No,No,Evening,High,Videos,4.7,5,Medium
S02126,DBMS,Yes,No,Yes,No,No,No,No,Evening,Medium,Mixed,0.5,7,Low
S02127,DBMS,Yes,Yes,Yes,No,Yes,Yes,Yes,Evening,Medium,Videos,3.4,5,High
S02128,OS,Yes,No,Yes,Yes,No,Yes,Yes,Evening,High,Videos,3.1,5,Medium
S02129,DBMS,Yes,Yes,Yes,Yes,Yes,Yes,No,Night,Medium,Mixed,6.2,5,High
S02130,DSA,Yes,No,No,No,No,Yes,Yes,Afternoon,High,Mixed,1.1,3,Low
S02131,DBMS,Yes,Yes,No,Yes,Yes,No,No,Evening,Low,Notes,2.2,6,Low
S02132,ML,No,Yes,Yes,Yes,No,No,Yes,Night,Medium,Notes,3.9,5,Medium
S02133,ML,No,Yes,Yes,Yes,No,No,Yes,Evening,Medium,Mixed,3.6,8,Medium
S02134,CN,No,No,Yes,Yes,Yes,No,Yes,Morning,High,Videos,4.4,5,High
S02135,DSA,Yes,No,Yes,Yes,Yes,No,Yes,Afternoon,Medium,Notes,3.5,8,High
S02136,DBMS,Yes,Yes,Yes,No,Yes,No,No,Evening,Medium,Videos,2.6,7,Low
S02137,CN,Yes,Yes,No,No,Yes,Yes,No,Afternoon,Medium,Mixed,1.3,3,Low
S02138,DBMS,No,No,Yes,Yes,Yes,Yes,No,Evening,High,Mixed,4.1,5,High
S02139,DBMS,No,No,No,No,No,Yes,No,Morning,Medium,Mixed,1.7,3,Low
S02140,CN,No,No,Yes,Yes,Yes,Yes,Yes,Evening,Medium,Mixed,4.2,7,High
S02141,DSA,No,Yes,No,No,No,Yes,Yes,Evening,Medium,Mixed,3.7,4,Low
S02142,CN,Yes,No,No,No,No,No,Yes,Evening,High,Videos,2.9,4,Low
S02143,OS,No,No,No,Yes,Yes,No,Yes,Morning,Medium,Notes,2.9,6,Low
S02144,OS,No,Yes,Yes,Yes,Yes,No,Yes,Night,High,Mixed,3.5,6,High
S02145,DSA,Yes,Yes,No,No,No,No,Yes,Evening,Medium,Videos,2.6,3,Low
S02146,DSA,No,Yes,Yes,Yes,No,No,Yes,Evening,High,Videos,4.0,8,High
S02147,DBMS,Yes,Yes,No,No,Yes,Yes,Yes,Night,High,Mixed,2.4,4,Low
S02148,OS,No,No,Yes,Yes,Yes,No,Yes,Morning,Medium,Notes,4.5,7,High
S02149,ML,No,Yes,No,No,No,No,Yes,Morning,High,Notes,0.6,3,Low
S02150,ML,Yes,Yes,No,No,Yes,No,Yes,Morning,Medium,Videos,2.8,4,Low
S02151,DBMS,No,Yes,No,No,No,No,Yes,Morning,High,Mixed,1.0,4,Low
S02152,DBMS,Yes,No,No,No,Yes,No,Yes,Morning,High,Videos,2.0,3,Low
S02153,DBMS,No,No,Yes,No,No,No,Yes,Night,High,Mixed,3.2,5,Low
S02154,CN,No,No,No,Yes,Yes,No,Yes,Afternoon,High,Notes,3.7,3,Medium
S02155,DBMS,Yes,No,Yes,No,Yes,No,Yes,Morning,High,Mixed,1.2,6,Medium
S02156,DSA,No,Yes,Yes,No,No,No,Yes,Evening,Medium,Videos,4.0,7,Low
S02157,DSA,Yes,No,Yes,Yes,Yes,No,Yes,Evening,High,Mixed,4.8,8,High
S02158,CN,Yes,No,Yes,Yes,Yes,No,Yes,Afternoon,High,Mixed,3.2,6,High
S02159,OS,Yes,Yes,Yes,No,No,No,Yes,Night,Medium,Videos,2.1,6,Low
S02160,CN,Yes,No,No,Yes,No,No,No,Night,High,Mixed,2.5,5,Low
S02161,OS,Yes,Yes,Yes,No,Yes,No,Yes,Evening,High,Notes,2.8,6,Medium
S02162,DSA,Yes,No,Yes,Yes,No,No,No,Evening,High,Videos,2.1,8,Medium
S02163,ML,Yes,Yes,Yes,Yes,Yes,No,Yes,Morning,Medium,Mixed,3.1,5,High
S02164,ML,Yes,No,No,No,No,No,Yes,Evening,High,Notes,2.1,5,Low
S02165,ML,No,Yes,Yes,No,Yes,Yes,Yes,Evening,High,Notes,2.2,6,Medium
S02166,ML,Yes,Yes,Yes,Yes,No,No,Yes,Evening,High,Mixed,3.3,8,High
S02167,OS,No,Yes,No,Yes,Yes,No,No,Evening,High,Videos,3.3,6,Low
S02168,CN,Yes,No,No,No,Yes,No,No,Evening,High,Notes,2.4,5,Medium
S02169,CN,Yes,Yes,No,No,No,Yes,No,Evening,High,Videos,1.2,5,Low
S02170,CN,Yes,No,Yes,Yes,Yes,No,No,Morning,High,Mixed,3.4,5,High
S02171,CN,Yes,Yes,No,No,No,No,Yes,Afternoon,Medium,Mixed,0.5,4,Low
S02172,OS,Yes,No,Yes,Yes,Yes,Yes,Yes,Evening,High,Mixed,4.2,6,High
S02173,DBMS,Yes,Yes,No,Yes,No,Yes,No,Night,High,Notes,1.5,5,Medium
S02174,DSA,Yes,Yes,Yes,Yes,Yes,Yes,Yes,Night,Medium,Mixed,5.8,8,High
S02175,ML,Yes,No,Yes,Yes,No,No,Yes,Evening,High,Mixed,3.1,6,Low
S02176,OS,Yes,Yes,Yes,No,Yes,No,Yes,Evening,High,Notes,3.3,4,High
S02177,DSA,Yes,Yes,No,No,No,No,Yes,Evening,High,Videos,0.9,4,Low
S02178,ML,No,No,Yes,Yes,Yes,Yes,No,Afternoon,High,Mixed,4.5,6,High
S02179,ML,Yes,Yes,Yes,Yes,No,No,Yes,Evening,High,Mixed,1.6,6,High
S02180,CN,No,Yes,No,No,No,Yes,Yes,Evening,High,Videos,1.9,5,Low
S02181,OS,No,Yes,No,Yes,Yes,No,Yes,Night,High,Notes,2.7,6,High
S02182,ML,No,No,No,Yes,Yes,No,No,Afternoon,High,Mixed,5.4,3,Medium
S02183,DSA,No,No,No,No,No,Yes,Yes,Afternoon,High,Notes,1.5,4,Low
S02184,ML,Yes,No,Yes,Yes,Yes,No,Yes,Morning,High,Mixed,3.2,5,High
S02185,ML,Yes,No,No,No,No,No,Yes,Afternoon,High,Videos,2.4,4,Low
S02186,DBMS,Yes,Yes,Yes,No,Yes,No,Yes,Evening,High,Notes,3.3,4,Medium
S02187,DBMS,No,Yes,Yes,Yes,Yes,No,No,Night,High,Notes,2.6,5,High
S02188,CN,Yes,Yes,Yes,No,No,Yes,Yes,Afternoon,Low,Videos,4.0,5,Low
S02189,CN,Yes,Yes,Yes,Yes,Yes,No,Yes,Morning,High,Mixed,2.8,6,High
S02190,CN,No,Yes,No,Yes,Yes,No,No,Afternoon,Medium,Notes,2.5,6,Medium
S02191,DSA,Yes,No,No,No,No,No,Yes,Evening,Low,Notes,1.8,3,Low
S02192,ML,Yes,Yes,Yes,No,No,No,Yes,Night,Medium,Videos,2.6,6,Low
S02193,ML,No,Yes,Yes,No,No,No,Yes,Evening,High,Mixed,3.3,7,Low
S02194,DBMS,Yes,Yes,Yes,Yes,No,Yes,Yes,Night,High,Notes,2.1,5,High
S02195,DSA,Yes,Yes,Yes,No,No,No,Yes,Evening,High,Notes,2.3,7,Low
S02196,DSA,No,Yes,No,Yes,Yes,No,Yes,Night,Low,Mixed,2.2,4,Low
S02197,DSA,Yes,Yes,Yes,Yes,Yes,No,Yes,Evening,Low,Notes,4.5,6,High
S02198,DSA,Yes,Yes,Yes,No,Yes,No,Yes,Evening,Medium,Mixed,4.0,4,Medium
S02199,DSA,Yes,Yes,Yes,Yes,Yes,No,Yes,Night,High,Videos,3.6,8,High
S02200,OS,No,No,No,No,No,No,Yes,Evening,Medium,Mixed,1.4,3,Low
S02201,OS,Yes,No,No,No,Yes,No,Yes,Afternoon,High,Notes,1.6,3,Low
S02202,ML,No,No,No,No,No,No,Yes,Night,Low,Videos,0.5,2,Low
S02203,CN,No,No,Yes,Yes,Yes,No,Yes,Evening,High,Mixed,4.5,6,High
S02204,OS,Yes,No,Yes,Yes,No,No,No,Night,High,Notes,2.4,7,High
S02205,CN,Yes,Yes,Yes,No,No,Yes,No,Evening,High,Mixed,2.5,6,Low
S02206,ML,Yes,No,No,Yes,No,No,No,Night,High,Notes,2.9,3,Low
S02207,DBMS,No,Yes,Yes,Yes,Yes,Yes,No,Night,Medium,Videos,2.6,7,High
S02208,ML,Yes,Yes,No,Yes,No,No,No,Evening,High,Mixed,2.4,4,Low
S02209,DSA,Yes,Yes,Yes,Yes,No,No,Yes,Night,High,Notes,2.3,7,Medium
S02210,ML,Yes,Yes,No,No,No,No,Yes,Night,Medium,Notes,1.8,4,Low
S02211,OS,No,No,Yes,No,No,No,No,Night,High,Videos,2.6,6,Medium
S02212,DSA,Yes,Yes,No,No,No,No,Yes,Evening,Medium,Videos,0.9,4,Low
S02213,DSA,No,No,Yes,Yes,No,Yes,No,Evening,High,Notes,3.6,8,Low
S02214,DSA,Yes,No,No,Yes,No,No,No,Night,Medium,Notes,2.8,5,Low
S02215,DSA,No,No,Yes,No,Yes,No,No,Evening,Low,Mixed,2.0,6,Low
S02216,ML,Yes,Yes,No,No,Yes,No,Yes,Morning,High,Notes,2.2,2,Low
S02217,DBMS,Yes,Yes,No,No,Yes,No,Yes,Morning,High,Notes,1.5,5,Low
S02218,DBMS,No,Yes,Yes,Yes,No,No,Yes,Night,High,Mixed,4.0,7,Medium
S02219,DBMS,No,No,Yes,No,No,No,No,Morning,High,Videos,0.5,6,Low
S02220,DSA,Yes,No,Yes,Yes,No,Yes,Yes,Evening,High,Mixed,3.7,5,Medium
S02221,DSA,Yes,No,Yes,No,No,Yes,Yes,Night,Medium,Videos,1.3,7,Low
S02222,DBMS,Yes,Yes,Yes,No,Yes,Yes,No,Evening,High,Mixed,2.7,4,Low
S02223,ML,Yes,No,Yes,Yes,Yes,No,Yes,Afternoon,High,Notes,5.1,5,High
S02224,DSA,Yes,No,Yes,No,Yes,No,No,Night,High,Mixed,1.8,5,High
S02225,ML,No,Yes,Yes,Yes,Yes,Yes,No,Evening,High,Notes,4.1,7,High
S02226,ML,Yes,Yes,Yes,Yes,Yes,No,No,Morning,High,Mixed,3.0,6,High
S02227,DSA,No,Yes,Yes,No,No,Yes,No,Evening,High,Mixed,3.7,6,Medium
S02228,ML,Yes,Yes,No,No,No,No,No,Night,Medium,Videos,1.8,5,Low
S02229,OS,Yes,No,Yes,Yes,Yes,No,Yes,Evening,High,Notes,6.3,5,High
S02230,CN,No,No,No,Yes,No,Yes,No,Evening,High,Videos,2.4,5,Low
S02231,OS,Yes,Yes,No,Yes,Yes,Yes,Yes,Morning,High,Mixed,3.7,6,High
S02232,DSA,No,No,Yes,Yes,No,No,Yes,Evening,High,Mixed,3.2,5,Medium
S02233,CN,Yes,Yes,No,No,No,No,Yes,Evening,High,Mixed,3.2,2,Low
S02234,CN,No,Yes,No,Yes,No,No,Yes,Morning,High,Mixed,2.4,3,Medium
S02235,OS,No,No,No,No,Yes,Yes,Yes,Night,Medium,Mixed,3.3,2,Medium
S02236,DSA,No,No,Yes,No,Yes,No,Yes,Morning,High,Mixed,1.5,6,Medium
S02237,DBMS,Yes,No,No,No,No,No,Yes,Afternoon,High,Videos,1.6,2,Low
S02238,DBMS,Yes,Yes,Yes,No,No,No,Yes,Morning,High,Mixed,2.1,4,Low
S02239,DSA,Yes,No,Yes,Yes,Yes,No,No,Afternoon,High,Mixed,4.6,7,High
S02240,DSA,Yes,No,Yes,Yes,Yes,No,No,Afternoon,High,Mixed,5.0,7,High
S02241,DBMS,Yes,No,Yes,Yes,No,No,Yes,Evening,Medium,Videos,5.0,8,Medium
S02242,ML,Yes,Yes,Yes,Yes,No,No,No,Night,Medium,Mixed,2.2,5,High
S02243,DBMS,Yes,Yes,Yes,Yes,No,No,Yes,Afternoon,High,Mixed,4.4,5,High
S02244,DBMS,Yes,No,Yes,Yes,Yes,No,Yes,Afternoon,Medium,Videos,3.6,8,High
S02245,CN,Yes,No,No,No,No,Yes,No,Afternoon,Medium,Notes,2.7,2,Low
S02246,ML,Yes,No,Yes,No,No,No,Yes,Morning,Medium,Videos,2.6,5,Low
S02247,DSA,Yes,Yes,Yes,Yes,Yes,No,No,Morning,Medium,Mixed,5.3,8,High
S02248,DSA,No,No,Yes,Yes,Yes,No,Yes,Afternoon,High,Notes,3.3,7,High
S02249,DBMS,Yes,Yes,No,No,No,No,No,Afternoon,Low,Videos,2.4,3,Low
S02250,OS,Yes,Yes,No,No,No,No,Yes,Morning,High,Videos,0.5,5,Low
S02251,OS,Yes,Yes,Yes,Yes,Yes,No,Yes,Night,Low,Notes,2.8,5,High
S02252,ML,No,Yes,No,No,No,No,No,Morning,High,Mixed,0.5,3,Low
S02253,CN,Yes,No,No,Yes,No,No,Yes,Evening,High,Notes,2.2,6,Medium
S02254,DBMS,Yes,Yes,No,No,No,Yes,No,Afternoon,Medium,Mixed,1.3,4,Low
S02255,DBMS,No,Yes,No,No,Yes,Yes,Yes,Evening,High,Mixed,2.5,5,Low
S02256,OS,Yes,No,No,Yes,No,No,Yes,Morning,High,Mixed,2.6,3,Medium
S02257,OS,No,No,No,Yes,No,No,Yes,Morning,Medium,Videos,2.1,3,Medium
S02258,DBMS,No,Yes,Yes,No,Yes,No,Yes,Afternoon,Medium,Videos,3.4,5,Medium
S02259,ML,Yes,Yes,Yes,Yes,Yes,No,Yes,Evening,Medium,Mixed,3.7,6,High
S02260,DSA,Yes,No,Yes,No,No,No,Yes,Night,High,Videos,3.0,6,Low
S02261,DBMS,No,Yes,No,No,Yes,Yes,No,Evening,Medium,Notes,1.3,5,Low
S02262,ML,No,Yes,No,No,Yes,Yes,No,Evening,High,Notes,2.6,3,Low
S02263,OS,Yes,Yes,No,No,No,No,Yes,Evening,Medium,Mixed,0.5,2,Low
S02264,DSA,Yes,Yes,No,No,No,No,Yes,Night,Medium,Notes,2.9,2,Low
S02265,OS,Yes,No,No,Yes,Yes,No,No,Evening,High,Videos,2.0,4,Low
S02266,OS,Yes,Yes,No,Yes,No,Yes,Yes,Afternoon,High,Mixed,1.3,4,Low
S02267,DBMS,No,No,No,No,No,No,No,Evening,Medium,Mixed,2.8,3,Low
S02268,OS,Yes,Yes,Yes,Yes,No,No,Yes,Night,High,Videos,2.8,7,Medium
S02269,DBMS,No,Yes,No,Yes,No,No,No,Night,High,Notes,3.5,6,Low
S02270,DSA,No,Yes,Yes,Yes,Yes,Yes,Yes,Night,Medium,Videos,4.0,5,High
S02271,ML,No,No,Yes,No,No,Yes,Yes,Morning,High,Videos,1.0,5,Low
S02272,ML,Yes,Yes,Yes,No,No,No,Yes,Evening,High,Videos,2.3,6,Low
S02273,ML,No,Yes,Yes,No,Yes,No,Yes,Evening,High,Mixed,1.0,7,Medium
S02274,DSA,No,Yes,Yes,No,Yes,No,Yes,Night,High,Notes,3.5,7,Medium
S02275,ML,No,No,Yes,No,No,No,Yes,Morning,High,Notes,3.3,6,Low
S02276,DBMS,Yes,Yes,No,No,Yes,No,Yes,Evening,High,Videos,2.6,3,Low
S02277,DBMS,Yes,No,Yes,Yes,Yes,Yes,No,Evening,High,Videos,3.2,5,High
S02278,DBMS,Yes,No,No,No,Yes,Yes,Yes,Morning,High,Videos,2.3,4,Low
S02279,OS,No,No,Yes,No,No,No,No,Night,High,Videos,1.3,4,Low
S02280,DSA,No,No,No,No,Yes,No,No,Evening,Low,Mixed,2.6,4,Low
S02281,DBMS,Yes,Yes,No,No,No,No,No,Morning,High,Videos,2.0,3,Low
S02282,OS,Yes,No,No,No,No,No,No,Evening,Medium,Videos,0.9,4,Low
S02283,CN,Yes,No,Yes,Yes,Yes,Yes,Yes,Evening,High,Videos,3.2,7,High
S02284,ML,No,Yes,No,Yes,No,No,No,Morning,Low,Mixed,1.4,5,Low
S02285,DSA,Yes,No,Yes,Yes,Yes,No,Yes,Night,Medium,Videos,5.3,5,High
S02286,ML,Yes,Yes,Yes,Yes,No,No,Yes,Evening,Medium,Videos,2.6,7,Medium
S02287,OS,No,No,No,Yes,No,Yes,Yes,Evening,High,Notes,3.4,4,Medium
S02288,DSA,No,No,Yes,No,No,Yes,Yes,Evening,High,Notes,2.4,6,Low
S02289,DBMS,Yes,No,Yes,Yes,No,No,No,Afternoon,High,Notes,2.0,7,High
S02290,ML,Yes,Yes,No,No,No,No,No,Evening,High,Mixed,0.9,4,Low
S02291,OS,No,No,Yes,Yes,No,Yes,Yes,Afternoon,High,Notes,3.1,5,High
S02292,CN,No,No,No,Yes,Yes,No,Yes,Night,High,Videos,2.3,5,Low
S02293,DBMS,Yes,Yes,Yes,Yes,No,No,No,Night,Low,Videos,3.9,7,Low
S02294,OS,Yes,No,Yes,Yes,Yes,No,Yes,Night,Medium,Mixed,3.5,5,High
S02295,OS,Yes,No,Yes,Yes,Yes,Yes,No,Morning,High,Videos,4.0,7,High
S02296,OS,Yes,No,Yes,Yes,No,No,Yes,Evening,Medium,Mixed,3.0,8,Medium
S02297,ML,No,No,No,No,Yes,Yes,Yes,Night,High,Notes,1.8,5,Medium
S02298,OS,Yes,Yes,No,Yes,No,Yes,Yes,Evening,High,Videos,1.8,3,Medium
S02299,DBMS,Yes,Yes,Yes,Yes,No,Yes,Yes,Afternoon,High,Videos,3.0,6,High
S02300,DBMS,No,Yes,Yes,Yes,No,No,No,Afternoon,High,Videos,4.5,5,Medium
S02301,OS,No,Yes,No,Yes,Yes,No,Yes,Morning,Medium,Videos,2.8,3,Low
S02302,ML,No,Yes,Yes,Yes,No,Yes,Yes,Morning,Medium,Notes,3.7,7,High
S02303,OS,Yes,No,Yes,Yes,No,Yes,Yes,Morning,Low,Videos,3.9,8,Low
S02304,DSA,Yes,Yes,Yes,No,No,Yes,Yes,Evening,Medium,Mixed,1.6,4,Low
S02305,ML,Yes,No,No,No,No,Yes,Yes,Evening,High,Videos,0.5,4,Low
S02306,OS,Yes,Yes,Yes,No,Yes,No,Yes,Evening,High,Notes,1.8,4,Medium
S02307,DSA,Yes,Yes,Yes,No,Yes,Yes,No,Evening,High,Mixed,2.4,5,Medium
S02308,ML,Yes,No,No,Yes,No,No,No,Night,High,Mixed,2.9,6,Low
S02309,CN,Yes,No,No,No,No,No,No,Night,Medium,Videos,0.5,4,Low
S02310,OS,No,Yes,No,No,Yes,No,Yes,Evening,Medium,Mixed,2.5,3,Low
S02311,OS,No,No,No,No,Yes,Yes,Yes,Evening,Medium,Mixed,1.3,4,Low
S02312,DBMS,Yes,Yes,No,No,No,No,No,Night,High,Notes,2.0,4,Low
S02313,ML,Yes,Yes,Yes,Yes,No,Yes,Yes,Afternoon,High,Notes,2.8,7,High
S02314,OS,Yes,Yes,No,No,No,Yes,No,Afternoon,Medium,Videos,1.9,3,Low
S02315,OS,Yes,No,Yes,Yes,No,No,No,Evening,Medium,Notes,3.9,6,Medium
S02316,ML,Yes,Yes,Yes,No,Yes,Yes,Yes,Evening,Low,Mixed,2.4,6,Low
S02317,DBMS,Yes,No,No,Yes,Yes,Yes,No,Evening,Medium,Notes,2.5,3,Medium
S02318,CN,No,No,No,Yes,Yes,No,No,Morning,Medium,Mixed,2.3,6,Low
S02319,DBMS,Yes,Yes,Yes,No,No,No,Yes,Evening,Medium,Notes,2.3,6,Low
S02320,DSA,No,No,No,No,No,Yes,Yes,Night,High,Mixed,1.3,4,Low
S02321,ML,Yes,Yes,No,Yes,Yes,Yes,Yes,Night,Low,Mixed,3.3,3,Low
S02322,CN,Yes,Yes,Yes,Yes,Yes,No,Yes,Evening,High,Videos,5.9,7,High
S02323,ML,Yes,Yes,No,No,No,No,No,Night,Medium,Mixed,2.6,3,Low
S02324,DSA,Yes,Yes,Yes,Yes,Yes,No,Yes,Night,Medium,Notes,2.6,5,Medium
S02325,OS,Yes,Yes,Yes,Yes,Yes,No,No,Afternoon,Medium,Notes,2.9,6,Medium
S02326,DSA,No,Yes,No,No,Yes,No,No,Evening,High,Videos,2.5,2,Medium
S02327,DBMS,Yes,No,No,Yes,Yes,No,No,Night,Medium,Mixed,2.1,5,Medium
S02328,CN,Yes,Yes,No,Yes,Yes,No,Yes,Evening,High,Notes,2.3,5,Medium
S02329,DBMS,Yes,Yes,No,No,No,No,No,Night,Medium,Videos,0.5,3,Low
S02330,DSA,Yes,No,Yes,Yes,No,No,Yes,Evening,High,Videos,3.1,5,High
S02331,ML,Yes,Yes,No,Yes,Yes,No,No,Morning,Medium,Notes,1.7,4,Low
S02332,DSA,Yes,No,Yes,Yes,Yes,No,Yes,Morning,High,Mixed,4.9,7,High
S02333,OS,No,No,No,No,Yes,Yes,Yes,Night,High,Mixed,2.8,4,Low
S02334,CN,Yes,Yes,Yes,Yes,Yes,No,Yes,Afternoon,High,Notes,2.4,8,High
S02335,ML,Yes,Yes,Yes,No,Yes,No,Yes,Evening,High,Mixed,3.6,4,High
S02336,ML,No,No,Yes,No,Yes,No,No,Afternoon,High,Notes,3.6,7,Medium
S02337,DSA,No,Yes,Yes,No,No,No,Yes,Afternoon,High,Videos,2.9,5,Low
S02338,DSA,Yes,Yes,Yes,Yes,Yes,No,Yes,Afternoon,High,Videos,4.0,7,High
S02339,ML,Yes,No,Yes,No,Yes,No,Yes,Evening,High,Videos,3.1,4,Medium
S02340,ML,Yes,No,Yes,Yes,No,No,Yes,Afternoon,High,Videos,3.6,8,High
S02341,DBMS,Yes,Yes,Yes,Yes,Yes,No,Yes,Night,High,Mixed,2.9,8,High
S02342,OS,Yes,No,No,Yes,Yes,No,Yes,Night,Medium,Videos,2.4,6,Medium
S02343,OS,No,Yes,Yes,Yes,Yes,No,No,Morning,Low,Videos,5.2,7,High
S02344,ML,Yes,No,No,No,Yes,No,No,Afternoon,Low,Mixed,2.1,3,Low
S02345,ML,No,No,Yes,Yes,Yes,No,No,Morning,High,Videos,4.1,8,High
S02346,CN,Yes,Yes,No,Yes,No,No,No,Evening,High,Videos,3.8,5,Low
S02347,CN,No,Yes,No,Yes,No,No,Yes,Evening,Medium,Mixed,3.0,3,Medium
S02348,DBMS,No,Yes,No,No,Yes,No,Yes,Morning,High,Videos,4.0,3,Low
S02349,OS,Yes,No,No,No,No,No,No,Evening,High,Notes,1.3,2,Low
S02350,DSA,Yes,Yes,No,Yes,Yes,No,No,Afternoon,High,Videos,2.6,3,Medium
S02351,DSA,Yes,No,Yes,No,Yes,No,Yes,Evening,Medium,Mixed,2.9,6,Medium
S02352,CN,No,No,No,No,Yes,No,Yes,Evening,Medium,Videos,2.5,2,Low
S02353,DSA,Yes,Yes,Yes,No,Yes,No,Yes,Morning,High,Videos,4.0,5,High
S02354,ML,Yes,No,No,No,No,No,No,Night,Low,Mixed,1.9,4,Low
S02355,DSA,Yes,Yes,No,Yes,Yes,Yes,Yes,Morning,High,Videos,3.6,3,High
S02356,DBMS,No,Yes,Yes,No,Yes,No,Yes,Evening,Low,Notes,2.3,5,Medium
S02357,OS,Yes,No,No,Yes,No,No,Yes,Night,Low,Videos,2.2,5,Low
S02358,OS,Yes,Yes,Yes,Yes,No,No,Yes,Night,Medium,Mixed,4.2,7,High
S02359,CN,No,No,No,Yes,No,No,Yes,Night,Medium,Mixed,2.2,5,Low
S02360,OS,Yes,No,Yes,Yes,Yes,No,No,Evening,High,Mixed,2.7,6,High
S02361,OS,No,Yes,No,No,No,No,No,Evening,High,Mixed,2.6,5,Low
S02362,DSA,Yes,Yes,No,No,No,No,Yes,Morning,Medium,Notes,0.7,3,Low
S02363,DBMS,Yes,Yes,Yes,Yes,Yes,No,No,Evening,High,Notes,3.8,5,High
S02364,DSA,No,No,No,No,No,No,No,Afternoon,Medium,Notes,1.5,2,Low
S02365,CN,No,No,No,Yes,No,No,No,Night,High,Mixed,0.7,3,Low
S02366,ML,No,No,Yes,Yes,No,No,No,Morning,High,Videos,2.4,5,Medium
S02367,OS,Yes,No,Yes,No,No,Yes,Yes,Evening,High,Videos,2.1,4,Medium
S02368,CN,Yes,Yes,Yes,Yes,Yes,No,Yes,Night,Medium,Mixed,4.7,6,High
S02369,ML,Yes,Yes,Yes,No,No,Yes,Yes,Morning,High,Videos,2.7,7,High
S02370,ML,Yes,Yes,No,Yes,Yes,No,Yes,Evening,Low,Mixed,5.3,3,Medium
S02371,DSA,Yes,No,Yes,Yes,No,No,Yes,Evening,High,Notes,5.0,7,Medium
S02372,ML,Yes,Yes,Yes,Yes,Yes,Yes,Yes,Morning,Medium,Videos,3.7,7,High
S02373,OS,Yes,Yes,Yes,Yes,No,No,Yes,Evening,High,Videos,3.5,8,High
S02374,ML,Yes,Yes,Yes,Yes,Yes,Yes,Yes,Evening,High,Videos,3.1,7,High
S02375,CN,Yes,Yes,Yes,Yes,No,No,Yes,Evening,High,Videos,2.6,6,High
S02376,DSA,Yes,Yes,Yes,Yes,Yes,Yes,Yes,Morning,Medium,Notes,3.1,6,High
S02377,ML,No,Yes,Yes,No,No,No,Yes,Evening,Medium,Mixed,0.9,4,Low
S02378,OS,Yes,No,No,No,No,No,No,Morning,Medium,Videos,0.5,4,Low
S02379,OS,Yes,No,Yes,Yes,Yes,No,Yes,Evening,Medium,Videos,5.2,7,High
S02380,OS,No,Yes,No,Yes,No,Yes,Yes,Night,Medium,Videos,2.8,3,Low
S02381,ML,No,No,Yes,Yes,Yes,Yes,No,Morning,Medium,Videos,2.1,7,High
S02382,CN,Yes,Yes,Yes,Yes,Yes,No,Yes,Morning,Medium,Videos,3.5,5,High
S02383,CN,Yes,No,Yes,Yes,Yes,No,Yes,Night,High,Notes,4.6,6,High
S02384,ML,Yes,Yes,No,Yes,No,No,Yes,Evening,High,Mixed,1.7,6,Low
S02385,OS,Yes,No,No,No,Yes,No,No,Evening,High,Videos,2.4,4,Low
S02386,ML,No,Yes,Yes,Yes,Yes,No,Yes,Afternoon,High,Videos,1.8,7,High
S02387,OS,No,Yes,No,No,No,No,No,Morning,Medium,Videos,0.5,5,Low
S02388,DSA,Yes,No,Yes,No,No,No,Yes,Afternoon,High,Mixed,1.9,4,Low
S02389,DSA,No,No,Yes,Yes,Yes,No,Yes,Night,High,Mixed,4.0,5,High
S02390,CN,Yes,No,No,Yes,No,Yes,No,Evening,High,Videos,2.6,4,Low
S02391,ML,Yes,Yes,Yes,Yes,Yes,No,Yes,Night,High,Videos,2.2,7,High
S02392,CN,No,No,No,No,Yes,No,No,Morning,High,Videos,2.0,2,Low
S02393,DBMS,Yes,No,Yes,No,Yes,No,Yes,Evening,High,Mixed,3.9,7,Medium
S02394,CN,Yes,Yes,Yes,Yes,Yes,No,Yes,Evening,High,Mixed,2.7,6,Medium
S02395,DBMS,Yes,Yes,No,No,No,No,No,Morning,High,Videos,1.5,5,Low
S02396,DBMS,No,Yes,Yes,Yes,Yes,No,Yes,Afternoon,High,Mixed,4.0,5,High
S02397,CN,Yes,Yes,No,No,No,No,Yes,Evening,Low,Mixed,2.1,2,Low
S02398,DSA,Yes,Yes,No,Yes,No,No,Yes,Evening,Medium,Mixed,2.6,6,Low
S02399,CN,Yes,Yes,Yes,No,No,No,No,Night,Medium,Notes,2.5,4,Low
S02400,DBMS,Yes,No,Yes,Yes,Yes,Yes,No,Evening,Medium,Mixed,3.6,6,High
S02401,OS,Yes,No,Yes,Yes,Yes,No,Yes,Night,High,Mixed,3.9,7,High
S02402,OS,No,No,No,No,No,Yes,Yes,Evening,High,Notes,3.1,2,Low
S02403,ML,No,No,No,No,No,No,No,Night,Low,Notes,0.5,4,Low
S02404,ML,No,Yes,No,Yes,Yes,No,No,Evening,Medium,Mixed,1.9,6,Medium
S02405,DBMS,No,No,Yes,Yes,No,No,Yes,Night,Medium,Videos,3.5,7,Low
S02406,ML,Yes,No,No,No,No,No,Yes,Afternoon,High,Mixed,0.5,5,Low
S02407,OS,Yes,Yes,No,No,No,Yes,Yes,Morning,Medium,Mixed,0.5,3,Low
S02408,ML,Yes,Yes,No,No,No,No,Yes,Evening,Medium,Notes,3.7,4,Low
S02409,DBMS,Yes,No,Yes,Yes,No,No,Yes,Afternoon,Medium,Videos,3.4,8,Medium
S02410,DBMS,No,No,No,No,Yes,No,No,Evening,High,Mixed,2.5,2,Low
S02411,ML,No,No,Yes,No,No,No,Yes,Afternoon,Low,Mixed,2.4,4,Low
S02412,OS,No,No,No,Yes,No,No,No,Evening,High,Notes,3.1,6,Low
S02413,CN,Yes,No,No,No,No,No,Yes,Evening,High,Mixed,1.7,4,Low
S02414,ML,Yes,No,No,No,Yes,Yes,No,Evening,Medium,Mixed,1.2,3,Low
S02415,OS,Yes,No,Yes,No,No,No,Yes,Evening,High,Videos,2.9,7,Medium
S02416,OS,Yes,No,No,No,No,Yes,Yes,Evening,High,Videos,0.9,5,Low
S02417,ML,Yes,No,No,Yes,No,No,Yes,Night,High,Mixed,2.0,6,Low
S02418,DSA,Yes,Yes,Yes,No,No,No,Yes,Afternoon,High,Videos,1.9,5,Low
S02419,DSA,Yes,No,Yes,No,No,Yes,Yes,Morning,Medium,Notes,1.1,4,Low
S02420,OS,No,Yes,Yes,No,Yes,No,Yes,Evening,Medium,Mixed,3.7,4,Medium
S02421,ML,Yes,Yes,Yes,Yes,No,Yes,Yes,Evening,High,Videos,2.0,7,Medium
S02422,CN,Yes,Yes,Yes,Yes,No,Yes,Yes,Evening,Medium,Notes,3.3,6,High
S02423,DSA,No,No,Yes,No,Yes,Yes,No,Evening,Medium,Videos,1.0,6,Medium
S02424,CN,Yes,Yes,Yes,Yes,Yes,No,Yes,Evening,Medium,Videos,4.8,8,High
S02425,DSA,No,Yes,No,Yes,No,No,Yes,Night,Medium,Mixed,2.4,4,Low
S02426,CN,No,Yes,No,Yes,Yes,No,Yes,Afternoon,High,Mixed,2.7,3,Low
S02427,DSA,Yes,No,No,Yes,Yes,No,No,Afternoon,High,Videos,2.9,3,Low
S02428,DBMS,No,No,No,Yes,Yes,No,No,Night,Medium,Mixed,3.2,5,Low
S02429,OS,No,No,No,Yes,Yes,Yes,No,Night,Medium,Videos,3.4,5,Medium
S02430,OS,No,Yes,No,No,No,No,Yes,Evening,High,Mixed,2.2,5,Low
S02431,OS,No,Yes,Yes,No,Yes,No,No,Evening,High,Mixed,4.1,7,Medium
S02432,DSA,No,No,No,Yes,No,No,Yes,Evening,High,Videos,4.0,3,Low
S02433,ML,Yes,Yes,No,No,No,No,Yes,Evening,Low,Notes,1.7,5,Low
S02434,DSA,Yes,No,No,No,No,Yes,Yes,Evening,Low,Videos,0.8,3,Low
S02435,ML,No,No,Yes,No,No,No,No,Evening,High,Mixed,2.6,4,Low
S02436,ML,No,No,Yes,No,Yes,No,Yes,Evening,Medium,Videos,1.0,7,Low
S02437,OS,Yes,Yes,Yes,Yes,Yes,No,Yes,Night,Medium,Notes,2.8,7,High
S02438,DBMS,No,Yes,Yes,No,No,No,Yes,Afternoon,Low,Notes,2.7,5,Low
S02439,OS,Yes,Yes,Yes,Yes,No,Yes,No,Evening,Medium,Notes,2.8,7,Low
S02440,CN,No,Yes,Yes,No,No,No,Yes,Evening,High,Mixed,3.0,6,Medium
S02441,CN,No,No,Yes,No,Yes,Yes,Yes,Night,Low,Notes,2.9,5,Low
S02442,CN,Yes,No,No,No,Yes,Yes,No,Evening,Medium,Mixed,2.2,5,Low
S02443,DSA,Yes,Yes,Yes,Yes,No,No,Yes,Night,High,Videos,3.0,6,High
S02444,DBMS,Yes,Yes,No,Yes,No,No,Yes,Morning,Medium,Mixed,2.7,5,Medium
S02445,OS,Yes,Yes,Yes,Yes,No,No,Yes,Evening,High,Notes,2.8,6,Medium
S02446,DSA,Yes,Yes,Yes,Yes,No,No,No,Morning,Low,Mixed,2.1,7,Low
S02447,OS,Yes,No,Yes,Yes,Yes,No,Yes,Evening,Medium,Mixed,4.8,6,High
S02448,DBMS,Yes,No,No,Yes,No,No,Yes,Afternoon,High,Mixed,2.8,4,Low
S02449,OS,Yes,No,Yes,Yes,Yes,No,Yes,Evening,Low,Videos,4.4,5,High
S02450,OS,Yes,Yes,No,Yes,Yes,No,Yes,Evening,Medium,Videos,4.5,5,Medium
S02451,DBMS,No,Yes,Yes,Yes,No,No,No,Night,High,Mixed,2.3,7,Medium
S02452,DBMS,No,No,Yes,No,Yes,Yes,No,Morning,Medium,Videos,3.9,7,Low
S02453,OS,No,No,Yes,Yes,Yes,No,Yes,Afternoon,Medium,Videos,4.1,6,High
S02454,DBMS,No,No,No,No,Yes,No,No,Evening,High,Mixed,0.7,3,Low
S02455,OS,No,No,Yes,No,Yes,No,Yes,Afternoon,High,Mixed,3.3,6,Medium
S02456,DSA,Yes,No,No,No,Yes,No,Yes,Morning,High,Mixed,2.7,3,Low
S02457,DSA,Yes,Yes,Yes,Yes,Yes,No,Yes,Evening,Medium,Mixed,2.9,6,High
S02458,OS,Yes,Yes,Yes,No,Yes,Yes,Yes,Evening,High,Mixed,2.6,4,Medium
S02459,DBMS,Yes,No,Yes,Yes,Yes,No,Yes,Evening,High,Videos,3.5,5,High
S02460,OS,Yes,Yes,No,No,No,No,No,Afternoon,High,Notes,0.6,3,Low
S02461,DBMS,No,No,No,No,Yes,No,Yes,Afternoon,High,Mixed,2.8,5,Low
S02462,ML,No,Yes,No,No,No,No,No,Evening,High,Mixed,2.9,2,Low
S02463,OS,Yes,Yes,Yes,Yes,Yes,No,No,Night,High,Mixed,3.4,8,High
S02464,DSA,Yes,Yes,No,Yes,No,No,No,Evening,High,Mixed,2.1,3,Low
S02465,DBMS,Yes,No,Yes,No,No,No,Yes,Evening,Medium,Notes,2.7,5,Low
S02466,OS,No,No,No,No,No,No,No,Night,Medium,Videos,2.5,5,Low
S02467,DBMS,No,Yes,No,No,No,No,No,Afternoon,Low,Videos,0.5,2,Low
S02468,OS,Yes,Yes,Yes,Yes,No,Yes,Yes,Evening,High,Videos,3.5,8,High
S02469,ML,Yes,Yes,Yes,Yes,Yes,Yes,Yes,Morning,High,Videos,3.3,8,High
S02470,OS,Yes,Yes,Yes,Yes,No,No,Yes,Night,Low,Notes,3.3,7,Medium
S02471,DSA,Yes,No,Yes,No,Yes,No,Yes,Evening,High,Videos,3.0,5,High
S02472,DSA,No,Yes,Yes,Yes,Yes,No,Yes,Evening,High,Videos,4.6,6,High
S02473,CN,No,Yes,Yes,No,Yes,No,Yes,Night,High,Notes,3.4,6,High
S02474,DSA,Yes,Yes,Yes,No,No,Yes,Yes,Afternoon,High,Mixed,2.1,7,Medium
S02475,CN,Yes,No,No,No,No,No,No,Evening,Medium,Mixed,1.3,2,Low
S02476,DSA,Yes,No,Yes,No,Yes,Yes,Yes,Evening,Medium,Notes,3.5,5,Medium
S02477,DBMS,Yes,No,Yes,Yes,Yes,No,Yes,Evening,Medium,Notes,3.0,5,High
S02478,DBMS,Yes,No,Yes,Yes,No,No,Yes,Morning,High,Notes,4.0,5,High
S02479,OS,Yes,No,Yes,Yes,No,No,Yes,Morning,High,Notes,1.8,6,Medium
S02480,OS,No,Yes,No,Yes,Yes,No,No,Night,High,Notes,5.0,6,Medium
S02481,OS,Yes,No,No,Yes,No,No,No,Afternoon,High,Mixed,3.6,5,Low
S02482,CN,Yes,No,Yes,No,Yes,No,Yes,Evening,High,Notes,3.2,4,Medium
S02483,DSA,Yes,Yes,Yes,No,Yes,Yes,No,Evening,Medium,Videos,3.6,5,Medium
S02484,DBMS,Yes,No,No,Yes,Yes,Yes,Yes,Afternoon,High,Mixed,2.6,5,Low
S02485,CN,No,No,No,No,No,Yes,No,Evening,High,Videos,1.3,5,Low
S02486,DBMS,Yes,No,Yes,No,Yes,No,Yes,Morning,High,Mixed,3.5,4,High
S02487,DSA,No,Yes,Yes,No,No,No,No,Morning,Medium,Notes,2.4,5,Low
S02488,OS,No,Yes,No,No,Yes,No,No,Night,Medium,Mixed,1.7,4,Low
S02489,OS,Yes,No,No,Yes,No,Yes,No,Evening,Medium,Videos,3.0,4,Low
S02490,CN,Yes,Yes,No,Yes,Yes,Yes,No,Afternoon,Medium,Videos,2.7,6,Medium
S02491,ML,No,Yes,No,No,No,No,No,Evening,High,Notes,1.5,2,Low
S02492,CN,Yes,Yes,Yes,Yes,Yes,No,Yes,Evening,High,Mixed,3.7,6,High
S02493,CN,Yes,Yes,No,No,No,No,No,Morning,Medium,Videos,1.5,3,Low
S02494,DBMS,No,No,No,Yes,No,Yes,Yes,Afternoon,Low,Notes,2.3,3,Low
S02495,ML,No,No,No,No,No,No,No,Evening,High,Mixed,0.5,4,Low
S02496,DBMS,Yes,No,No,No,No,No,Yes,Afternoon,High,Videos,0.5,3,Low
S02497,DSA,Yes,Yes,Yes,No,Yes,No,No,Afternoon,Medium,Videos,2.7,4,Medium
S02498,OS,Yes,Yes,No,Yes,Yes,No,Yes,Evening,High,Notes,3.5,4,High
S02499,OS,No,Yes,No,No,Yes,Yes,Yes,Evening,Low,Videos,2.8,3,Low
S02500,CN,Yes,Yes,Yes,No,Yes,Yes,No,Evening,High,Videos,3.2,6,Low
S02501,OS,Yes,No,Yes,No,Yes,No,No,Evening,High,Videos,2.2,5,Medium
S02502,DBMS,No,Yes,Yes,No,Yes,No,No,Night,High,Notes,1.6,4,Low
S02503,DBMS,No,Yes,Yes,No,No,No,Yes,Morning,High,Videos,2.9,7,Low
S02504,DSA,No,No,No,No,Yes,Yes,No,Morning,High,Mixed,3.2,3,Low
S02505,OS,Yes,No,Yes,Yes,Yes,No,Yes,Night,High,Notes,4.0,5,High
S02506,ML,Yes,Yes,No,No,No,No,No,Afternoon,Low,Notes,3.0,3,Low
S02507,CN,No,No,No,No,No,No,Yes,Afternoon,Medium,Notes,2.2,3,Low
S02508,ML,No,No,No,No,No,No,No,Morning,Medium,Videos,1.3,2,Low
S02509,DBMS,Yes,No,No,Yes,Yes,No,Yes,Evening,High,Notes,1.8,3,Low
S02510,CN,No,No,No,Yes,No,No,Yes,Evening,Medium,Notes,1.7,5,Low
S02511,OS,Yes,Yes,Yes,No,Yes,No,Yes,Afternoon,Low,Mixed,1.1,7,Medium
S02512,CN,Yes,Yes,No,No,No,Yes,Yes,Afternoon,Medium,Mixed,1.8,3,Low
S02513,DSA,Yes,Yes,Yes,Yes,No,Yes,Yes,Night,Medium,Videos,3.5,8,Medium
S02514,ML,Yes,No,No,No,No,No,Yes,Afternoon,High,Videos,2.3,5,Low
S02515,CN,Yes,Yes,Yes,Yes,No,No,Yes,Evening,High,Notes,3.1,8,Medium
S02516,DSA,No,No,Yes,Yes,Yes,No,Yes,Evening,Medium,Mixed,3.4,7,Medium
S02517,ML,Yes,Yes,Yes,No,Yes,No,Yes,Evening,Medium,Notes,3.1,7,Medium
S02518,DSA,Yes,Yes,Yes,No,Yes,No,Yes,Night,High,Mixed,2.8,6,High
S02519,ML,Yes,Yes,Yes,Yes,Yes,Yes,No,Night,High,Mixed,4.6,7,High
S02520,CN,Yes,Yes,Yes,No,Yes,No,Yes,Evening,High,Mixed,4.3,6,High
S02521,OS,Yes,Yes,Yes,No,No,No,Yes,Evening,Medium,Videos,2.0,5,Low
S02522,ML,Yes,Yes,No,No,No,No,Yes,Evening,High,Videos,2.8,2,Low
S02523,DBMS,Yes,No,Yes,No,No,No,No,Night,Medium,Videos,3.6,6,Low
S02524,OS,No,Yes,Yes,Yes,No,Yes,Yes,Morning,Medium,Notes,3.0,5,Medium
S02525,DBMS,No,No,No,Yes,No,No,No,Night,Medium,Notes,2.5,5,Low
S02526,ML,Yes,Yes,Yes,Yes,No,No,Yes,Night,Low,Videos,2.9,6,Medium
S02527,DSA,No,No,No,Yes,Yes,No,Yes,Evening,High,Mixed,2.6,6,Medium
S02528,ML,No,Yes,No,Yes,No,No,No,Evening,Medium,Videos,1.5,4,Low
S02529,CN,No,No,Yes,Yes,No,No,Yes,Night,Medium,Videos,2.4,6,High
S02530,ML,No,Yes,Yes,Yes,Yes,No,No,Afternoon,High,Videos,4.1,8,High
S02531,OS,No,Yes,No,No,No,Yes,Yes,Night,High,Notes,0.7,5,Low
S02532,OS,No,No,No,Yes,No,Yes,No,Afternoon,High,Mixed,1.5,5,Low
S02533,CN,No,Yes,No,Yes,No,No,No,Night,Low,Videos,3.2,3,Low
S02534,CN,Yes,Yes,Yes,Yes,Yes,Yes,Yes,Morning,High,Mixed,4.8,7,High
S02535,OS,No,Yes,No,Yes,Yes,No,No,Evening,Medium,Notes,3.0,3,Low
S02536,CN,Yes,No,Yes,No,Yes,No,No,Morning,High,Mixed,2.7,5,High
S02537,OS,No,Yes,No,No,No,No,No,Evening,High,Videos,2.7,4,Low
S02538,OS,Yes,Yes,Yes,No,Yes,No,No,Morning,High,Notes,2.1,6,Medium
S02539,DBMS,Yes,No,No,No,No,No,Yes,Morning,Medium,Notes,1.7,4,Low
S02540,DSA,Yes,No,No,No,No,No,No,Night,High,Notes,0.5,2,Low
S02541,OS,Yes,Yes,Yes,No,No,Yes,Yes,Night,High,Notes,1.8,5,Low
S02542,DSA,Yes,Yes,No,Yes,No,No,No,Evening,Medium,Videos,1.7,4,Low
S02543,DBMS,Yes,Yes,Yes,Yes,Yes,Yes,Yes,Night,High,Notes,4.4,7,High
S02544,DSA,Yes,Yes,Yes,No,Yes,No,No,Morning,High,Videos,2.5,4,Low
S02545,CN,Yes,Yes,Yes,No,No,Yes,Yes,Evening,High,Notes,2.2,4,Low
S02546,OS,Yes,No,No,No,Yes,No,Yes,Evening,High,Videos,1.7,4,Low
S02547,DBMS,No,No,Yes,Yes,Yes,Yes,No,Night,High,Notes,3.7,8,High
S02548,DBMS,Yes,Yes,Yes,No,No,Yes,Yes,Evening,High,Mixed,2.6,4,Medium
S02549,ML,Yes,Yes,No,No,No,No,Yes,Night,High,Notes,1.3,5,Low
S02550,DSA,Yes,Yes,Yes,No,No,No,Yes,Night,High,Notes,3.0,5,Low
S02551,ML,Yes,Yes,No,No,No,Yes,Yes,Afternoon,Low,Notes,3.0,4,Low
S02552,CN,Yes,Yes,Yes,Yes,No,No,Yes,Night,Low,Videos,4.4,8,Low
S02553,DSA,No,No,No,Yes,No,Yes,No,Night,Medium,Videos,4.1,5,Low
S02554,CN,No,No,No,Yes,No,No,No,Evening,High,Videos,1.9,6,Medium
S02555,ML,Yes,No,Yes,Yes,No,No,Yes,Night,Low,Notes,3.8,5,Low
S02556,OS,No,Yes,Yes,No,No,Yes,Yes,Morning,Low,Mixed,2.6,6,Low
S02557,ML,Yes,Yes,Yes,Yes,Yes,Yes,Yes,Evening,Medium,Mixed,5.6,7,High
S02558,ML,Yes,Yes,No,Yes,Yes,No,Yes,Evening,High,Notes,3.5,5,Low
S02559,DSA,Yes,No,Yes,Yes,No,No,No,Evening,High,Notes,3.8,7,Low
S02560,OS,Yes,Yes,No,No,No,No,Yes,Night,Medium,Videos,1.8,5,Low
S02561,ML,Yes,Yes,No,Yes,No,No,No,Evening,High,Mixed,2.1,4,Low
S02562,OS,No,Yes,No,Yes,Yes,Yes,Yes,Evening,High,Mixed,4.9,6,Medium
S02563,DBMS,No,No,Yes,No,No,No,No,Night,Low,Notes,1.4,7,Low
S02564,ML,Yes,No,Yes,Yes,No,No,Yes,Night,Medium,Videos,3.2,5,Medium
S02565,ML,Yes,Yes,Yes,No,Yes,No,No,Afternoon,Medium,Mixed,3.9,5,Medium
S02566,ML,Yes,Yes,Yes,Yes,Yes,No,No,Night,Medium,Notes,3.3,5,High
S02567,CN,Yes,Yes,Yes,No,No,No,Yes,Evening,Medium,Mixed,2.3,4,Low
S02568,OS,Yes,Yes,Yes,No,No,No,No,Afternoon,Low,Mixed,3.4,7,Low
S02569,OS,No,No,No,Yes,Yes,No,Yes,Night,High,Notes,2.7,3,Low
S02570,OS,No,Yes,Yes,No,Yes,No,Yes,Evening,High,Notes,2.1,4,Medium
S02571,CN,Yes,No,Yes,Yes,Yes,No,No,Morning,Medium,Videos,5.5,6,Medium
S02572,DSA,Yes,No,Yes,Yes,No,Yes,Yes,Night,Medium,Notes,3.3,7,Medium
S02573,OS,No,No,Yes,No,No,No,Yes,Morning,Low,Notes,2.2,7,Low
S02574,DSA,No,Yes,Yes,No,No,No,Yes,Evening,Medium,Notes,3.6,7,Low
S02575,DSA,Yes,No,No,Yes,No,No,No,Evening,Low,Videos,1.5,3,Low
S02576,ML,Yes,Yes,Yes,No,No,No,No,Night,Medium,Notes,1.3,4,Low
S02577,ML,No,Yes,Yes,Yes,Yes,No,Yes,Morning,Medium,Notes,3.7,5,High
S02578,DBMS,No,No,No,Yes,No,No,Yes,Night,High,Videos,2.5,3,Medium
S02579,CN,Yes,Yes,Yes,Yes,Yes,No,Yes,Evening,High,Mixed,2.5,7,High
S02580,ML,No,Yes,No,No,No,No,No,Afternoon,Low,Notes,1.1,3,Low
S02581,DSA,Yes,Yes,Yes,No,Yes,No,Yes,Night,Medium,Notes,3.2,5,Low
S02582,OS,No,Yes,No,No,No,No,Yes,Afternoon,Medium,Notes,1.1,2,Low
S02583,DBMS,Yes,No,No,No,Yes,Yes,No,Night,Medium,Notes,1.4,2,Low
S02584,DBMS,Yes,No,No,No,Yes,No,Yes,Night,Medium,Videos,1.3,2,Low
S02585,DBMS,Yes,No,Yes,Yes,Yes,Yes,Yes,Evening,Medium,Videos,3.8,6,High
S02586,DSA,Yes,Yes,Yes,Yes,No,No,Yes,Afternoon,High,Mixed,3.7,5,High
S02587,OS,Yes,Yes,No,No,No,Yes,No,Evening,High,Mixed,1.3,3,Low
S02588,OS,Yes,Yes,Yes,Yes,No,No,Yes,Night,High,Videos,2.1,6,High
S02589,DBMS,Yes,Yes,Yes,Yes,Yes,No,No,Afternoon,High,Mixed,3.4,8,High
S02590,ML,Yes,No,Yes,Yes,Yes,No,Yes,Afternoon,High,Videos,4.4,8,High
S02591,ML,No,No,Yes,Yes,Yes,Yes,No,Evening,Medium,Mixed,3.9,6,High
S02592,CN,No,No,No,No,Yes,No,No,Night,Medium,Notes,0.7,2,Low
S02593,ML,No,No,Yes,No,Yes,Yes,Yes,Morning,High,Videos,4.9,6,Medium
S02594,OS,Yes,Yes,Yes,No,Yes,Yes,Yes,Morning,High,Videos,3.8,7,Medium
S02595,CN,Yes,No,Yes,No,No,No,Yes,Night,High,Mixed,3.2,4,Medium
S02596,DSA,No,No,Yes,No,Yes,No,Yes,Night,Medium,Mixed,2.7,6,Medium
S02597,DBMS,Yes,No,Yes,Yes,Yes,No,Yes,Evening,High,Notes,4.0,6,High
S02598,OS,Yes,Yes,No,No,Yes,No,No,Evening,High,Mixed,1.7,5,Low
S02599,ML,No,No,No,Yes,No,No,No,Afternoon,Medium,Videos,2.8,3,Low
S02600,DSA,No,Yes,No,No,No,Yes,No,Night,Medium,Notes,2.0,4,Low
S02601,OS,Yes,No,No,No,No,No,No,Night,High,Notes,0.5,2,Low
S02602,OS,No,No,No,Yes,No,Yes,Yes,Morning,High,Notes,3.5,5,Medium
S02603,DSA,Yes,No,Yes,No,Yes,No,Yes,Night,High,Videos,3.8,6,High
S02604,DSA,No,Yes,No,No,Yes,No,Yes,Afternoon,High,Mixed,2.7,2,Low
S02605,DBMS,Yes,Yes,Yes,No,No,No,Yes,Evening,High,Mixed,1.9,7,Medium
S02606,DSA,Yes,No,Yes,Yes,No,Yes,No,Afternoon,Medium,Mixed,3.6,6,Medium
S02607,ML,Yes,No,Yes,Yes,No,Yes,Yes,Night,Medium,Mixed,1.7,6,Medium
S02608,ML,Yes,No,No,No,No,No,No,Evening,High,Mixed,2.0,2,Low
S02609,ML,No,Yes,No,No,Yes,Yes,Yes,Night,Medium,Videos,2.0,4,Low
S02610,CN,Yes,No,Yes,Yes,Yes,Yes,Yes,Evening,High,Notes,4.5,6,High
S02611,CN,No,No,No,No,Yes,No,Yes,Evening,Medium,Videos,0.9,4,Low
S02612,ML,No,Yes,Yes,No,No,Yes,No,Evening,Medium,Mixed,1.8,5,Low
S02613,OS,Yes,Yes,Yes,Yes,Yes,Yes,Yes,Morning,Low,Notes,3.6,7,Medium
S02614,DBMS,No,No,No,Yes,Yes,No,Yes,Evening,High,Videos,3.0,4,Medium
S02615,DBMS,Yes,Yes,No,Yes,Yes,No,Yes,Afternoon,High,Notes,3.2,3,Low
S02616,OS,Yes,No,No,Yes,No,No,Yes,Night,Medium,Mixed,3.7,5,Low
S02617,DBMS,Yes,Yes,Yes,Yes,Yes,No,Yes,Night,Medium,Mixed,3.6,8,High
S02618,OS,No,Yes,Yes,Yes,Yes,Yes,No,Night,Medium,Mixed,3.4,6,High
S02619,DBMS,No,Yes,Yes,No,Yes,No,Yes,Night,High,Mixed,4.3,6,Medium
S02620,DBMS,No,No,No,No,Yes,No,Yes,Morning,Medium,Mixed,1.6,4,Low
S02621,CN,No,No,No,No,Yes,No,No,Afternoon,Low,Mixed,2.7,5,Low
S02622,OS,No,No,Yes,Yes,No,Yes,Yes,Evening,Medium,Videos,2.4,6,Medium
S02623,OS,Yes,No,Yes,Yes,No,No,Yes,Morning,Medium,Videos,2.6,5,Medium
S02624,ML,No,No,Yes,Yes,No,No,Yes,Evening,Medium,Mixed,4.7,8,Medium
S02625,CN,Yes,No,Yes,No,Yes,No,Yes,Evening,High,Mixed,3.9,5,Medium
S02626,DBMS,Yes,No,Yes,Yes,Yes,No,No,Afternoon,High,Videos,4.4,5,High
S02627,DBMS,Yes,Yes,Yes,No,No,No,Yes,Evening,Medium,Videos,3.5,5,Low
S02628,DBMS,Yes,Yes,Yes,No,Yes,No,Yes,Night,Medium,Mixed,3.3,6,High
S02629,DSA,Yes,Yes,Yes,No,No,Yes,Yes,Evening,Medium,Videos,2.2,4,Low
S02630,DSA,Yes,No,Yes,No,No,Yes,Yes,Evening,Medium,Notes,2.1,5,Medium
S02631,DSA,Yes,Yes,Yes,No,Yes,Yes,Yes,Night,Medium,Mixed,3.5,5,Medium
S02632,DSA,Yes,No,No,No,Yes,No,Yes,Night,Medium,Mixed,2.0,3,Low
S02633,CN,No,No,Yes,Yes,No,No,Yes,Night,Medium,Videos,3.0,5,Medium
S02634,OS,No,Yes,Yes,No,No,No,Yes,Afternoon,Medium,Mixed,4.0,7,Low
S02635,OS,Yes,Yes,Yes,Yes,Yes,Yes,Yes,Morning,Medium,Videos,4.5,7,High
S02636,CN,Yes,No,Yes,Yes,Yes,No,No,Night,High,Mixed,3.1,6,High
S02637,DBMS,Yes,Yes,Yes,No,No,No,Yes,Evening,High,Videos,3.9,6,Low
S02638,ML,Yes,No,Yes,Yes,No,No,Yes,Evening,Low,Videos,2.6,7,Low
S02639,DSA,No,No,Yes,Yes,Yes,No,Yes,Afternoon,High,Videos,3.8,7,High
S02640,DBMS,Yes,Yes,No,No,No,No,No,Afternoon,Medium,Notes,1.5,3,Low
S02641,OS,No,No,No,Yes,No,Yes,No,Evening,Low,Notes,3.1,5,Low
S02642,CN,No,No,Yes,No,Yes,No,No,Morning,High,Mixed,3.9,6,Medium
S02643,OS,Yes,Yes,Yes,No,Yes,No,Yes,Evening,Medium,Videos,2.1,4,Medium
S02644,DSA,No,Yes,No,Yes,Yes,No,Yes,Afternoon,High,Mixed,3.5,6,Low
S02645,DBMS,Yes,Yes,Yes,Yes,No,No,Yes,Morning,Medium,Videos,2.7,7,High
S02646,DSA,No,No,No,No,No,No,No,Evening,Medium,Videos,1.8,5,Low
S02647,DSA,No,Yes,No,Yes,No,No,Yes,Evening,High,Videos,1.2,6,Medium
S02648,ML,No,Yes,Yes,No,No,No,Yes,Night,High,Notes,3.2,6,Medium
S02649,DBMS,No,Yes,Yes,Yes,No,No,Yes,Afternoon,High,Mixed,2.6,8,Medium
S02650,DSA,No,Yes,Yes,Yes,Yes,Yes,Yes,Evening,Medium,Videos,4.4,6,High
S02651,DSA,No,Yes,No,No,Yes,No,Yes,Evening,High,Videos,2.0,5,Low
S02652,CN,Yes,No,Yes,Yes,No,Yes,No,Morning,Medium,Videos,4.1,6,Low
S02653,CN,No,Yes,No,Yes,No,No,No,Morning,High,Mixed,2.4,4,Low
S02654,ML,No,No,No,No,No,Yes,No,Evening,Medium,Notes,1.8,2,Low
S02655,ML,Yes,Yes,No,Yes,Yes,No,No,Evening,High,Notes,2.3,4,Medium
S02656,ML,No,Yes,No,Yes,No,No,Yes,Night,High,Notes,2.4,5,Medium
S02657,DBMS,Yes,Yes,Yes,No,No,No,Yes,Evening,Medium,Mixed,0.9,4,Low
S02658,DSA,Yes,No,Yes,Yes,Yes,No,Yes,Afternoon,Medium,Mixed,4.6,6,High
S02659,DBMS,Yes,No,Yes,No,Yes,No,No,Night,High,Notes,5.0,6,High
S02660,ML,Yes,Yes,No,No,No,No,Yes,Morning,Medium,Videos,1.6,4,Low
S02661,CN,No,No,No,No,No,No,Yes,Evening,Medium,Notes,2.4,4,Low
S02662,DBMS,Yes,Yes,Yes,Yes,Yes,No,Yes,Night,High,Videos,3.2,8,High
S02663,CN,Yes,Yes,No,No,No,No,Yes,Morning,High,Mixed,2.1,2,Low
S02664,DSA,Yes,No,Yes,Yes,No,No,Yes,Afternoon,High,Videos,3.7,8,High
S02665,DBMS,Yes,Yes,Yes,No,No,No,Yes,Morning,High,Notes,3.0,7,Low
S02666,CN,No,Yes,No,No,No,No,Yes,Afternoon,High,Videos,1.9,2,Low
S02667,ML,No,Yes,No,No,No,No,No,Afternoon,High,Videos,1.5,4,Low
S02668,DSA,Yes,No,No,No,No,No,No,Afternoon,High,Notes,1.3,4,Low
S02669,DSA,Yes,Yes,Yes,Yes,No,No,No,Evening,Medium,Mixed,2.9,5,Medium
S02670,CN,Yes,No,Yes,Yes,No,Yes,Yes,Night,Low,Mixed,4.7,6,Low
S02671,OS,Yes,Yes,Yes,No,No,No,Yes,Morning,High,Mixed,2.7,5,Medium
S02672,CN,Yes,No,Yes,Yes,Yes,Yes,Yes,Afternoon,High,Notes,3.7,6,High
S02673,DSA,Yes,Yes,Yes,Yes,No,Yes,Yes,Afternoon,Medium,Videos,4.5,5,Medium
S02674,ML,Yes,No,No,No,Yes,No,Yes,Night,Medium,Videos,2.7,4,Low
S02675,OS,Yes,Yes,Yes,Yes,Yes,No,Yes,Night,High,Videos,4.5,6,High
S02676,DSA,Yes,Yes,Yes,Yes,Yes,No,Yes,Evening,Medium,Notes,4.2,8,High
S02677,ML,Yes,Yes,Yes,Yes,No,Yes,Yes,Night,High,Videos,4.7,8,Medium
S02678,DSA,No,No,Yes,Yes,Yes,Yes,Yes,Night,High,Mixed,3.5,8,High
S02679,OS,No,Yes,No,Yes,Yes,Yes,Yes,Afternoon,Low,Mixed,2.4,5,Medium
S02680,OS,Yes,No,No,Yes,No,No,Yes,Morning,High,Notes,1.5,4,Medium
S02681,CN,No,No,No,No,No,No,No,Night,High,Mixed,1.7,4,Low
S02682,CN,No,Yes,Yes,No,Yes,No,Yes,Night,Low,Notes,3.6,7,Low
S02683,ML,Yes,Yes,Yes,Yes,Yes,No,Yes,Evening,Medium,Videos,3.1,7,High
S02684,CN,Yes,Yes,Yes,No,No,No,No,Evening,High,Mixed,3.2,4,Low
S02685,DSA,Yes,Yes,Yes,Yes,Yes,No,Yes,Afternoon,High,Mixed,4.2,5,High
S02686,DSA,No,Yes,No,No,Yes,No,Yes,Afternoon,Low,Notes,3.3,4,Low
S02687,ML,Yes,No,Yes,Yes,No,No,No,Evening,High,Videos,4.9,8,Medium
S02688,CN,No,Yes,No,No,No,Yes,Yes,Evening,High,Notes,0.9,4,Low
S02689,OS,Yes,Yes,Yes,No,Yes,Yes,No,Morning,High,Videos,2.6,7,High
S02690,OS,Yes,No,No,No,No,No,Yes,Evening,High,Mixed,0.5,5,Low
S02691,ML,No,Yes,No,Yes,No,No,Yes,Evening,High,Notes,2.1,5,Low
S02692,DBMS,Yes,No,No,No,No,No,Yes,Night,High,Mixed,0.5,4,Low
S02693,ML,No,No,No,Yes,No,Yes,No,Night,High,Notes,1.4,6,Low
S02694,DBMS,No,Yes,Yes,Yes,No,No,No,Night,High,Mixed,4.0,7,Medium
S02695,OS,No,No,No,No,Yes,No,No,Morning,Low,Notes,2.8,2,Low
S02696,ML,Yes,No,Yes,No,Yes,No,Yes,Night,Medium,Notes,3.9,7,Medium
S02697,DBMS,No,No,No,No,No,Yes,No,Night,High,Notes,1.7,4,Low
S02698,CN,Yes,No,Yes,No,No,Yes,Yes,Evening,High,Mixed,2.9,4,Low
S02699,DSA,Yes,No,Yes,No,No,No,Yes,Afternoon,High,Videos,3.4,4,Medium
S02700,DBMS,No,No,No,Yes,No,Yes,Yes,Morning,Low,Notes,1.9,5,Low
S02701,DBMS,No,No,Yes,Yes,Yes,No,Yes,Morning,Medium,Notes,4.4,6,High
S02702,DSA,Yes,No,Yes,Yes,Yes,No,Yes,Afternoon,Medium,Videos,4.7,7,High
S02703,DSA,Yes,No,Yes,Yes,No,No,Yes,Evening,High,Mixed,3.6,8,Medium
S02704,CN,No,No,No,No,No,No,Yes,Night,High,Mixed,1.5,2,Low
S02705,CN,No,Yes,No,No,No,Yes,No,Afternoon,High,Videos,2.5,2,Low
S02706,DBMS,Yes,No,No,No,No,No,No,Afternoon,High,Mixed,0.5,2,Low
S02707,CN,No,Yes,No,Yes,No,No,No,Afternoon,High,Notes,0.5,6,Medium
S02708,DSA,Yes,Yes,Yes,Yes,No,Yes,Yes,Night,Medium,Notes,3.0,6,High
S02709,DBMS,Yes,Yes,Yes,No,No,No,Yes,Morning,High,Notes,1.1,7,Low
S02710,CN,No,Yes,Yes,Yes,Yes,No,No,Evening,Medium,Notes,5.5,8,High
S02711,ML,No,No,No,Yes,No,No,Yes,Afternoon,High,Videos,3.9,4,Low
S02712,OS,Yes,Yes,No,No,No,Yes,Yes,Evening,Medium,Videos,1.7,5,Low
S02713,DBMS,Yes,No,Yes,Yes,Yes,No,Yes,Morning,Medium,Mixed,2.3,8,High
S02714,DBMS,Yes,Yes,Yes,Yes,Yes,No,Yes,Night,Medium,Mixed,2.9,8,High
S02715,OS,No,Yes,No,No,No,No,Yes,Evening,High,Videos,0.7,5,Low
S02716,ML,Yes,Yes,Yes,Yes,Yes,Yes,Yes,Afternoon,High,Notes,3.7,8,High
S02717,ML,Yes,Yes,No,No,No,No,Yes,Afternoon,High,Videos,0.5,2,Low
S02718,CN,No,No,No,No,Yes,No,Yes,Night,Medium,Notes,3.5,5,Low
S02719,DSA,Yes,Yes,Yes,Yes,No,No,Yes,Evening,High,Videos,3.1,8,Medium
S02720,DBMS,Yes,Yes,Yes,No,Yes,No,No,Evening,Medium,Videos,2.7,7,Low
S02721,OS,Yes,Yes,Yes,Yes,Yes,Yes,No,Night,Low,Mixed,4.3,5,High
S02722,ML,No,Yes,No,Yes,Yes,Yes,Yes,Night,Medium,Notes,2.7,6,Low
S02723,CN,Yes,Yes,Yes,No,Yes,Yes,Yes,Night,High,Notes,1.7,4,Medium
S02724,DBMS,Yes,No,Yes,Yes,No,No,No,Morning,High,Notes,4.5,7,Medium
S02725,OS,Yes,Yes,No,Yes,No,Yes,No,Evening,High,Videos,1.6,3,Low
S02726,DBMS,No,Yes,No,Yes,No,No,Yes,Evening,High,Notes,1.9,6,Low
S02727,CN,No,No,Yes,Yes,No,No,No,Night,Low,Mixed,4.3,6,Medium
S02728,DSA,Yes,No,No,Yes,Yes,No,No,Evening,High,Notes,1.6,4,Low
S02729,DSA,Yes,Yes,Yes,Yes,Yes,Yes,Yes,Evening,Low,Notes,3.5,5,High
S02730,CN,No,No,No,No,No,Yes,No,Afternoon,High,Videos,2.6,4,Low
S02731,OS,Yes,No,Yes,No,No,No,Yes,Evening,High,Videos,2.6,4,Medium
S02732,OS,Yes,Yes,No,No,Yes,No,No,Evening,High,Mixed,1.1,5,Low
S02733,DBMS,Yes,Yes,Yes,Yes,Yes,No,Yes,Night,High,Mixed,3.5,7,High
S02734,OS,Yes,No,Yes,Yes,No,No,Yes,Evening,Low,Videos,2.7,5,Low
S02735,CN,Yes,No,No,No,No,No,Yes,Night,Medium,Mixed,0.5,2,Low
S02736,OS,Yes,No,Yes,No,No,No,Yes,Night,High,Videos,1.1,4,Low
S02737,ML,Yes,Yes,Yes,No,Yes,Yes,Yes,Morning,Low,Mixed,2.9,6,Low
S02738,OS,Yes,No,Yes,Yes,Yes,No,Yes,Morning,High,Notes,2.1,8,High
S02739,DBMS,No,Yes,Yes,No,No,No,No,Night,High,Mixed,1.6,6,Low
S02740,DSA,Yes,No,Yes,No,Yes,Yes,Yes,Evening,High,Mixed,1.8,5,High
S02741,DSA,Yes,No,Yes,Yes,Yes,Yes,No,Afternoon,Low,Videos,3.6,6,Medium
S02742,OS,No,Yes,No,No,Yes,No,No,Evening,High,Videos,2.5,2,Low
S02743,ML,Yes,Yes,No,Yes,No,Yes,No,Evening,High,Mixed,1.8,3,Low
S02744,ML,No,No,No,No,No,No,No,Morning,Medium,Mixed,1.3,2,Low
S02745,CN,Yes,No,No,No,No,Yes,No,Night,High,Videos,2.4,5,Low
S02746,ML,No,Yes,No,Yes,Yes,No,Yes,Afternoon,High,Notes,2.0,4,Medium
S02747,DBMS,Yes,No,Yes,Yes,Yes,Yes,Yes,Evening,Medium,Notes,3.9,6,High
S02748,CN,Yes,Yes,Yes,Yes,No,No,No,Night,Medium,Mixed,4.3,7,Medium
S02749,OS,Yes,Yes,Yes,No,No,Yes,Yes,Night,Low,Mixed,3.9,7,Low
S02750,ML,Yes,Yes,Yes,No,No,No,Yes,Afternoon,Low,Notes,3.5,5,Low
S02751,DSA,Yes,No,No,Yes,No,No,Yes,Morning,Medium,Mixed,1.5,4,Low
S02752,ML,No,Yes,No,No,No,No,Yes,Morning,High,Videos,0.8,4,Low
S02753,DBMS,No,No,Yes,Yes,Yes,No,No,Afternoon,Medium,Notes,4.5,5,High
S02754,CN,Yes,Yes,Yes,Yes,No,No,Yes,Afternoon,High,Notes,4.1,7,High
S02755,OS,No,No,Yes,Yes,Yes,No,Yes,Evening,High,Videos,4.6,5,Medium
S02756,DSA,No,No,No,No,No,No,Yes,Morning,High,Notes,0.5,2,Low
S02757,ML,No,Yes,Yes,No,No,No,No,Afternoon,Medium,Videos,1.0,5,Low
S02758,DSA,No,Yes,No,No,No,No,Yes,Evening,Medium,Notes,2.5,2,Low
S02759,DSA,No,Yes,No,No,No,No,No,Morning,High,Videos,1.7,4,Low
S02760,CN,Yes,Yes,Yes,No,Yes,No,No,Afternoon,Low,Notes,3.2,6,Low
S02761,ML,No,No,No,Yes,No,No,No,Evening,High,Notes,1.9,4,Low
S02762,OS,No,No,No,Yes,Yes,Yes,No,Evening,High,Videos,2.1,5,Low
S02763,DSA,Yes,Yes,No,Yes,Yes,No,No,Evening,High,Notes,2.8,5,Medium
S02764,OS,Yes,No,Yes,Yes,No,Yes,Yes,Evening,High,Notes,2.6,8,Medium
S02765,OS,Yes,Yes,Yes,Yes,No,No,No,Evening,Medium,Mixed,3.1,5,High
S02766,OS,No,Yes,No,No,No,No,Yes,Night,Medium,Videos,3.5,2,Low
S02767,DSA,Yes,Yes,No,Yes,No,No,No,Evening,Low,Mixed,2.5,4,Medium
S02768,DSA,No,Yes,No,No,No,No,No,Evening,Low,Mixed,0.9,3,Low
S02769,OS,No,No,No,No,No,No,Yes,Night,Low,Mixed,0.9,5,Low
S02770,DSA,No,Yes,No,Yes,No,No,Yes,Afternoon,Medium,Videos,2.2,6,Low
S02771,ML,Yes,Yes,Yes,Yes,Yes,No,Yes,Night,Medium,Notes,2.2,7,High
S02772,DBMS,No,Yes,Yes,Yes,Yes,Yes,Yes,Evening,Medium,Notes,4.4,5,High
S02773,ML,No,No,Yes,No,Yes,No,Yes,Evening,Medium,Videos,4.6,5,Medium
S02774,CN,Yes,Yes,Yes,Yes,No,No,No,Night,Medium,Videos,3.7,5,Medium
S02775,OS,No,Yes,No,No,Yes,No,Yes,Morning,High,Mixed,1.5,3,Medium
S02776,OS,Yes,Yes,Yes,No,Yes,No,Yes,Morning,High,Notes,2.6,4,High
S02777,DSA,No,Yes,No,No,Yes,No,Yes,Evening,High,Videos,1.9,2,Low
S02778,DSA,Yes,Yes,Yes,Yes,Yes,Yes,No,Evening,High,Mixed,4.0,7,High
S02779,DBMS,Yes,Yes,Yes,No,No,No,No,Night,High,Notes,2.4,6,Low
S02780,DBMS,Yes,No,No,No,Yes,No,No,Evening,Medium,Notes,2.4,2,Low
S02781,DBMS,Yes,Yes,Yes,No,No,No,Yes,Afternoon,Medium,Videos,2.3,4,Low
S02782,DSA,Yes,No,Yes,Yes,No,No,Yes,Evening,Low,Mixed,4.2,8,Low
S02783,DSA,No,No,No,No,No,Yes,No,Afternoon,Low,Videos,0.5,3,Low
S02784,DBMS,Yes,Yes,Yes,No,Yes,No,No,Evening,Medium,Notes,2.0,6,High
S02785,ML,Yes,No,Yes,Yes,No,No,Yes,Evening,High,Mixed,4.2,8,High
S02786,OS,No,Yes,No,No,No,No,Yes,Afternoon,Low,Videos,1.1,3,Low
S02787,DBMS,No,No,Yes,Yes,Yes,No,Yes,Evening,High,Videos,3.9,5,High
S02788,OS,Yes,No,Yes,Yes,Yes,No,Yes,Evening,High,Mixed,3.5,6,High
S02789,DBMS,No,No,No,No,No,No,No,Night,High,Notes,0.5,5,Low
S02790,ML,Yes,Yes,Yes,No,No,No,Yes,Evening,Medium,Notes,2.8,5,Medium
S02791,CN,No,No,No,Yes,No,No,No,Evening,High,Mixed,2.4,5,Low
S02792,DSA,Yes,Yes,No,Yes,No,No,Yes,Evening,Low,Mixed,4.8,6,Low
S02793,DBMS,No,No,Yes,Yes,No,Yes,Yes,Evening,High,Notes,3.4,5,Medium
S02794,DBMS,No,Yes,No,Yes,Yes,Yes,Yes,Evening,Low,Mixed,4.1,5,Low
S02795,ML,No,Yes,Yes,No,Yes,Yes,Yes,Night,High,Videos,3.0,4,Medium
S02796,OS,Yes,No,Yes,Yes,No,No,Yes,Afternoon,High,Mixed,4.5,8,Medium
S02797,DBMS,No,No,No,No,Yes,No,Yes,Evening,High,Mixed,1.5,5,Low
S02798,CN,Yes,Yes,No,No,Yes,No,Yes,Morning,Medium,Notes,1.1,5,Low
S02799,DBMS,No,No,Yes,No,No,Yes,No,Evening,High,Mixed,1.4,5,Low
S02800,ML,No,No,Yes,Yes,Yes,No,Yes,Evening,Low,Notes,3.3,8,High
S02801,DBMS,No,No,Yes,No,Yes,No,Yes,Morning,High,Videos,2.7,5,Medium
S02802,OS,Yes,No,No,No,No,Yes,Yes,Evening,Medium,Notes,0.5,4,Low
S02803,DSA,Yes,Yes,Yes,Yes,Yes,No,No,Evening,High,Videos,4.7,7,High
S02804,ML,Yes,Yes,No,No,Yes,No,No,Morning,Medium,Videos,0.5,5,Low
S02805,CN,Yes,No,Yes,Yes,No,No,Yes,Evening,High,Notes,3.8,6,Medium
S02806,OS,Yes,Yes,Yes,Yes,Yes,No,No,Night,Low,Videos,3.6,8,Medium
S02807,CN,Yes,No,No,No,Yes,No,No,Evening,High,Notes,3.5,4,Low
S02808,ML,No,No,No,No,No,No,No,Night,Medium,Notes,1.4,3,Low
S02809,OS,Yes,No,Yes,Yes,Yes,Yes,No,Evening,High,Notes,3.7,8,High
S02810,DBMS,Yes,Yes,Yes,No,No,Yes,Yes,Afternoon,Medium,Notes,3.5,6,Low
S02811,CN,Yes,No,No,Yes,Yes,No,Yes,Morning,High,Mixed,1.9,3,Medium
S02812,DBMS,No,No,No,No,No,No,No,Afternoon,High,Mixed,1.4,4,Low
S02813,ML,No,Yes,No,Yes,No,No,Yes,Evening,High,Mixed,3.1,3,Low
S02814,CN,Yes,Yes,No,Yes,No,No,Yes,Afternoon,Medium,Notes,2.4,5,Low
S02815,DBMS,Yes,Yes,No,Yes,No,Yes,Yes,Evening,High,Mixed,3.3,3,Medium
S02816,OS,Yes,Yes,Yes,Yes,No,No,Yes,Night,Medium,Videos,2.7,5,Medium
S02817,DBMS,Yes,No,Yes,Yes,No,No,Yes,Morning,High,Mixed,2.7,7,Medium
S02818,OS,Yes,No,Yes,Yes,Yes,No,Yes,Morning,High,Mixed,4.6,6,High
S02819,DSA,Yes,Yes,No,Yes,No,No,Yes,Evening,Medium,Mixed,1.6,6,Medium
S02820,CN,No,No,No,Yes,No,No,Yes,Morning,High,Mixed,1.6,6,Low
S02821,ML,Yes,Yes,Yes,Yes,Yes,Yes,No,Afternoon,High,Notes,3.9,5,High
S02822,CN,No,Yes,No,Yes,Yes,No,No,Evening,High,Notes,3.3,6,Medium
S02823,OS,Yes,Yes,Yes,Yes,Yes,No,No,Night,Medium,Notes,4.7,7,High
S02824,DBMS,No,No,No,No,Yes,No,Yes,Evening,High,Mixed,2.1,4,Low
S02825,ML,No,No,Yes,Yes,Yes,No,No,Morning,High,Videos,4.4,8,High
S02826,DSA,No,No,No,No,Yes,No,Yes,Evening,Medium,Notes,3.5,4,Low
S02827,OS,Yes,No,Yes,No,No,No,Yes,Evening,Medium,Notes,3.4,7,Low
S02828,DSA,Yes,Yes,Yes,No,Yes,No,Yes,Morning,Low,Videos,2.9,4,Medium
S02829,ML,No,No,No,No,Yes,Yes,No,Evening,Medium,Videos,2.5,4,Low
S02830,CN,No,Yes,Yes,Yes,No,Yes,Yes,Evening,Medium,Videos,5.0,8,High
S02831,OS,Yes,Yes,No,No,Yes,No,Yes,Night,High,Mixed,2.7,4,Medium
S02832,OS,Yes,Yes,No,No,No,No,Yes,Evening,High,Mixed,1.3,4,Low
S02833,DSA,Yes,Yes,Yes,Yes,No,No,Yes,Night,Low,Videos,5.2,6,Low
S02834,DBMS,No,Yes,No,No,No,Yes,Yes,Night,High,Mixed,2.7,5,Low
S02835,OS,No,Yes,No,No,No,No,Yes,Afternoon,Medium,Videos,2.6,4,Low
S02836,DSA,No,Yes,Yes,No,No,No,Yes,Evening,High,Videos,2.2,4,Low
S02837,DBMS,No,No,No,Yes,Yes,Yes,Yes,Night,High,Mixed,2.2,6,Medium
S02838,DSA,Yes,Yes,Yes,Yes,Yes,No,Yes,Evening,Medium,Mixed,5.0,7,High
S02839,OS,Yes,Yes,Yes,Yes,Yes,No,No,Morning,Medium,Videos,3.2,8,High
S02840,CN,Yes,No,Yes,No,Yes,No,No,Night,Low,Videos,1.7,4,Medium
S02841,OS,No,No,Yes,No,No,No,Yes,Afternoon,Medium,Videos,3.1,4,Low
S02842,DSA,Yes,Yes,No,No,No,No,Yes,Afternoon,High,Videos,3.0,2,Low
S02843,DSA,Yes,No,No,No,No,Yes,No,Evening,Medium,Notes,0.5,2,Low
S02844,OS,Yes,Yes,No,No,No,No,No,Afternoon,High,Mixed,3.0,3,Low
S02845,DBMS,Yes,Yes,No,Yes,No,No,Yes,Evening,High,Videos,1.6,5,Medium
S02846,OS,Yes,Yes,No,No,No,Yes,Yes,Afternoon,High,Videos,1.9,4,Low
S02847,CN,Yes,Yes,No,Yes,No,No,No,Morning,Medium,Notes,3.4,3,Low
S02848,CN,Yes,No,No,Yes,No,No,No,Morning,High,Mixed,2.3,6,Medium
S02849,DBMS,No,Yes,No,Yes,No,No,Yes,Afternoon,Low,Mixed,2.9,4,Low
S02850,ML,Yes,No,Yes,Yes,Yes,No,Yes,Evening,High,Notes,3.6,8,High
S02851,CN,Yes,No,Yes,Yes,Yes,No,Yes,Night,High,Videos,4.8,8,High
S02852,ML,Yes,No,Yes,No,Yes,No,Yes,Afternoon,Medium,Mixed,4.4,6,Medium
S02853,OS,No,Yes,Yes,No,Yes,Yes,No,Evening,High,Videos,2.9,7,Medium
S02854,ML,Yes,Yes,Yes,Yes,No,No,Yes,Night,High,Notes,2.8,6,High
S02855,CN,No,No,Yes,Yes,No,Yes,Yes,Evening,Medium,Mixed,2.9,6,Medium
S02856,OS,No,No,Yes,No,No,Yes,No,Night,High,Mixed,2.9,7,Low
S02857,DBMS,No,Yes,Yes,No,Yes,Yes,No,Evening,High,Notes,2.1,4,Medium
S02858,CN,Yes,Yes,No,No,Yes,No,No,Night,High,Notes,2.6,2,Low
S02859,CN,No,No,No,Yes,Yes,No,Yes,Afternoon,High,Videos,3.0,4,Low
S02860,CN,Yes,No,Yes,No,Yes,No,Yes,Evening,High,Videos,3.5,6,Medium
S02861,DBMS,Yes,No,No,No,Yes,No,No,Morning,Medium,Notes,2.1,3,Low
S02862,OS,Yes,No,No,No,Yes,No,Yes,Night,High,Notes,2.7,4,Low
S02863,CN,Yes,Yes,No,No,No,Yes,No,Afternoon,High,Notes,0.7,2,Low
S02864,OS,Yes,Yes,Yes,Yes,Yes,No,No,Morning,Medium,Notes,1.5,7,High
S02865,CN,Yes,No,Yes,No,Yes,Yes,No,Evening,High,Mixed,3.7,5,Low
S02866,CN,Yes,No,Yes,No,No,Yes,Yes,Morning,High,Videos,1.3,4,Low
S02867,ML,Yes,Yes,No,No,No,No,No,Afternoon,High,Videos,1.7,3,Low
S02868,ML,Yes,No,Yes,Yes,No,Yes,Yes,Evening,High,Videos,2.3,8,Medium
S02869,DSA,No,Yes,No,Yes,Yes,No,Yes,Morning,Low,Videos,3.7,5,Low
S02870,DBMS,Yes,Yes,No,No,Yes,No,No,Morning,High,Videos,1.5,2,Low
S02871,DSA,No,No,No,No,No,No,Yes,Evening,High,Videos,0.8,2,Low
S02872,DSA,Yes,Yes,Yes,Yes,No,No,No,Afternoon,High,Videos,4.0,5,High
S02873,DSA,Yes,Yes,No,No,No,No,Yes,Evening,Medium,Notes,2.0,2,Low
S02874,DBMS,Yes,No,No,Yes,No,No,No,Morning,High,Notes,2.9,4,Low
S02875,DSA,Yes,Yes,Yes,Yes,Yes,No,No,Evening,Medium,Mixed,3.0,7,High
S02876,CN,Yes,Yes,No,Yes,No,No,No,Evening,High,Notes,1.3,5,Medium
S02877,CN,Yes,No,Yes,No,No,No,No,Evening,Medium,Mixed,3.1,4,Low
S02878,OS,Yes,Yes,Yes,No,Yes,No,Yes,Evening,High,Notes,2.8,5,Medium
S02879,DSA,Yes,No,No,No,No,Yes,No,Evening,Low,Notes,0.5,3,Low
S02880,CN,Yes,Yes,Yes,No,No,Yes,No,Evening,Medium,Mixed,2.6,4,Medium
S02881,ML,Yes,Yes,Yes,Yes,Yes,No,Yes,Evening,Medium,Mixed,6.1,5,High
S02882,CN,Yes,No,No,Yes,No,No,Yes,Afternoon,Medium,Videos,1.9,4,Low
S02883,DSA,Yes,Yes,Yes,No,No,No,No,Evening,High,Videos,1.7,7,Medium
S02884,DBMS,Yes,No,Yes,Yes,Yes,No,Yes,Morning,High,Mixed,3.4,5,High
S02885,DSA,Yes,No,Yes,Yes,No,Yes,Yes,Evening,High,Mixed,2.6,8,Medium
S02886,CN,Yes,No,Yes,Yes,Yes,Yes,No,Evening,High,Notes,4.8,8,High
S02887,ML,Yes,Yes,Yes,Yes,No,No,Yes,Night,High,Notes,4.9,7,Medium
S02888,DSA,No,Yes,Yes,Yes,Yes,No,No,Evening,High,Mixed,4.4,7,High
S02889,ML,Yes,No,No,Yes,No,No,Yes,Night,Medium,Notes,2.6,6,Low
S02890,OS,Yes,Yes,Yes,No,Yes,No,No,Night,Medium,Videos,3.1,5,Low
S02891,OS,Yes,No,Yes,Yes,Yes,No,Yes,Afternoon,High,Notes,5.6,6,High
S02892,DSA,No,No,Yes,No,No,No,Yes,Evening,Medium,Videos,3.4,7,Medium
S02893,DSA,Yes,Yes,Yes,Yes,Yes,No,Yes,Afternoon,High,Videos,5.4,7,High
S02894,DBMS,Yes,Yes,Yes,No,No,No,Yes,Morning,Medium,Notes,1.2,4,Medium
S02895,OS,No,No,Yes,Yes,Yes,Yes,Yes,Night,Low,Mixed,5.2,5,Medium
S02896,OS,Yes,No,Yes,Yes,Yes,Yes,Yes,Night,High,Videos,4.5,7,High
S02897,DSA,No,Yes,Yes,Yes,No,No,Yes,Morning,High,Videos,4.4,5,Medium
S02898,ML,Yes,No,Yes,Yes,Yes,No,Yes,Evening,Medium,Notes,5.4,5,High
S02899,DSA,No,No,Yes,No,No,No,Yes,Night,Medium,Videos,1.8,6,Low
S02900,DBMS,Yes,Yes,Yes,Yes,Yes,No,Yes,Morning,High,Videos,4.2,5,High
S02901,OS,Yes,Yes,Yes,Yes,No,No,Yes,Evening,High,Videos,2.4,5,High
S02902,CN,No,No,Yes,No,No,No,Yes,Afternoon,Medium,Mixed,3.9,7,Low
S02903,ML,Yes,No,Yes,No,Yes,Yes,Yes,Evening,High,Mixed,2.3,7,Medium
S02904,ML,No,No,No,No,Yes,Yes,No,Morning,High,Notes,0.6,3,Low
S02905,ML,Yes,Yes,Yes,Yes,Yes,No,Yes,Morning,High,Mixed,3.0,8,High
S02906,DBMS,No,No,No,No,Yes,No,Yes,Morning,Low,Videos,1.5,2,Low
S02907,OS,No,No,No,Yes,No,No,No,Night,High,Notes,1.5,5,Low
S02908,ML,Yes,No,Yes,No,No,No,Yes,Morning,High,Notes,2.6,5,Medium
S02909,CN,No,Yes,Yes,Yes,Yes,No,Yes,Afternoon,Medium,Mixed,4.7,6,High
S02910,CN,Yes,Yes,Yes,No,Yes,No,Yes,Evening,High,Mixed,1.9,7,High
S02911,OS,No,No,No,No,No,No,Yes,Evening,High,Notes,2.6,2,Low
S02912,DBMS,Yes,Yes,Yes,Yes,No,Yes,No,Morning,Medium,Notes,3.6,7,Medium
S02913,DSA,Yes,Yes,Yes,No,Yes,No,Yes,Evening,High,Notes,4.2,7,Medium
S02914,OS,No,No,No,No,No,No,No,Evening,High,Videos,1.7,2,Low
S02915,CN,Yes,Yes,No,No,Yes,Yes,Yes,Afternoon,Medium,Notes,3.1,2,Low
S02916,ML,Yes,No,Yes,Yes,No,Yes,Yes,Night,High,Videos,2.3,7,Medium
S02917,ML,Yes,Yes,No,No,No,Yes,Yes,Night,Medium,Videos,1.6,4,Low
S02918,OS,No,No,Yes,Yes,Yes,No,Yes,Afternoon,Low,Videos,3.3,8,Medium
S02919,ML,Yes,Yes,Yes,No,Yes,No,Yes,Afternoon,High,Videos,3.7,6,Medium
S02920,CN,No,No,Yes,No,Yes,Yes,Yes,Evening,Medium,Videos,3.6,5,Medium
S02921,ML,No,No,No,No,No,Yes,Yes,Night,Medium,Notes,2.3,3,Low
S02922,DBMS,Yes,No,Yes,No,Yes,No,Yes,Night,Low,Mixed,3.7,4,Low
S02923,DSA,Yes,Yes,No,No,No,No,Yes,Night,Medium,Mixed,2.3,5,Low
S02924,DBMS,No,Yes,No,No,No,No,No,Night,High,Videos,1.7,2,Low
S02925,DSA,Yes,No,Yes,No,No,Yes,No,Afternoon,Medium,Videos,2.1,5,Low
S02926,CN,Yes,Yes,Yes,No,Yes,No,Yes,Night,Medium,Videos,4.1,6,High
S02927,CN,No,No,Yes,Yes,No,Yes,No,Night,Medium,Mixed,2.6,7,Medium
S02928,OS,Yes,Yes,No,Yes,No,No,Yes,Evening,High,Mixed,1.9,5,Low
S02929,DBMS,Yes,Yes,Yes,Yes,Yes,No,Yes,Evening,Medium,Mixed,4.6,6,High
S02930,CN,No,No,No,Yes,No,No,No,Night,High,Mixed,2.2,4,Low
S02931,OS,Yes,Yes,Yes,No,Yes,No,Yes,Morning,Low,Mixed,2.8,7,Low
S02932,ML,Yes,No,No,No,Yes,No,Yes,Afternoon,High,Notes,3.3,3,Low
S02933,DBMS,Yes,Yes,No,Yes,Yes,No,Yes,Morning,High,Notes,0.5,3,Medium
S02934,ML,No,No,No,No,No,No,Yes,Evening,High,Mixed,2.3,4,Low
S02935,OS,No,No,No,No,Yes,No,No,Night,High,Mixed,0.5,5,Low
S02936,OS,Yes,Yes,Yes,No,No,Yes,Yes,Evening,Medium,Notes,2.5,4,Low
S02937,CN,Yes,Yes,Yes,Yes,Yes,No,Yes,Evening,Medium,Notes,4.8,6,High
S02938,OS,Yes,Yes,Yes,Yes,Yes,No,Yes,Evening,Medium,Videos,4.4,8,High
S02939,DSA,Yes,No,No,No,Yes,No,Yes,Morning,High,Videos,1.5,5,Low
S02940,DBMS,Yes,Yes,Yes,No,Yes,No,No,Morning,High,Notes,3.5,4,Low
S02941,DSA,No,No,Yes,No,Yes,No,No,Morning,Medium,Mixed,2.4,7,Low
S02942,OS,Yes,Yes,Yes,No,Yes,Yes,Yes,Night,High,Mixed,1.9,4,Medium
S02943,CN,No,No,Yes,Yes,Yes,Yes,Yes,Morning,High,Mixed,3.1,5,High
S02944,ML,Yes,No,Yes,Yes,No,No,Yes,Afternoon,High,Notes,2.5,5,Medium
S02945,ML,Yes,Yes,No,No,Yes,No,No,Evening,High,Videos,2.7,4,Low
S02946,DSA,Yes,Yes,Yes,Yes,Yes,Yes,No,Evening,Low,Notes,6.3,5,High
S02947,OS,Yes,Yes,Yes,No,No,Yes,Yes,Evening,High,Notes,2.8,5,Medium
S02948,DSA,No,No,No,No,No,No,Yes,Evening,Medium,Mixed,1.0,5,Low
S02949,OS,No,Yes,No,No,Yes,Yes,Yes,Evening,High,Mixed,0.9,4,Low
S02950,OS,No,No,No,No,No,No,Yes,Evening,High,Videos,0.9,4,Low
S02951,OS,Yes,Yes,No,Yes,No,No,Yes,Afternoon,Medium,Mixed,1.3,5,Medium
S02952,OS,No,Yes,No,No,No,No,No,Evening,High,Mixed,0.5,3,Low
S02953,ML,Yes,Yes,No,No,No,Yes,No,Evening,High,Videos,0.9,2,Low
S02954,DSA,No,No,No,No,No,No,Yes,Afternoon,High,Mixed,1.4,4,Low
S02955,CN,Yes,No,Yes,No,Yes,No,Yes,Night,High,Mixed,2.3,5,Medium
S02956,DBMS,Yes,Yes,Yes,Yes,No,Yes,Yes,Night,Medium,Mixed,4.4,8,High
S02957,CN,Yes,Yes,No,No,Yes,No,No,Evening,Low,Notes,3.2,4,Low
S02958,DSA,Yes,Yes,Yes,Yes,Yes,No,Yes,Evening,Medium,Notes,3.8,7,Medium
S02959,ML,Yes,No,Yes,Yes,Yes,No,Yes,Night,Medium,Mixed,2.1,6,Medium
S02960,ML,No,No,No,No,No,Yes,No,Afternoon,High,Mixed,1.8,4,Low
S02961,ML,No,Yes,No,Yes,No,Yes,No,Evening,Medium,Mixed,3.0,4,Low
S02962,CN,No,No,Yes,Yes,Yes,No,Yes,Afternoon,Medium,Mixed,3.0,5,High
S02963,CN,Yes,No,Yes,Yes,Yes,Yes,Yes,Night,Medium,Mixed,2.7,6,High
S02964,CN,Yes,No,Yes,No,No,Yes,Yes,Evening,High,Videos,3.9,5,Low
S02965,CN,Yes,Yes,Yes,Yes,No,Yes,No,Evening,High,Mixed,2.6,7,Medium
S02966,DSA,Yes,No,Yes,Yes,Yes,Yes,Yes,Evening,Medium,Mixed,3.3,7,High
S02967,DBMS,Yes,No,Yes,Yes,Yes,No,Yes,Evening,Medium,Mixed,3.1,5,High
S02968,DSA,Yes,Yes,Yes,No,No,Yes,Yes,Afternoon,Medium,Notes,1.8,5,Medium
S02969,DBMS,Yes,Yes,Yes,Yes,No,Yes,Yes,Evening,High,Mixed,2.8,8,High
S02970,DBMS,Yes,Yes,Yes,No,Yes,Yes,Yes,Afternoon,High,Mixed,3.0,7,High
S02971,ML,Yes,Yes,Yes,No,Yes,No,Yes,Afternoon,Low,Mixed,2.0,7,Medium
S02972,DSA,No,Yes,Yes,Yes,Yes,No,Yes,Afternoon,Low,Mixed,1.7,7,Medium
S02973,DBMS,Yes,No,Yes,Yes,No,Yes,No,Afternoon,High,Videos,3.6,8,High
S02974,DSA,No,No,Yes,Yes,Yes,No,No,Evening,Medium,Videos,3.3,7,Medium
S02975,DBMS,Yes,Yes,No,Yes,No,Yes,Yes,Morning,High,Mixed,1.1,4,Low
S02976,DBMS,No,Yes,No,No,No,No,Yes,Afternoon,High,Mixed,1.5,2,Low
S02977,CN,No,No,Yes,No,Yes,No,Yes,Evening,High,Notes,3.0,7,Medium
S02978,ML,No,No,Yes,Yes,Yes,No,Yes,Morning,High,Notes,4.8,6,High
S02979,ML,No,Yes,Yes,Yes,Yes,No,Yes,Afternoon,High,Videos,1.6,6,High
S02980,ML,No,No,Yes,Yes,No,No,Yes,Evening,High,Notes,3.2,5,Medium
S02981,DSA,Yes,Yes,No,Yes,No,No,Yes,Night,Low,Notes,1.8,6,Low
S02982,OS,Yes,Yes,No,Yes,No,No,Yes,Afternoon,High,Mixed,1.4,6,Low
S02983,DBMS,Yes,No,No,Yes,No,No,Yes,Morning,High,Videos,3.0,3,Low
S02984,OS,Yes,No,Yes,No,Yes,No,Yes,Evening,High,Notes,3.3,5,Medium
S02985,OS,Yes,Yes,No,Yes,No,Yes,No,Night,Low,Notes,2.2,3,Low
S02986,DBMS,Yes,No,No,Yes,Yes,No,No,Night,High,Notes,2.1,6,Medium
S02987,CN,Yes,No,Yes,No,No,No,No,Evening,Medium,Videos,3.3,4,Low
S02988,ML,Yes,Yes,Yes,Yes,No,Yes,Yes,Morning,Medium,Notes,1.6,7,Medium
S02989,OS,Yes,No,Yes,No,Yes,No,No,Evening,High,Videos,4.0,7,Medium
S02990,DBMS,Yes,Yes,Yes,Yes,No,Yes,Yes,Night,High,Mixed,2.5,7,Medium
S02991,DBMS,No,Yes,No,Yes,Yes,Yes,Yes,Evening,Low,Notes,2.6,4,Low
S02992,DBMS,No,Yes,Yes,Yes,Yes,No,No,Afternoon,Medium,Mixed,5.1,5,High
S02993,CN,Yes,Yes,No,No,No,No,Yes,Afternoon,High,Notes,2.6,5,Low
S02994,CN,Yes,Yes,Yes,No,No,No,Yes,Evening,High,Notes,2.8,5,Medium
S02995,DBMS,Yes,No,No,No,No,No,No,Afternoon,Low,Videos,1.8,2,Low
S02996,CN,Yes,Yes,Yes,Yes,No,Yes,Yes,Evening,High,Notes,3.0,7,High
S02997,DSA,No,No,Yes,Yes,Yes,No,Yes,Night,High,Mixed,4.7,8,High
S02998,DSA,Yes,Yes,No,Yes,No,No,Yes,Evening,High,Mixed,2.8,6,Low
S02999,DSA,No,No,Yes,Yes,No,Yes,No,Afternoon,Medium,Mixed,3.9,7,Medium
S03000,DBMS,Yes,Yes,No,No,No,No,Yes,Evening,High,Mixed,0.6,4,Low
S03001,ML,No,Yes,No,Yes,Yes,Yes,Yes,Afternoon,High,Videos,3.0,4,Medium
S03002,DSA,Yes,No,Yes,Yes,No,No,Yes,Afternoon,High,Mixed,3.2,8,Medium
S03003,CN,Yes,No,Yes,No,No,No,Yes,Morning,High,Videos,1.8,6,Low
S03004,DSA,No,No,Yes,Yes,Yes,No,Yes,Night,High,Notes,3.9,5,High
S03005,CN,Yes,Yes,Yes,No,Yes,No,No,Evening,High,Notes,4.4,4,High
S03006,CN,No,No,No,Yes,Yes,No,No,Morning,High,Videos,3.4,3,Medium
S03007,DBMS,Yes,No,No,No,Yes,No,No,Evening,High,Videos,2.0,5,Low
S03008,CN,Yes,Yes,Yes,Yes,No,No,Yes,Afternoon,High,Videos,2.9,6,High
S03009,OS,Yes,No,No,Yes,No,Yes,No,Afternoon,Medium,Notes,1.9,6,Low
S03010,CN,No,Yes,No,No,No,No,No,Night,High,Notes,1.6,3,Low
S03011,CN,Yes,Yes,Yes,No,Yes,No,Yes,Night,High,Mixed,3.1,7,High
S03012,DBMS,No,No,Yes,Yes,Yes,No,Yes,Evening,High,Videos,4.9,5,High
S03013,OS,No,No,No,Yes,No,No,No,Afternoon,High,Videos,1.9,5,Low
S03014,ML,No,Yes,No,Yes,No,No,No,Morning,High,Mixed,3.2,5,Low
S03015,DBMS,Yes,Yes,Yes,Yes,Yes,No,Yes,Morning,Low,Mixed,3.5,6,Medium
S03016,ML,No,Yes,No,No,No,Yes,No,Morning,Low,Videos,2.5,4,Low
S03017,OS,No,No,Yes,No,Yes,Yes,Yes,Night,Medium,Mixed,5.1,6,Medium
S03018,OS,Yes,Yes,Yes,No,No,No,No,Morning,High,Notes,4.5,4,Medium
S03019,CN,Yes,Yes,Yes,Yes,No,Yes,No,Evening,High,Videos,4.4,8,Medium
S03020,DSA,Yes,Yes,Yes,No,Yes,No,Yes,Afternoon,Medium,Mixed,5.0,6,Low
S03021,DBMS,Yes,No,No,No,Yes,No,Yes,Night,High,Videos,1.2,2,Low
S03022,DBMS,No,Yes,No,Yes,No,Yes,No,Night,High,Notes,1.5,6,Low
S03023,DSA,Yes,No,No,Yes,No,No,Yes,Afternoon,Medium,Notes,2.4,6,Medium
S03024,OS,Yes,Yes,Yes,No,No,Yes,Yes,Afternoon,Medium,Videos,3.1,5,Medium
S03025,DBMS,Yes,Yes,Yes,No,Yes,No,Yes,Evening,Medium,Videos,3.1,5,Low
S03026,CN,Yes,Yes,Yes,Yes,No,No,No,Morning,High,Mixed,3.4,7,Low
S03027,CN,Yes,Yes,Yes,No,No,No,Yes,Morning,High,Notes,3.4,4,Medium
S03028,DSA,No,Yes,No,No,No,Yes,No,Night,High,Videos,1.3,4,Low
S03029,CN,Yes,Yes,Yes,No,Yes,No,No,Evening,High,Notes,2.6,6,High
S03030,ML,Yes,Yes,Yes,No,Yes,No,Yes,Evening,Medium,Videos,3.6,5,Medium
S03031,DSA,No,Yes,No,Yes,Yes,No,Yes,Evening,High,Notes,3.2,6,Medium
S03032,DBMS,Yes,Yes,No,No,No,Yes,Yes,Afternoon,Low,Mixed,1.1,4,Low
S03033,OS,Yes,Yes,Yes,No,No,No,Yes,Night,High,Notes,2.1,4,Low
S03034,ML,Yes,Yes,Yes,No,No,No,Yes,Morning,High,Videos,3.1,6,High
S03035,CN,No,Yes,No,Yes,No,No,Yes,Morning,High,Mixed,1.7,4,High
S03036,OS,No,No,Yes,No,No,No,Yes,Night,High,Mixed,1.2,7,Low
S03037,CN,Yes,No,No,No,Yes,No,Yes,Night,High,Mixed,0.9,2,Low
S03038,OS,Yes,No,Yes,Yes,No,No,Yes,Morning,Medium,Mixed,2.2,8,High
S03039,CN,Yes,Yes,Yes,Yes,No,No,Yes,Evening,High,Mixed,2.2,5,High
S03040,DSA,No,No,Yes,Yes,No,No,Yes,Evening,High,Mixed,3.7,6,Medium
S03041,DBMS,Yes,No,Yes,Yes,Yes,Yes,Yes,Afternoon,High,Videos,3.6,7,High
S03042,OS,No,Yes,No,No,Yes,No,No,Morning,High,Mixed,2.7,5,Low
S03043,CN,No,Yes,Yes,Yes,No,No,Yes,Evening,High,Videos,3.4,6,High
S03044,OS,Yes,No,No,No,No,No,Yes,Night,Low,Mixed,1.5,3,Low
S03045,CN,No,No,No,Yes,No,Yes,No,Evening,High,Mixed,2.5,6,Low
S03046,OS,No,No,No,No,Yes,Yes,No,Morning,High,Mixed,2.8,3,Low
S03047,ML,Yes,No,Yes,Yes,Yes,No,Yes,Evening,Medium,Videos,3.3,6,High
S03048,ML,No,No,Yes,No,No,No,Yes,Afternoon,High,Videos,3.0,7,Low
S03049,DBMS,No,No,No,Yes,Yes,No,Yes,Evening,High,Videos,3.2,4,Medium
S03050,DBMS,Yes,Yes,Yes,No,No,Yes,Yes,Evening,High,Videos,3.4,6,Low
S03051,OS,No,Yes,Yes,Yes,Yes,No,No,Evening,Medium,Mixed,2.1,5,High
S03052,CN,Yes,No,No,No,No,Yes,No,Afternoon,High,Notes,2.0,4,Low
S03053,DSA,No,Yes,No,Yes,Yes,Yes,Yes,Evening,Low,Mixed,3.3,6,Low
S03054,OS,No,Yes,No,Yes,Yes,No,Yes,Evening,Medium,Notes,2.3,5,Medium
S03055,DBMS,Yes,Yes,Yes,No,Yes,No,Yes,Morning,High,Videos,2.6,6,Medium
S03056,ML,Yes,Yes,Yes,Yes,No,No,No,Morning,High,Videos,2.6,8,Medium
S03057,CN,Yes,Yes,Yes,No,Yes,Yes,Yes,Evening,High,Notes,2.8,5,Medium
S03058,DBMS,Yes,No,Yes,Yes,Yes,Yes,Yes,Afternoon,Medium,Notes,4.6,6,High
S03059,ML,Yes,Yes,Yes,Yes,No,Yes,Yes,Evening,High,Mixed,2.8,8,Medium
S03060,ML,Yes,Yes,No,No,No,No,No,Morning,Low,Videos,2.9,5,Low
S03061,DBMS,Yes,Yes,Yes,Yes,Yes,Yes,Yes,Afternoon,Low,Notes,3.0,6,High
S03062,DBMS,Yes,No,Yes,No,No,No,Yes,Morning,High,Mixed,0.8,5,Low
S03063,DSA,Yes,No,No,Yes,Yes,No,Yes,Afternoon,Medium,Notes,1.9,5,Medium
S03064,CN,No,No,No,No,No,No,No,Evening,High,Notes,1.3,3,Low
S03065,DSA,Yes,Yes,Yes,No,Yes,Yes,Yes,Evening,High,Notes,3.3,6,Medium
S03066,CN,Yes,Yes,Yes,Yes,Yes,No,No,Morning,Low,Videos,4.2,7,Medium
S03067,DSA,Yes,No,Yes,No,Yes,Yes,Yes,Morning,Low,Notes,2.1,7,Low
S03068,OS,Yes,No,Yes,Yes,No,No,Yes,Morning,Low,Videos,3.2,6,High
S03069,ML,No,Yes,Yes,No,Yes,No,No,Night,High,Videos,2.8,5,Low
S03070,OS,Yes,No,Yes,Yes,No,No,Yes,Afternoon,Medium,Mixed,4.5,7,Medium
S03071,DBMS,Yes,No,No,Yes,No,No,No,Night,High,Mixed,1.8,5,Low
S03072,ML,No,Yes,No,Yes,Yes,No,Yes,Evening,Low,Videos,3.3,6,Low
S03073,OS,No,No,Yes,No,Yes,No,Yes,Night,Medium,Videos,3.3,5,Low
S03074,CN,No,Yes,Yes,No,Yes,No,Yes,Afternoon,Low,Mixed,4.3,6,Medium
S03075,ML,No,Yes,Yes,No,Yes,Yes,Yes,Night,High,Mixed,3.5,7,High
S03076,CN,No,No,No,No,No,Yes,Yes,Night,Low,Notes,0.5,4,Low
S03077,DBMS,Yes,Yes,No,No,Yes,Yes,No,Morning,High,Mixed,3.9,5,Low
S03078,CN,Yes,No,No,No,No,Yes,Yes,Night,High,Videos,1.7,3,Low
S03079,OS,Yes,No,Yes,Yes,Yes,Yes,No,Afternoon,High,Notes,5.2,6,High
S03080,DBMS,Yes,No,Yes,Yes,No,Yes,Yes,Morning,Medium,Notes,3.6,8,High
S03081,DSA,Yes,Yes,Yes,No,Yes,Yes,Yes,Evening,High,Videos,3.2,5,High
S03082,DSA,Yes,Yes,Yes,Yes,Yes,No,Yes,Morning,Medium,Videos,4.1,5,High
S03083,OS,No,Yes,Yes,No,Yes,No,Yes,Evening,Medium,Mixed,1.5,5,Medium
S03084,DSA,No,No,Yes,Yes,No,No,Yes,Evening,High,Videos,2.3,5,Medium
S03085,DSA,No,No,Yes,Yes,Yes,No,Yes,Afternoon,High,Videos,4.2,5,High
S03086,CN,Yes,No,Yes,No,Yes,Yes,No,Afternoon,Medium,Mixed,4.7,4,Medium
S03087,CN,Yes,Yes,No,Yes,No,No,Yes,Morning,High,Notes,1.4,5,Low
S03088,OS,Yes,Yes,No,No,No,No,No,Evening,High,Videos,2.1,3,Low
S03089,CN,Yes,No,No,No,No,No,No,Afternoon,Medium,Videos,2.4,4,Low
S03090,DBMS,No,No,Yes,No,No,Yes,Yes,Evening,Medium,Videos,3.0,7,Medium
S03091,DSA,No,Yes,No,No,Yes,No,Yes,Evening,High,Mixed,1.6,5,Low
S03092,DSA,No,No,Yes,Yes,No,No,Yes,Night,High,Mixed,3.6,7,High
S03093,CN,No,No,Yes,Yes,No,No,No,Evening,Medium,Notes,1.6,8,Low
S03094,DBMS,No,No,Yes,No,No,No,No,Night,Low,Videos,4.3,6,Low
S03095,OS,Yes,Yes,Yes,Yes,Yes,Yes,Yes,Evening,High,Mixed,6.0,8,High
S03096,DBMS,Yes,Yes,No,Yes,Yes,No,Yes,Afternoon,Medium,Mixed,3.1,4,Medium
S03097,CN,Yes,Yes,No,Yes,Yes,No,Yes,Night,High,Notes,2.8,5,High
S03098,CN,Yes,Yes,Yes,No,Yes,Yes,Yes,Evening,Medium,Videos,3.4,7,Medium
S03099,DSA,Yes,No,Yes,No,No,Yes,Yes,Afternoon,Low,Mixed,3.9,6,Medium
S03100,CN,Yes,Yes,Yes,Yes,Yes,No,No,Evening,Medium,Videos,4.1,5,High
S03101,CN,No,Yes,Yes,Yes,Yes,Yes,Yes,Morning,Medium,Mixed,3.3,6,High
S03102,CN,Yes,Yes,Yes,No,Yes,Yes,Yes,Afternoon,Low,Mixed,3.6,6,Low
S03103,CN,No,Yes,No,Yes,Yes,No,Yes,Morning,Medium,Notes,3.1,5,Low
S03104,CN,No,No,No,Yes,Yes,No,No,Morning,High,Videos,3.1,3,Low
S03105,DSA,No,Yes,Yes,Yes,No,No,Yes,Afternoon,Medium,Mixed,3.7,8,Medium
S03106,CN,No,No,No,No,Yes,Yes,No,Evening,High,Mixed,1.5,5,Low
S03107,CN,Yes,No,Yes,Yes,Yes,No,No,Evening,High,Notes,3.2,8,High
S03108,DSA,No,Yes,Yes,Yes,Yes,No,No,Evening,Medium,Videos,2.2,8,High
S03109,ML,Yes,No,Yes,Yes,Yes,No,Yes,Evening,High,Mixed,3.6,5,High
S03110,CN,No,Yes,Yes,Yes,Yes,Yes,Yes,Afternoon,Medium,Videos,3.5,5,High
S03111,ML,Yes,Yes,Yes,No,Yes,No,Yes,Evening,High,Mixed,2.6,4,Medium
S03112,ML,Yes,Yes,Yes,No,Yes,No,Yes,Evening,Medium,Videos,3.9,7,Low
S03113,DSA,No,Yes,No,No,No,No,No,Morning,High,Notes,3.0,3,Low
S03114,ML,No,Yes,Yes,Yes,Yes,No,Yes,Evening,Medium,Mixed,2.8,5,High
S03115,CN,Yes,Yes,Yes,Yes,No,Yes,Yes,Morning,Medium,Notes,4.3,7,Medium
S03116,DSA,No,No,No,No,No,No,No,Evening,High,Mixed,0.9,5,Low
S03117,DSA,Yes,Yes,No,Yes,Yes,No,No,Afternoon,High,Mixed,2.7,3,Medium
S03118,OS,No,No,Yes,No,No,Yes,No,Morning,Medium,Notes,1.9,6,Low
S03119,DBMS,Yes,Yes,Yes,Yes,Yes,No,No,Afternoon,High,Mixed,3.2,5,High
S03120,DBMS,Yes,No,Yes,No,Yes,No,Yes,Evening,High,Mixed,4.2,5,Medium
S03121,CN,Yes,Yes,No,Yes,No,No,Yes,Evening,Medium,Mixed,1.6,4,Medium
S03122,DSA,Yes,Yes,Yes,Yes,No,No,Yes,Evening,Medium,Mixed,4.5,7,Medium
S03123,ML,Yes,Yes,Yes,Yes,Yes,No,Yes,Evening,High,Videos,4.4,8,High
S03124,CN,Yes,No,No,Yes,Yes,No,No,Evening,High,Videos,3.4,3,Medium
S03125,ML,Yes,No,No,No,Yes,No,No,Night,Low,Videos,1.4,5,Low
S03126,DBMS,Yes,Yes,Yes,Yes,Yes,No,Yes,Night,Medium,Mixed,5.9,7,High
S03127,CN,Yes,No,Yes,No,Yes,No,No,Night,Low,Mixed,3.1,7,Low
S03128,ML,Yes,No,Yes,Yes,No,No,Yes,Night,High,Mixed,2.5,6,High
S03129,DBMS,No,No,Yes,Yes,Yes,No,No,Evening,High,Mixed,3.7,7,High
S03130,CN,No,Yes,Yes,Yes,No,No,Yes,Evening,High,Notes,3.0,6,Medium
S03131,ML,Yes,No,No,Yes,No,No,No,Evening,Medium,Videos,2.2,3,Low
S03132,DBMS,No,No,No,No,Yes,Yes,Yes,Night,High,Mixed,2.3,2,Low
S03133,OS,Yes,Yes,No,Yes,No,No,Yes,Evening,High,Notes,2.1,5,Medium
S03134,DSA,Yes,Yes,No,No,No,No,Yes,Evening,High,Notes,0.6,5,Low
S03135,ML,No,Yes,No,No,No,Yes,No,Evening,High,Notes,0.5,3,Low
S03136,DSA,No,No,Yes,Yes,No,No,Yes,Night,High,Videos,3.4,7,Medium
S03137,DBMS,No,Yes,No,Yes,No,No,Yes,Afternoon,Medium,Notes,0.5,5,Low
S03138,DBMS,Yes,Yes,Yes,Yes,Yes,Yes,No,Night,High,Mixed,5.6,5,High
S03139,OS,No,Yes,Yes,Yes,No,No,Yes,Afternoon,Medium,Videos,3.1,8,Medium
S03140,OS,Yes,No,Yes,Yes,Yes,Yes,No,Afternoon,High,Notes,4.6,6,High
S03141,DBMS,Yes,No,No,No,No,No,No,Afternoon,High,Notes,1.3,5,Low
S03142,DSA,Yes,Yes,Yes,No,No,No,Yes,Afternoon,Low,Notes,3.7,7,Low
S03143,ML,No,Yes,No,No,No,No,No,Evening,High,Videos,0.8,3,Low
S03144,OS,Yes,No,Yes,No,Yes,No,Yes,Morning,Medium,Videos,4.9,5,Low
S03145,DBMS,No,Yes,No,No,Yes,Yes,No,Morning,High,Notes,2.1,3,Low
S03146,ML,No,Yes,Yes,Yes,No,No,Yes,Afternoon,High,Notes,2.0,6,Medium
S03147,DSA,No,No,Yes,Yes,Yes,No,No,Morning,Medium,Videos,3.2,7,Medium
S03148,DBMS,No,Yes,No,Yes,No,No,No,Evening,High,Mixed,2.5,3,Low
S03149,ML,No,No,No,Yes,No,No,No,Afternoon,High,Videos,1.8,6,Low
S03150,DSA,Yes,Yes,Yes,Yes,No,No,No,Night,High,Videos,4.3,6,Medium
S03151,CN,Yes,No,Yes,Yes,No,No,Yes,Evening,Low,Mixed,2.3,5,Low
S03152,ML,Yes,No,No,No,Yes,No,Yes,Evening,High,Mixed,1.2,2,Low
S03153,DSA,Yes,Yes,Yes,Yes,No,No,No,Night,High,Notes,2.5,5,Low
S03154,DBMS,Yes,No,No,No,No,Yes,No,Morning,High,Videos,1.7,5,Low
S03155,OS,Yes,No,No,Yes,Yes,No,No,Evening,High,Mixed,3.4,6,Medium
S03156,DBMS,Yes,No,No,Yes,No,No,Yes,Evening,Medium,Mixed,1.2,5,Low
S03157,DSA,Yes,Yes,Yes,Yes,No,No,Yes,Evening,Medium,Videos,4.0,7,Medium
S03158,DSA,Yes,Yes,Yes,Yes,Yes,Yes,Yes,Night,High,Notes,4.5,6,High
S03159,ML,No,No,Yes,Yes,Yes,No,No,Morning,High,Mixed,3.9,5,High
S03160,CN,Yes,Yes,Yes,Yes,Yes,No,Yes,Evening,High,Mixed,3.0,5,High
S03161,CN,No,Yes,Yes,Yes,No,No,Yes,Evening,High,Videos,3.6,6,Medium
S03162,CN,No,Yes,Yes,Yes,Yes,No,Yes,Evening,Medium,Videos,3.3,7,High
S03163,OS,Yes,No,Yes,Yes,Yes,No,Yes,Morning,High,Mixed,4.2,8,High
S03164,DBMS,No,Yes,No,Yes,No,No,No,Morning,High,Notes,1.7,3,Low
S03165,ML,Yes,Yes,Yes,Yes,Yes,No,Yes,Evening,Medium,Videos,3.3,7,High
S03166,DBMS,No,No,Yes,Yes,Yes,No,Yes,Evening,Low,Videos,2.7,8,High
S03167,DBMS,Yes,Yes,Yes,Yes,Yes,No,Yes,Evening,High,Videos,4.2,8,High
S03168,ML,Yes,Yes,No,No,Yes,No,No,Morning,High,Notes,1.9,2,Low
S03169,DSA,Yes,Yes,Yes,Yes,Yes,Yes,Yes,Morning,Medium,Mixed,4.6,7,High
S03170,OS,Yes,Yes,No,No,No,No,No,Evening,High,Notes,2.9,2,Low
S03171,DBMS,No,No,Yes,No,Yes,No,No,Morning,High,Notes,2.6,5,Low
S03172,ML,No,Yes,No,Yes,Yes,Yes,Yes,Morning,High,Videos,1.8,3,Medium
S03173,OS,No,No,No,Yes,Yes,Yes,No,Evening,Medium,Notes,3.3,3,Medium
S03174,DBMS,No,Yes,No,No,Yes,No,Yes,Evening,High,Videos,3.3,5,Low
S03175,DBMS,No,Yes,No,Yes,Yes,No,Yes,Evening,High,Notes,2.0,6,Medium
S03176,DBMS,Yes,Yes,No,No,Yes,No,Yes,Afternoon,Medium,Videos,1.3,5,Low
S03177,ML,No,No,Yes,No,Yes,No,No,Morning,High,Notes,2.8,6,Medium
S03178,DSA,Yes,Yes,Yes,Yes,Yes,Yes,Yes,Morning,High,Notes,5.3,7,High
S03179,DSA,Yes,Yes,No,Yes,No,No,Yes,Morning,Medium,Mixed,1.7,5,Low
S03180,DBMS,Yes,No,No,Yes,Yes,Yes,Yes,Night,High,Videos,3.4,6,Low
S03181,ML,No,Yes,No,Yes,No,No,No,Night,Medium,Notes,2.2,5,Low
S03182,OS,Yes,No,Yes,Yes,Yes,No,Yes,Morning,Medium,Mixed,5.0,6,High
S03183,CN,Yes,Yes,Yes,Yes,Yes,Yes,Yes,Night,High,Mixed,4.3,8,High
S03184,DBMS,Yes,Yes,No,No,No,No,Yes,Afternoon,Medium,Videos,2.1,2,Low
S03185,ML,Yes,No,No,Yes,Yes,No,Yes,Evening,High,Notes,2.7,5,High
S03186,DBMS,Yes,Yes,Yes,Yes,No,No,No,Evening,Low,Videos,2.5,7,Low
S03187,CN,No,Yes,Yes,Yes,Yes,No,Yes,Evening,High,Videos,4.4,8,High
S03188,OS,No,Yes,No,No,No,No,Yes,Night,High,Mixed,2.1,3,Low
S03189,CN,Yes,Yes,Yes,Yes,Yes,No,No,Night,High,Mixed,3.3,8,High
S03190,CN,Yes,No,No,Yes,No,Yes,No,Night,High,Notes,2.1,4,Low
S03191,OS,Yes,Yes,Yes,Yes,Yes,No,No,Afternoon,High,Mixed,4.4,7,High
S03192,ML,Yes,No,Yes,Yes,Yes,No,Yes,Night,High,Mixed,2.3,8,High
S03193,DBMS,Yes,Yes,Yes,Yes,No,Yes,Yes,Afternoon,High,Notes,2.9,7,Medium
S03194,DSA,No,Yes,No,Yes,No,Yes,No,Afternoon,High,Videos,2.4,4,Low
S03195,CN,No,Yes,Yes,No,No,No,Yes,Afternoon,Medium,Mixed,2.4,5,Low
S03196,DBMS,Yes,Yes,Yes,No,Yes,No,Yes,Afternoon,Medium,Mixed,3.5,4,Medium
S03197,OS,Yes,No,Yes,Yes,No,No,No,Evening,High,Videos,1.5,6,Medium
S03198,DBMS,Yes,No,Yes,No,No,Yes,Yes,Evening,Medium,Notes,2.5,6,Low
S03199,DBMS,Yes,Yes,No,No,Yes,No,No,Evening,High,Videos,0.8,5,Low
S03200,DBMS,No,Yes,Yes,Yes,No,No,No,Night,High,Videos,4.0,6,Medium
S03201,ML,No,No,No,No,No,No,No,Morning,High,Videos,1.2,4,Low
S03202,DSA,No,Yes,No,No,Yes,Yes,No,Night,High,Mixed,1.2,3,Low
S03203,ML,No,No,Yes,Yes,Yes,Yes,No,Evening,High,Mixed,2.7,8,High
S03204,DBMS,No,Yes,No,No,No,Yes,No,Evening,Medium,Mixed,2.0,5,Low
S03205,DBMS,No,Yes,No,Yes,No,No,No,Evening,High,Videos,2.3,4,Low
S03206,DBMS,Yes,Yes,Yes,Yes,No,Yes,Yes,Evening,High,Mixed,3.8,6,Medium
S03207,CN,Yes,Yes,Yes,Yes,No,No,Yes,Morning,Medium,Videos,3.0,6,Medium
S03208,OS,Yes,No,No,Yes,Yes,No,No,Night,High,Mixed,1.2,6,Medium
S03209,OS,Yes,Yes,No,No,Yes,No,Yes,Afternoon,Medium,Videos,3.3,2,Low
S03210,DSA,Yes,No,No,No,No,No,Yes,Night,High,Videos,2.0,2,Low
S03211,DSA,Yes,No,Yes,Yes,Yes,No,Yes,Night,High,Mixed,4.7,7,High
S03212,OS,No,Yes,No,No,No,No,Yes,Night,Medium,Mixed,0.5,4,Low
S03213,CN,No,No,No,No,No,Yes,No,Morning,High,Notes,3.9,2,Low
S03214,ML,Yes,Yes,Yes,Yes,No,No,No,Night,High,Mixed,4.0,8,Low
S03215,DBMS,Yes,No,Yes,Yes,No,No,Yes,Evening,High,Videos,5.5,6,Medium
S03216,CN,No,Yes,No,No,No,Yes,Yes,Night,Medium,Mixed,1.5,4,Low
S03217,DSA,Yes,No,Yes,Yes,Yes,No,No,Evening,High,Videos,4.2,7,High
S03218,CN,Yes,No,No,No,No,Yes,Yes,Evening,Medium,Mixed,1.9,2,Low
S03219,OS,Yes,No,No,No,No,Yes,Yes,Afternoon,High,Notes,0.5,5,Low
S03220,OS,Yes,Yes,Yes,No,No,Yes,Yes,Evening,High,Mixed,2.9,4,Low
S03221,ML,Yes,Yes,Yes,No,Yes,No,Yes,Night,Medium,Mixed,3.3,5,Medium
S03222,OS,No,No,No,No,No,Yes,No,Afternoon,High,Videos,1.6,5,Low
S03223,DSA,No,No,Yes,Yes,Yes,No,Yes,Afternoon,High,Videos,3.7,7,High
S03224,DBMS,No,Yes,No,No,No,No,No,Night,Medium,Notes,1.4,5,Low
S03225,DSA,Yes,No,Yes,No,Yes,Yes,Yes,Evening,High,Videos,4.5,7,High
S03226,CN,No,Yes,Yes,Yes,Yes,Yes,Yes,Afternoon,Medium,Mixed,3.5,8,Medium
S03227,CN,No,No,Yes,No,No,Yes,Yes,Night,High,Mixed,2.3,4,Low
S03228,OS,Yes,Yes,Yes,No,Yes,Yes,Yes,Morning,High,Videos,3.7,6,High
S03229,CN,No,Yes,No,No,Yes,No,No,Night,High,Notes,2.5,5,Low
S03230,CN,Yes,No,Yes,Yes,Yes,No,Yes,Morning,Medium,Mixed,4.2,6,High
S03231,ML,Yes,Yes,Yes,Yes,Yes,No,No,Evening,High,Notes,3.8,8,Medium
S03232,DBMS,Yes,Yes,No,No,No,No,No,Afternoon,High,Mixed,0.5,3,Low
S03233,DBMS,Yes,No,No,No,No,No,Yes,Evening,High,Videos,0.5,4,Low
S03234,DBMS,Yes,No,Yes,Yes,Yes,No,No,Evening,High,Mixed,4.2,8,High
S03235,CN,Yes,No,No,Yes,No,No,Yes,Afternoon,High,Videos,1.8,6,Medium
S03236,CN,Yes,Yes,Yes,No,Yes,Yes,Yes,Afternoon,High,Videos,3.3,7,Medium
S03237,DSA,No,Yes,No,Yes,No,Yes,Yes,Night,High,Notes,2.3,4,High
S03238,OS,Yes,No,No,No,No,No,No,Morning,Medium,Mixed,2.8,4,Low
S03239,DBMS,Yes,Yes,No,No,No,No,Yes,Evening,Medium,Mixed,1.2,3,Low
S03240,CN,Yes,Yes,Yes,Yes,Yes,No,No,Afternoon,High,Mixed,4.5,8,High
S03241,OS,No,Yes,No,No,No,No,No,Evening,Medium,Mixed,0.5,3,Low
S03242,ML,Yes,Yes,Yes,Yes,Yes,No,Yes,Afternoon,High,Mixed,4.4,8,High
S03243,OS,No,No,No,Yes,Yes,No,Yes,Evening,High,Mixed,3.6,5,Medium
S03244,OS,Yes,Yes,No,Yes,Yes,No,Yes,Night,Medium,Videos,3.9,3,High
S03245,DBMS,Yes,Yes,Yes,Yes,Yes,No,Yes,Afternoon,High,Mixed,3.5,5,High
S03246,OS,Yes,No,No,No,Yes,Yes,Yes,Evening,High,Mixed,2.9,4,Low
S03247,CN,Yes,No,No,No,No,No,No,Evening,High,Mixed,2.8,2,Low
S03248,ML,No,Yes,No,No,Yes,No,Yes,Afternoon,High,Mixed,1.7,5,Low
S03249,DBMS,No,No,Yes,Yes,Yes,Yes,No,Night,High,Videos,4.1,7,High
S03250,ML,Yes,Yes,No,No,No,No,No,Afternoon,High,Mixed,1.9,5,Low
S03251,OS,No,No,Yes,Yes,Yes,No,Yes,Evening,High,Videos,3.4,7,High
S03252,CN,Yes,Yes,No,Yes,No,No,No,Night,High,Notes,2.1,3,Low
S03253,DSA,Yes,Yes,Yes,Yes,No,No,Yes,Evening,Medium,Videos,2.8,6,High
S03254,OS,Yes,Yes,Yes,Yes,No,No,Yes,Evening,Medium,Videos,3.5,7,Medium
S03255,DBMS,Yes,No,Yes,Yes,No,Yes,No,Evening,High,Videos,2.7,7,Low
S03256,DSA,No,Yes,No,No,No,No,No,Night,High,Notes,0.6,3,Low
S03257,ML,Yes,Yes,Yes,No,Yes,Yes,Yes,Evening,Low,Videos,4.8,6,Medium
S03258,DSA,Yes,No,No,Yes,No,No,Yes,Evening,High,Mixed,2.8,6,Low
S03259,ML,Yes,Yes,No,Yes,Yes,Yes,Yes,Evening,Low,Videos,2.0,3,Low
S03260,CN,Yes,No,Yes,Yes,Yes,No,No,Night,High,Videos,2.8,5,High
S03261,DSA,Yes,Yes,No,No,No,No,No,Morning,Medium,Videos,0.5,5,Low
S03262,DSA,No,Yes,No,No,No,No,No,Evening,Low,Videos,0.6,3,Low
S03263,OS,Yes,Yes,Yes,Yes,Yes,No,Yes,Evening,Medium,Videos,2.8,5,High
S03264,OS,Yes,Yes,Yes,Yes,Yes,No,Yes,Morning,Medium,Mixed,3.9,7,High
S03265,DBMS,Yes,Yes,Yes,Yes,No,No,Yes,Night,High,Mixed,3.1,8,Medium
S03266,CN,Yes,Yes,Yes,Yes,No,No,Yes,Evening,Medium,Videos,2.1,7,Medium
S03267,CN,Yes,No,Yes,Yes,No,No,Yes,Evening,Low,Videos,4.0,6,Low
S03268,CN,No,Yes,No,Yes,No,Yes,No,Evening,Medium,Mixed,1.1,6,Low
S03269,DBMS,No,Yes,Yes,No,No,Yes,No,Night,High,Mixed,3.2,6,Low
S03270,OS,Yes,No,No,Yes,Yes,No,No,Evening,High,Mixed,2.0,5,Medium
S03271,CN,No,Yes,Yes,No,Yes,Yes,No,Night,High,Mixed,3.9,5,Low
S03272,CN,Yes,No,No,No,Yes,Yes,Yes,Evening,Medium,Videos,1.4,4,Low
S03273,ML,No,No,No,Yes,No,No,Yes,Night,High,Mixed,1.6,6,Low
S03274,DBMS,No,Yes,No,Yes,No,No,No,Night,High,Notes,3.4,6,Low
S03275,ML,No,No,No,No,No,Yes,Yes,Night,Medium,Mixed,0.5,3,Low
S03276,DSA,No,No,Yes,No,Yes,No,No,Evening,High,Mixed,4.1,4,Low
S03277,DBMS,Yes,Yes,No,No,No,No,Yes,Evening,High,Notes,1.2,3,Low
S03278,ML,Yes,No,No,No,No,Yes,Yes,Night,High,Notes,0.7,5,Low
S03279,CN,Yes,Yes,No,No,No,No,No,Evening,High,Videos,1.6,5,Low
S03280,DSA,Yes,No,Yes,Yes,No,No,Yes,Evening,Medium,Notes,3.7,6,Medium
S03281,DSA,No,Yes,No,Yes,No,Yes,Yes,Night,High,Videos,1.3,6,Medium
S03282,OS,Yes,Yes,Yes,Yes,No,Yes,Yes,Evening,Medium,Notes,3.3,7,Medium
S03283,CN,Yes,No,Yes,Yes,Yes,No,No,Evening,Medium,Videos,4.2,5,High
S03284,DSA,Yes,Yes,No,Yes,No,No,Yes,Night,High,Notes,1.3,5,Medium
S03285,DBMS,Yes,No,Yes,No,No,No,Yes,Evening,High,Mixed,3.2,7,Low
S03286,CN,No,No,Yes,Yes,No,Yes,No,Night,High,Notes,4.0,6,High
S03287,CN,No,No,Yes,Yes,Yes,Yes,Yes,Evening,High,Videos,4.2,8,High
S03288,DBMS,Yes,No,Yes,No,Yes,Yes,Yes,Evening,Medium,Mixed,3.4,5,Low
S03289,CN,Yes,No,Yes,No,Yes,No,Yes,Evening,High,Mixed,3.2,5,Medium
S03290,CN,Yes,No,Yes,Yes,Yes,No,Yes,Night,Low,Videos,3.3,5,High
S03291,ML,Yes,No,Yes,Yes,Yes,Yes,Yes,Evening,High,Videos,4.0,7,High
S03292,OS,No,No,No,No,No,Yes,No,Morning,Medium,Videos,3.0,2,Low
S03293,DSA,Yes,No,No,No,Yes,No,Yes,Afternoon,Low,Notes,0.5,2,Low
S03294,ML,Yes,Yes,Yes,Yes,Yes,Yes,No,Afternoon,Medium,Notes,3.0,5,High
S03295,CN,Yes,Yes,Yes,No,Yes,Yes,No,Evening,Medium,Mixed,2.4,4,High
S03296,DBMS,No,Yes,No,No,No,No,Yes,Morning,High,Notes,0.6,2,Low
S03297,ML,No,Yes,Yes,Yes,Yes,Yes,Yes,Night,Medium,Videos,2.9,5,Medium
S03298,DBMS,Yes,Yes,Yes,Yes,Yes,No,No,Morning,Medium,Videos,4.0,7,High
S03299,CN,Yes,Yes,Yes,No,No,Yes,No,Night,Low,Videos,3.6,5,Low
S03300,DBMS,Yes,No,No,Yes,No,Yes,Yes,Night,High,Videos,2.0,4,Medium
S03301,CN,No,No,Yes,No,Yes,No,Yes,Night,Low,Mixed,4.5,4,Medium
S03302,DSA,Yes,No,No,Yes,No,No,Yes,Morning,Medium,Notes,4.0,5,Low
S03303,DSA,Yes,No,Yes,No,Yes,Yes,Yes,Evening,Medium,Notes,3.8,5,Low
S03304,ML,No,No,Yes,No,No,No,Yes,Night,High,Mixed,2.1,7,Low
S03305,OS,No,No,Yes,Yes,No,No,Yes,Night,High,Notes,2.1,7,Medium
S03306,DSA,Yes,Yes,No,No,Yes,No,Yes,Evening,Low,Mixed,2.3,4,Low
S03307,CN,Yes,No,Yes,Yes,Yes,Yes,Yes,Afternoon,High,Videos,4.5,6,High
S03308,DBMS,Yes,Yes,Yes,No,Yes,Yes,Yes,Afternoon,High,Notes,3.5,5,Medium
S03309,DBMS,Yes,Yes,No,No,Yes,No,Yes,Evening,High,Notes,3.6,2,Low
S03310,DSA,Yes,Yes,Yes,No,Yes,Yes,Yes,Night,High,Notes,5.2,5,High
S03311,CN,No,No,Yes,Yes,Yes,No,No,Night,Medium,Mixed,4.9,5,High
S03312,DSA,No,No,No,No,No,No,Yes,Evening,High,Notes,1.6,3,Low
S03313,OS,Yes,Yes,Yes,No,No,Yes,Yes,Night,Low,Mixed,1.9,4,Low
S03314,OS,Yes,No,Yes,Yes,Yes,Yes,Yes,Evening,Medium,Mixed,3.1,5,Medium
S03315,CN,Yes,Yes,No,No,No,Yes,No,Evening,High,Notes,2.5,4,Low
S03316,DSA,Yes,Yes,Yes,Yes,Yes,No,Yes,Morning,High,Mixed,3.4,6,High
S03317,ML,No,Yes,Yes,No,Yes,Yes,Yes,Evening,Low,Mixed,2.7,4,Medium
S03318,ML,Yes,Yes,Yes,No,Yes,No,Yes,Evening,High,Notes,2.7,4,Medium
S03319,DBMS,Yes,No,Yes,Yes,Yes,No,Yes,Morning,High,Videos,4.2,5,High
S03320,ML,Yes,Yes,Yes,Yes,Yes,Yes,Yes,Night,High,Mixed,3.3,5,High
S03321,OS,Yes,Yes,Yes,No,Yes,No,No,Morning,High,Notes,4.4,4,Medium
S03322,DSA,Yes,Yes,Yes,Yes,No,No,Yes,Night,High,Videos,2.1,5,Medium
S03323,OS,No,No,Yes,Yes,Yes,No,Yes,Morning,High,Notes,5.2,5,High
S03324,DBMS,No,No,No,No,Yes,Yes,No,Afternoon,High,Videos,1.3,3,Low
S03325,OS,Yes,No,Yes,Yes,No,No,Yes,Evening,Medium,Notes,2.1,5,Medium
S03326,DBMS,No,No,Yes,Yes,Yes,No,Yes,Night,High,Mixed,4.2,5,High
S03327,CN,Yes,No,No,Yes,No,No,Yes,Morning,High,Mixed,2.9,4,Low
S03328,OS,No,Yes,Yes,No,No,No,Yes,Afternoon,Medium,Notes,2.7,4,Low
S03329,DSA,Yes,Yes,Yes,No,Yes,No,Yes,Evening,Medium,Videos,3.3,6,Medium
S03330,OS,Yes,Yes,No,No,Yes,No,No,Night,High,Mixed,2.5,3,Low
S03331,ML,No,Yes,Yes,Yes,No,Yes,Yes,Evening,Medium,Mixed,3.3,7,Medium
S03332,DBMS,Yes,Yes,No,No,No,No,No,Evening,Medium,Notes,0.8,2,Low
S03333,DSA,Yes,Yes,No,No,No,No,Yes,Afternoon,Medium,Videos,0.5,4,Low
S03334,DBMS,Yes,Yes,Yes,No,Yes,No,Yes,Morning,High,Videos,3.4,5,Low
S03335,OS,Yes,Yes,Yes,No,No,Yes,No,Morning,Low,Notes,3.0,7,Low
S03336,ML,Yes,Yes,Yes,Yes,Yes,Yes,Yes,Evening,Medium,Mixed,4.7,7,Medium
S03337,DBMS,Yes,Yes,No,No,No,Yes,Yes,Night,High,Videos,0.9,5,Low
S03338,OS,No,No,Yes,No,Yes,No,Yes,Morning,High,Mixed,4.1,4,Medium
S03339,OS,Yes,No,No,Yes,No,No,No,Evening,Medium,Videos,4.0,5,Low
S03340,DSA,Yes,Yes,No,No,No,No,Yes,Night,Medium,Mixed,1.5,2,Low
S03341,ML,Yes,Yes,No,No,No,No,Yes,Afternoon,High,Mixed,0.5,3,Low
S03342,CN,No,Yes,Yes,Yes,Yes,No,Yes,Evening,High,Notes,2.9,5,High
S03343,DSA,Yes,Yes,No,Yes,No,No,Yes,Night,High,Videos,1.8,5,Medium
S03344,DBMS,Yes,Yes,No,No,No,No,Yes,Afternoon,Low,Notes,0.5,4,Low
S03345,OS,Yes,Yes,Yes,No,No,No,Yes,Afternoon,Medium,Notes,2.6,4,Medium
S03346,ML,No,No,No,Yes,No,No,No,Morning,Medium,Videos,2.7,5,Low
S03347,CN,No,No,Yes,Yes,Yes,No,Yes,Evening,Medium,Videos,4.2,7,High
S03348,CN,Yes,No,No,No,No,No,Yes,Evening,Medium,Videos,0.5,5,Low
S03349,DBMS,No,No,Yes,Yes,Yes,Yes,Yes,Night,High,Mixed,2.1,5,High
S03350,DSA,Yes,No,Yes,Yes,Yes,No,Yes,Evening,High,Notes,4.5,6,High
S03351,CN,Yes,No,No,Yes,Yes,Yes,No,Afternoon,High,Notes,4.9,6,Medium
S03352,DBMS,Yes,No,Yes,No,No,No,Yes,Morning,Medium,Mixed,3.8,6,Low
S03353,ML,Yes,No,Yes,Yes,No,Yes,Yes,Night,Medium,Videos,3.3,7,High
S03354,CN,Yes,No,Yes,No,No,No,No,Night,High,Mixed,1.7,6,Low
S03355,ML,Yes,No,No,No,Yes,No,Yes,Evening,High,Videos,1.6,3,Low
S03356,CN,Yes,Yes,Yes,No,Yes,No,No,Evening,High,Mixed,3.6,4,High
S03357,DSA,Yes,Yes,Yes,No,Yes,Yes,Yes,Morning,High,Notes,2.6,4,Medium
S03358,OS,Yes,Yes,Yes,No,No,No,No,Evening,Medium,Notes,2.2,4,Low
S03359,OS,No,Yes,No,No,No,Yes,Yes,Morning,Medium,Notes,1.4,2,Low
S03360,OS,No,Yes,Yes,Yes,Yes,Yes,Yes,Night,High,Videos,5.0,7,High
S03361,OS,Yes,Yes,Yes,Yes,No,No,Yes,Night,High,Notes,4.5,7,High
S03362,DSA,Yes,Yes,No,No,No,No,Yes,Night,Medium,Videos,2.8,2,Low
S03363,ML,Yes,Yes,No,Yes,Yes,No,Yes,Morning,Medium,Mixed,1.7,6,Low
S03364,DSA,Yes,No,No,Yes,No,Yes,Yes,Evening,High,Mixed,2.1,3,Medium
S03365,OS,Yes,Yes,No,Yes,No,No,Yes,Evening,High,Notes,2.7,4,Low
S03366,DBMS,Yes,Yes,No,Yes,Yes,No,Yes,Evening,High,Mixed,2.4,6,Medium
S03367,OS,No,Yes,No,No,No,No,Yes,Evening,Medium,Mixed,1.0,5,Low
S03368,OS,No,Yes,No,No,Yes,No,No,Evening,High,Videos,3.5,4,Low
S03369,DSA,Yes,No,No,Yes,Yes,No,No,Morning,High,Videos,5.0,4,Low
S03370,OS,Yes,No,Yes,Yes,No,Yes,Yes,Morning,Medium,Notes,2.5,6,Medium
S03371,OS,No,Yes,Yes,Yes,Yes,Yes,Yes,Evening,Medium,Videos,3.1,6,High
S03372,DSA,Yes,Yes,Yes,Yes,No,No,Yes,Night,Medium,Mixed,2.3,7,Medium
S03373,CN,No,Yes,No,No,Yes,Yes,Yes,Morning,Low,Videos,1.8,2,Low
S03374,ML,Yes,No,Yes,Yes,No,No,Yes,Afternoon,Medium,Mixed,4.8,8,High
S03375,DSA,Yes,No,Yes,Yes,No,No,Yes,Afternoon,Medium,Mixed,2.7,8,Medium
S03376,DSA,Yes,No,Yes,No,No,No,Yes,Night,High,Notes,2.7,5,Low
S03377,CN,Yes,Yes,No,No,Yes,No,Yes,Afternoon,High,Notes,4.3,5,Low
S03378,ML,No,No,Yes,Yes,Yes,Yes,Yes,Evening,Medium,Notes,4.3,8,High
S03379,ML,Yes,No,Yes,Yes,No,No,Yes,Evening,Low,Mixed,4.2,8,Medium
S03380,ML,No,No,No,Yes,Yes,No,Yes,Morning,High,Mixed,2.4,5,Medium
S03381,DBMS,Yes,Yes,Yes,Yes,Yes,No,No,Afternoon,Low,Notes,3.7,7,Medium
S03382,OS,No,Yes,No,No,No,No,Yes,Night,Medium,Videos,2.1,3,Low
S03383,ML,No,Yes,Yes,Yes,No,No,Yes,Evening,High,Notes,4.3,5,Medium
S03384,ML,Yes,Yes,Yes,Yes,Yes,No,Yes,Evening,High,Mixed,2.6,6,High
S03385,CN,Yes,No,No,No,Yes,Yes,No,Evening,High,Mixed,2.4,2,Medium
S03386,OS,No,Yes,Yes,Yes,No,Yes,Yes,Evening,Medium,Mixed,3.0,7,Medium
S03387,CN,Yes,Yes,No,Yes,Yes,Yes,Yes,Afternoon,High,Mixed,1.4,4,High
S03388,DSA,No,No,Yes,No,Yes,Yes,Yes,Night,Medium,Videos,2.7,7,Low
S03389,OS,Yes,Yes,Yes,No,No,Yes,Yes,Afternoon,High,Notes,2.9,5,Medium
S03390,DSA,Yes,No,No,No,Yes,No,Yes,Evening,Medium,Mixed,2.2,2,Low
S03391,ML,Yes,No,Yes,Yes,Yes,No,No,Morning,Low,Notes,4.8,7,High
S03392,OS,No,No,Yes,Yes,Yes,Yes,Yes,Evening,High,Notes,4.4,6,High
S03393,OS,No,No,No,Yes,No,No,Yes,Evening,Low,Mixed,1.5,5,Low
S03394,DBMS,Yes,Yes,Yes,Yes,No,No,Yes,Evening,High,Videos,2.6,6,High
S03395,DSA,No,Yes,Yes,Yes,Yes,Yes,Yes,Night,Medium,Videos,4.8,6,High
S03396,CN,No,No,No,Yes,No,Yes,Yes,Afternoon,High,Mixed,2.9,6,Low
S03397,DSA,Yes,Yes,Yes,No,No,No,No,Evening,High,Mixed,3.3,4,Low
S03398,DBMS,Yes,Yes,Yes,No,Yes,Yes,No,Afternoon,Low,Notes,2.8,7,Low
S03399,OS,No,No,Yes,Yes,No,Yes,Yes,Night,High,Mixed,4.8,8,Medium
S03400,DSA,No,Yes,Yes,Yes,No,No,No,Night,High,Notes,3.3,8,Medium
S03401,ML,Yes,Yes,Yes,Yes,Yes,No,Yes,Afternoon,Low,Videos,6.4,7,Medium
S03402,CN,No,Yes,No,No,No,No,No,Morning,High,Notes,1.7,4,Low
S03403,DBMS,Yes,Yes,Yes,Yes,No,Yes,Yes,Morning,High,Mixed,3.7,5,High
S03404,OS,No,No,No,No,No,No,No,Morning,High,Notes,2.8,5,Low
S03405,CN,No,Yes,Yes,Yes,No,Yes,No,Evening,High,Videos,2.5,5,Low
S03406,OS,No,No,Yes,No,Yes,No,Yes,Morning,High,Notes,3.1,7,Low
S03407,DSA,Yes,Yes,No,No,No,Yes,No,Afternoon,High,Videos,0.7,4,Low
S03408,DBMS,Yes,No,Yes,Yes,Yes,Yes,Yes,Evening,Medium,Videos,4.0,7,Medium
S03409,DBMS,Yes,Yes,Yes,No,No,No,Yes,Morning,Low,Mixed,1.2,4,Low
S03410,OS,Yes,Yes,No,No,No,Yes,Yes,Afternoon,High,Notes,2.8,2,Low
S03411,ML,No,No,No,No,No,Yes,Yes,Night,High,Notes,2.3,4,Low
S03412,DSA,Yes,Yes,Yes,Yes,Yes,No,Yes,Night,Low,Notes,3.7,6,Medium
S03413,CN,Yes,No,No,No,No,Yes,Yes,Evening,Low,Notes,2.0,4,Low
S03414,CN,Yes,Yes,Yes,Yes,No,No,Yes,Evening,Medium,Videos,3.7,6,High
S03415,OS,Yes,Yes,No,No,No,No,Yes,Night,Medium,Mixed,2.2,4,Low
S03416,DSA,Yes,Yes,Yes,Yes,Yes,Yes,Yes,Morning,High,Mixed,3.1,8,High
S03417,ML,No,No,Yes,No,Yes,Yes,No,Night,High,Notes,3.6,5,Medium
S03418,CN,No,Yes,No,No,Yes,No,No,Night,Low,Notes,1.3,4,Low
S03419,ML,Yes,Yes,Yes,Yes,Yes,No,No,Evening,High,Videos,4.8,5,High
S03420,OS,No,No,No,No,No,No,No,Evening,High,Videos,1.9,2,Low
S03421,DBMS,No,Yes,Yes,No,No,No,No,Evening,High,Notes,2.1,6,Low
S03422,DSA,Yes,No,Yes,Yes,Yes,No,Yes,Morning,Medium,Videos,5.2,5,High
S03423,DBMS,No,No,No,Yes,Yes,No,Yes,Night,Low,Videos,4.2,6,Medium
S03424,ML,Yes,Yes,Yes,No,Yes,No,Yes,Evening,Medium,Mixed,2.5,5,High
S03425,DSA,Yes,Yes,No,Yes,No,No,Yes,Evening,Medium,Notes,1.4,6,Low
S03426,ML,Yes,Yes,Yes,No,Yes,Yes,No,Night,High,Videos,2.3,4,Medium
S03427,OS,Yes,No,Yes,Yes,Yes,No,Yes,Morning,Medium,Mixed,4.1,7,High
S03428,DSA,No,No,Yes,No,No,No,Yes,Evening,High,Notes,2.0,7,Low
S03429,ML,No,Yes,Yes,No,No,No,Yes,Afternoon,High,Mixed,2.7,4,Low
S03430,DSA,No,No,Yes,Yes,No,No,Yes,Evening,Medium,Notes,4.3,5,Medium
S03431,DSA,Yes,No,No,Yes,Yes,No,No,Morning,High,Notes,4.5,3,High
S03432,DBMS,Yes,Yes,Yes,Yes,Yes,No,Yes,Afternoon,Medium,Mixed,2.6,6,High
S03433,DBMS,No,Yes,No,No,Yes,Yes,Yes,Morning,High,Notes,0.5,5,Medium
S03434,OS,Yes,No,Yes,Yes,No,No,No,Evening,High,Mixed,3.1,7,Medium
S03435,DSA,Yes,No,No,Yes,Yes,No,No,Night,High,Notes,1.8,3,Medium
S03436,OS,Yes,Yes,Yes,Yes,Yes,No,Yes,Morning,High,Mixed,3.3,7,High
S03437,OS,Yes,Yes,Yes,No,Yes,No,Yes,Night,High,Mixed,2.9,6,Low
S03438,CN,Yes,Yes,Yes,Yes,Yes,Yes,Yes,Evening,Low,Mixed,4.6,6,High
S03439,DSA,Yes,Yes,Yes,No,Yes,Yes,No,Night,High,Mixed,3.2,6,Medium
S03440,ML,Yes,Yes,Yes,No,Yes,Yes,No,Night,Medium,Mixed,2.6,5,Medium
S03441,DSA,Yes,No,Yes,Yes,Yes,Yes,Yes,Evening,High,Videos,4.1,6,High
S03442,OS,Yes,Yes,Yes,No,Yes,No,Yes,Evening,High,Notes,3.1,7,High
S03443,CN,Yes,Yes,No,No,Yes,No,Yes,Morning,Medium,Notes,1.8,3,Low
S03444,OS,Yes,No,Yes,No,No,Yes,Yes,Evening,High,Videos,1.6,6,Low
S03445,ML,No,Yes,Yes,No,No,No,Yes,Evening,Medium,Notes,2.1,5,Low
S03446,ML,Yes,Yes,Yes,Yes,Yes,No,Yes,Night,High,Videos,4.4,6,High
S03447,DBMS,No,No,Yes,Yes,Yes,Yes,No,Evening,Medium,Notes,4.4,5,High
S03448,DBMS,No,Yes,Yes,No,No,No,Yes,Afternoon,High,Mixed,1.5,7,Low
S03449,CN,Yes,No,Yes,Yes,Yes,No,Yes,Afternoon,Low,Videos,3.6,5,High
S03450,ML,No,Yes,No,No,No,Yes,No,Night,High,Mixed,0.7,5,Low
S03451,ML,No,Yes,No,No,Yes,No,Yes,Evening,Medium,Mixed,2.9,5,Low
S03452,DBMS,Yes,No,Yes,Yes,No,No,Yes,Morning,High,Notes,3.4,5,Medium
S03453,DSA,Yes,Yes,Yes,Yes,Yes,No,Yes,Night,Low,Mixed,3.1,7,Medium
S03454,CN,Yes,Yes,No,Yes,No,Yes,No,Evening,High,Videos,1.9,3,Low
S03455,ML,No,Yes,Yes,Yes,Yes,No,Yes,Afternoon,High,Notes,1.8,6,High
S03456,CN,No,No,Yes,Yes,No,Yes,Yes,Morning,Medium,Videos,2.9,8,Low
S03457,ML,No,Yes,No,Yes,Yes,No,No,Afternoon,Medium,Videos,3.3,3,Medium
S03458,ML,No,No,No,No,No,Yes,Yes,Morning,Medium,Mixed,1.9,3,Low
S03459,OS,Yes,No,Yes,Yes,Yes,Yes,Yes,Evening,High,Notes,3.4,5,High
S03460,DSA,No,No,No,No,Yes,No,No,Evening,Low,Mixed,2.0,5,Low
S03461,DBMS,Yes,Yes,Yes,No,No,No,Yes,Night,High,Notes,2.9,7,Medium
S03462,OS,No,No,No,Yes,Yes,No,Yes,Morning,High,Mixed,3.8,6,Medium
S03463,OS,Yes,No,Yes,Yes,Yes,Yes,Yes,Afternoon,Medium,Notes,3.7,7,High
S03464,DSA,Yes,Yes,No,Yes,No,No,No,Evening,Medium,Notes,3.0,5,Low
S03465,ML,No,No,Yes,Yes,No,No,Yes,Evening,High,Mixed,2.4,6,Medium
S03466,ML,No,Yes,No,No,No,No,No,Evening,High,Mixed,1.9,4,Low
S03467,ML,Yes,Yes,Yes,Yes,No,Yes,No,Morning,High,Videos,3.5,8,Medium
S03468,DBMS,Yes,No,No,No,No,No,No,Morning,High,Notes,0.5,5,Low
S03469,CN,Yes,Yes,No,No,No,No,No,Evening,Medium,Videos,1.4,5,Low
S03470,ML,No,Yes,No,No,No,Yes,No,Evening,High,Notes,2.7,4,Low
S03471,OS,Yes,No,Yes,Yes,No,Yes,No,Morning,High,Videos,2.3,7,Medium
S03472,OS,Yes,No,Yes,No,Yes,No,Yes,Night,Medium,Notes,3.3,7,Medium
S03473,CN,Yes,Yes,No,No,Yes,No,Yes,Night,High,Videos,2.8,3,Low
S03474,CN,Yes,Yes,No,No,No,No,Yes,Afternoon,High,Videos,2.4,5,Low
S03475,DBMS,Yes,Yes,Yes,Yes,No,Yes,Yes,Evening,High,Mixed,3.6,6,High
S03476,DBMS,Yes,No,Yes,Yes,Yes,Yes,Yes,Afternoon,High,Videos,3.5,6,High
S03477,DSA,No,Yes,Yes,Yes,Yes,Yes,No,Night,Medium,Videos,4.7,6,High
S03478,OS,No,No,Yes,Yes,Yes,No,No,Morning,Medium,Notes,3.9,5,Low
S03479,DBMS,No,No,Yes,Yes,No,No,Yes,Night,High,Notes,2.2,7,Medium
S03480,CN,Yes,No,No,No,Yes,Yes,No,Evening,High,Notes,2.0,3,Low
S03481,CN,Yes,Yes,Yes,Yes,No,Yes,Yes,Afternoon,High,Notes,1.7,7,Medium
S03482,CN,No,Yes,No,No,No,Yes,No,Night,High,Notes,1.6,4,Low
S03483,ML,No,Yes,No,Yes,No,Yes,No,Night,Medium,Videos,2.2,6,Low
S03484,CN,Yes,Yes,Yes,No,Yes,No,No,Evening,High,Notes,2.1,5,Medium
S03485,ML,No,Yes,No,Yes,Yes,No,No,Evening,High,Videos,5.0,6,Low
S03486,CN,No,No,No,Yes,No,Yes,Yes,Evening,Medium,Videos,1.3,4,Low
S03487,DBMS,No,Yes,Yes,Yes,Yes,No,Yes,Evening,High,Mixed,4.2,8,High
S03488,DSA,No,Yes,No,Yes,Yes,No,Yes,Morning,High,Mixed,2.8,4,Medium
S03489,ML,Yes,Yes,Yes,Yes,No,No,Yes,Evening,High,Notes,2.8,8,Medium
S03490,DSA,Yes,No,Yes,No,Yes,No,No,Night,High,Notes,2.8,4,Medium
S03491,ML,Yes,Yes,No,Yes,No,Yes,No,Night,Medium,Notes,1.6,4,Low
S03492,ML,Yes,No,Yes,Yes,Yes,No,No,Morning,High,Mixed,4.2,7,High
S03493,OS,No,No,Yes,Yes,No,Yes,Yes,Night,High,Mixed,4.7,7,Medium
S03494,CN,Yes,Yes,No,No,No,No,Yes,Morning,High,Videos,3.2,3,Low
S03495,DSA,Yes,No,Yes,Yes,Yes,No,No,Evening,High,Mixed,4.5,8,High
S03496,CN,No,Yes,Yes,Yes,Yes,No,No,Afternoon,Medium,Videos,3.3,8,Medium
S03497,DSA,No,Yes,Yes,Yes,Yes,No,Yes,Afternoon,Medium,Mixed,4.3,6,High
S03498,CN,No,Yes,Yes,No,Yes,No,Yes,Evening,Low,Mixed,3.2,4,Low
S03499,CN,Yes,Yes,Yes,No,Yes,No,No,Morning,Medium,Videos,3.5,7,Medium
S03500,ML,No,No,No,No,No,No,Yes,Night,Medium,Videos,0.5,4,Low
S03501,OS,Yes,No,Yes,Yes,Yes,No,Yes,Night,High,Mixed,2.4,7,High
S03502,ML,Yes,Yes,Yes,Yes,No,No,Yes,Morning,Medium,Notes,4.4,7,High
S03503,OS,Yes,No,Yes,Yes,No,Yes,No,Night,High,Notes,3.2,8,Medium
S03504,DSA,No,Yes,Yes,No,Yes,No,Yes,Night,Medium,Notes,2.8,7,Medium
S03505,OS,No,Yes,No,No,No,Yes,No,Morning,Medium,Videos,1.7,2,Low
S03506,OS,Yes,No,No,Yes,No,No,Yes,Morning,Medium,Notes,1.0,4,Low
S03507,DBMS,Yes,Yes,No,No,No,No,Yes,Evening,High,Videos,2.9,2,Low
S03508,OS,No,No,Yes,Yes,No,No,Yes,Afternoon,Medium,Videos,2.2,5,Low
S03509,ML,No,Yes,No,No,Yes,No,Yes,Evening,Low,Videos,0.6,3,Low
S03510,CN,Yes,No,No,No,Yes,Yes,No,Evening,High,Mixed,3.3,2,Low
S03511,OS,No,Yes,No,No,No,No,No,Night,High,Videos,4.0,5,Low
S03512,ML,No,Yes,No,Yes,Yes,No,No,Evening,Medium,Notes,1.9,5,Medium
S03513,ML,No,No,No,Yes,Yes,No,No,Evening,High,Mixed,3.3,6,Low
S03514,ML,No,No,Yes,Yes,Yes,No,Yes,Evening,High,Mixed,6.7,6,Medium
S03515,DSA,No,Yes,Yes,Yes,Yes,Yes,Yes,Night,High,Mixed,2.4,5,High
S03516,DSA,No,No,Yes,Yes,Yes,Yes,Yes,Afternoon,High,Videos,4.0,5,High
S03517,CN,Yes,Yes,Yes,No,Yes,No,Yes,Afternoon,High,Notes,4.0,6,Medium
S03518,CN,Yes,Yes,Yes,Yes,Yes,No,Yes,Afternoon,High,Notes,3.4,6,High
S03519,DBMS,Yes,Yes,Yes,Yes,Yes,No,Yes,Night,High,Mixed,5.1,5,High
S03520,DSA,No,No,No,No,Yes,Yes,Yes,Afternoon,High,Mixed,2.7,2,Low
S03521,ML,Yes,No,Yes,Yes,No,No,Yes,Evening,Medium,Mixed,2.3,8,Medium
S03522,OS,No,No,No,Yes,Yes,Yes,Yes,Evening,Low,Videos,1.7,5,Medium
S03523,DSA,Yes,Yes,Yes,Yes,Yes,No,Yes,Evening,Low,Mixed,3.3,8,High
S03524,DBMS,Yes,Yes,Yes,No,No,No,Yes,Night,Medium,Mixed,2.1,6,Low
S03525,DSA,Yes,Yes,No,Yes,No,No,Yes,Afternoon,Low,Mixed,2.3,6,Low
S03526,DSA,Yes,Yes,Yes,Yes,Yes,No,Yes,Evening,High,Mixed,5.6,5,High
S03527,DBMS,Yes,No,No,Yes,No,No,No,Evening,Medium,Mixed,1.8,6,Low
S03528,DSA,Yes,Yes,Yes,Yes,No,No,No,Night,Medium,Videos,3.4,6,Medium
S03529,OS,No,No,No,No,No,Yes,Yes,Night,Medium,Videos,3.1,4,Low
S03530,OS,Yes,No,Yes,No,No,Yes,Yes,Morning,Medium,Videos,3.4,4,Low
S03531,DSA,Yes,No,No,Yes,No,No,Yes,Afternoon,High,Notes,2.3,3,Low
S03532,DBMS,Yes,Yes,No,No,No,No,Yes,Morning,Medium,Mixed,1.3,5,Low
S03533,CN,Yes,Yes,Yes,Yes,Yes,No,Yes,Night,High,Videos,2.5,6,High
S03534,ML,Yes,No,No,No,No,No,Yes,Evening,High,Mixed,1.3,2,Low
S03535,OS,No,No,No,Yes,Yes,No,Yes,Night,Medium,Mixed,5.0,3,Low
S03536,DBMS,No,Yes,No,Yes,No,No,Yes,Night,Low,Mixed,1.7,4,Low
S03537,DBMS,Yes,No,Yes,Yes,No,No,No,Night,High,Mixed,4.3,6,Medium
S03538,ML,Yes,No,Yes,Yes,Yes,No,Yes,Afternoon,Medium,Notes,3.3,7,High
S03539,DSA,Yes,Yes,No,No,Yes,No,Yes,Evening,Low,Videos,2.8,3,Low
S03540,CN,Yes,No,No,Yes,No,Yes,No,Afternoon,High,Notes,3.2,5,Low
S03541,ML,No,Yes,No,No,No,No,Yes,Evening,High,Notes,1.0,5,Low
S03542,OS,Yes,No,Yes,Yes,No,Yes,Yes,Evening,Medium,Mixed,2.7,8,Medium
S03543,CN,No,Yes,No,Yes,No,Yes,Yes,Night,Medium,Videos,2.9,5,Low
S03544,DBMS,Yes,Yes,No,No,Yes,No,No,Evening,High,Videos,2.8,4,Low
S03545,DSA,Yes,Yes,No,No,No,Yes,No,Night,Medium,Mixed,2.3,2,Low
S03546,DSA,Yes,No,No,No,No,No,No,Evening,High,Mixed,1.5,2,Low
S03547,ML,Yes,No,Yes,Yes,Yes,No,No,Evening,High,Mixed,2.9,5,High
S03548,OS,No,Yes,No,No,Yes,Yes,No,Afternoon,High,Mixed,2.0,4,Low
S03549,DBMS,Yes,Yes,Yes,Yes,No,Yes,Yes,Night,High,Notes,2.3,6,High
S03550,OS,No,Yes,Yes,No,No,No,Yes,Afternoon,High,Mixed,3.0,5,Medium
S03551,DBMS,No,Yes,Yes,No,No,No,No,Evening,High,Mixed,1.5,5,Low
S03552,DBMS,Yes,No,No,No,No,No,Yes,Morning,Medium,Videos,0.8,3,Low
S03553,ML,Yes,Yes,Yes,No,No,Yes,Yes,Evening,High,Notes,2.3,7,Medium
S03554,CN,Yes,No,Yes,Yes,Yes,No,Yes,Evening,High,Notes,5.1,6,High
S03555,DSA,Yes,No,Yes,No,Yes,No,Yes,Night,Medium,Mixed,2.0,6,Low
S03556,CN,No,Yes,No,No,No,No,No,Afternoon,Medium,Videos,0.9,4,Low
S03557,OS,Yes,Yes,No,No,No,Yes,No,Afternoon,High,Mixed,1.0,2,Low
S03558,DBMS,No,No,Yes,No,No,No,Yes,Morning,Medium,Notes,2.9,7,Low
S03559,DBMS,No,No,Yes,Yes,Yes,No,Yes,Evening,Low,Notes,3.1,5,Medium
S03560,ML,Yes,No,Yes,No,No,No,Yes,Night,Medium,Mixed,1.4,6,Low
S03561,DBMS,No,Yes,Yes,No,No,No,Yes,Evening,Medium,Videos,1.8,4,Medium
S03562,ML,Yes,Yes,No,Yes,No,Yes,Yes,Morning,High,Mixed,2.6,3,Low
S03563,DSA,No,No,Yes,No,No,No,No,Afternoon,High,Mixed,1.0,7,Medium
S03564,OS,Yes,Yes,Yes,Yes,No,No,Yes,Afternoon,Medium,Videos,4.2,5,High
S03565,ML,No,No,No,No,No,Yes,Yes,Evening,Medium,Videos,2.2,2,Low
S03566,ML,No,No,Yes,No,No,No,Yes,Night,High,Mixed,3.1,4,Low
S03567,OS,No,Yes,Yes,Yes,Yes,No,No,Night,Medium,Notes,4.3,7,Medium
S03568,ML,Yes,Yes,Yes,Yes,Yes,No,No,Afternoon,Low,Videos,4.0,7,High
S03569,OS,No,Yes,Yes,Yes,No,Yes,No,Afternoon,Low,Notes,2.6,5,Low
S03570,OS,Yes,No,Yes,No,Yes,No,Yes,Evening,High,Videos,2.7,7,Medium
S03571,OS,No,Yes,No,No,Yes,No,Yes,Evening,High,Videos,1.7,5,Low
S03572,ML,Yes,Yes,No,No,Yes,Yes,Yes,Evening,High,Videos,0.8,5,Low
S03573,DSA,Yes,No,No,No,No,No,Yes,Night,Medium,Mixed,2.8,2,Low
S03574,CN,Yes,No,No,No,No,Yes,Yes,Afternoon,Medium,Mixed,0.5,5,Low
S03575,DSA,Yes,Yes,Yes,Yes,No,No,Yes,Night,Medium,Mixed,2.9,7,Medium
S03576,DSA,Yes,No,No,No,Yes,No,No,Evening,Medium,Videos,1.8,5,Low
S03577,ML,No,Yes,No,Yes,No,No,No,Morning,High,Mixed,2.6,5,Low
S03578,OS,Yes,No,Yes,Yes,Yes,No,Yes,Night,High,Notes,3.5,7,High
S03579,ML,No,No,Yes,Yes,Yes,No,Yes,Afternoon,Medium,Mixed,3.2,8,High
S03580,CN,Yes,Yes,Yes,Yes,Yes,Yes,Yes,Morning,Medium,Videos,4.8,5,High
S03581,OS,No,Yes,Yes,No,Yes,No,Yes,Evening,High,Videos,6.0,6,Medium
S03582,OS,No,Yes,Yes,Yes,Yes,No,Yes,Evening,Medium,Videos,5.8,5,High
S03583,ML,Yes,No,Yes,Yes,Yes,No,Yes,Evening,Low,Videos,4.0,8,High
S03584,ML,No,No,No,Yes,No,No,Yes,Night,Medium,Notes,0.8,5,Low
S03585,ML,No,No,Yes,Yes,Yes,No,Yes,Morning,High,Videos,2.3,7,High
S03586,CN,No,No,No,Yes,Yes,No,No,Night,High,Notes,3.8,3,Low
S03587,DSA,Yes,Yes,Yes,No,Yes,No,Yes,Evening,High,Mixed,3.1,6,High
S03588,OS,Yes,No,Yes,Yes,No,No,No,Morning,High,Notes,3.4,7,Medium
S03589,OS,No,No,Yes,No,No,No,Yes,Night,Medium,Notes,2.8,4,Medium
S03590,DBMS,Yes,Yes,Yes,Yes,No,No,Yes,Night,High,Mixed,2.7,7,Medium
S03591,ML,No,Yes,No,Yes,No,No,Yes,Afternoon,High,Notes,2.3,3,Medium
S03592,DSA,Yes,No,No,No,No,No,No,Evening,Medium,Mixed,2.0,2,Low
S03593,ML,No,No,Yes,Yes,Yes,No,Yes,Afternoon,High,Videos,5.4,5,High
S03594,ML,Yes,Yes,Yes,Yes,Yes,Yes,Yes,Evening,Medium,Notes,5.4,8,High
S03595,CN,Yes,No,No,No,No,No,Yes,Afternoon,High,Notes,2.2,3,Low
S03596,DBMS,No,Yes,Yes,No,No,No,No,Evening,Medium,Mixed,2.1,5,Low
S03597,OS,No,Yes,No,No,No,No,Yes,Afternoon,Medium,Mixed,1.7,4,Low
S03598,DBMS,No,No,Yes,Yes,No,Yes,Yes,Evening,Medium,Mixed,4.4,5,High
S03599,OS,No,Yes,No,No,Yes,No,No,Morning,High,Mixed,3.8,3,Low
S03600,OS,Yes,No,Yes,Yes,No,No,Yes,Evening,Medium,Videos,4.5,6,Medium
S03601,OS,Yes,No,No,No,No,No,No,Afternoon,High,Mixed,1.0,5,Low
S03602,OS,Yes,Yes,No,No,Yes,No,No,Morning,High,Mixed,3.2,5,Low
S03603,ML,Yes,Yes,Yes,Yes,Yes,No,No,Afternoon,High,Videos,3.4,7,High
S03604,ML,Yes,Yes,Yes,Yes,No,Yes,Yes,Evening,Medium,Videos,4.3,8,Low
S03605,OS,No,Yes,No,No,No,No,No,Afternoon,High,Videos,2.7,2,Low
S03606,DSA,Yes,No,Yes,Yes,Yes,No,Yes,Night,High,Mixed,4.6,8,High
S03607,ML,Yes,Yes,Yes,No,No,Yes,Yes,Night,High,Videos,2.0,4,Medium
S03608,ML,Yes,No,Yes,Yes,No,No,Yes,Night,High,Mixed,2.3,8,Medium
S03609,DBMS,Yes,Yes,No,No,No,No,Yes,Afternoon,High,Mixed,1.2,3,Low
S03610,DSA,Yes,Yes,No,Yes,No,No,No,Night,High,Notes,2.8,4,Low
S03611,OS,No,No,No,No,No,No,No,Night,Medium,Videos,0.8,3,Low
S03612,OS,Yes,Yes,Yes,Yes,Yes,No,No,Morning,High,Notes,2.3,7,High
S03613,ML,Yes,No,No,No,No,No,Yes,Night,High,Videos,2.8,2,Low
S03614,ML,No,No,No,No,No,No,Yes,Night,Medium,Notes,0.5,5,Low
S03615,OS,Yes,No,No,No,No,No,No,Night,High,Videos,1.7,3,Low
S03616,ML,No,Yes,No,No,No,No,Yes,Evening,High,Notes,1.8,2,Low
S03617,ML,Yes,Yes,Yes,Yes,Yes,No,Yes,Night,Medium,Notes,3.2,7,High
S03618,ML,Yes,No,No,Yes,No,No,Yes,Afternoon,High,Notes,2.1,4,Low
S03619,OS,Yes,Yes,Yes,Yes,Yes,Yes,Yes,Night,Low,Notes,5.3,5,High
S03620,CN,No,No,No,No,Yes,No,Yes,Night,Medium,Mixed,0.5,2,Low
S03621,DSA,No,No,Yes,Yes,Yes,Yes,No,Evening,High,Mixed,4.9,5,High
S03622,CN,Yes,Yes,Yes,No,Yes,Yes,No,Afternoon,Medium,Notes,3.1,5,Medium
S03623,CN,Yes,No,Yes,No,Yes,No,Yes,Evening,High,Videos,2.4,7,Medium
S03624,ML,No,No,No,Yes,No,Yes,Yes,Night,High,Videos,2.6,3,Low
S03625,OS,No,Yes,Yes,Yes,Yes,Yes,Yes,Night,High,Mixed,3.5,8,High
S03626,OS,Yes,No,No,Yes,No,Yes,Yes,Evening,Medium,Notes,2.4,5,Low
S03627,DSA,No,No,Yes,No,No,No,Yes,Morning,High,Notes,3.2,6,Low
S03628,OS,No,Yes,Yes,No,No,No,Yes,Evening,High,Videos,3.3,6,Low
S03629,DSA,No,No,Yes,Yes,Yes,No,Yes,Afternoon,High,Mixed,3.5,6,High
S03630,CN,Yes,Yes,Yes,Yes,Yes,No,Yes,Night,High,Videos,4.6,7,High
S03631,CN,Yes,Yes,Yes,No,No,No,Yes,Evening,Medium,Notes,4.3,7,Low
S03632,ML,No,No,No,Yes,No,No,No,Evening,High,Videos,1.2,6,Low
S03633,DBMS,Yes,No,No,No,No,No,Yes,Night,High,Notes,0.8,2,Low
S03634,DBMS,Yes,Yes,Yes,Yes,Yes,No,Yes,Night,Medium,Videos,2.6,5,High
S03635,ML,Yes,No,Yes,No,Yes,No,Yes,Evening,Low,Videos,4.7,5,Low
S03636,CN,Yes,Yes,No,No,Yes,No,Yes,Evening,Medium,Videos,2.1,5,Low
S03637,OS,No,Yes,Yes,Yes,No,No,No,Night,High,Videos,3.1,8,Medium
S03638,ML,Yes,Yes,No,Yes,Yes,No,No,Night,High,Videos,3.4,6,Medium
S03639,CN,No,No,No,Yes,Yes,No,No,Evening,Medium,Notes,3.7,5,Medium
S03640,OS,Yes,Yes,No,Yes,No,Yes,Yes,Afternoon,High,Videos,2.5,3,Medium
S03641,ML,Yes,Yes,Yes,Yes,Yes,No,No,Night,High,Notes,5.1,7,High
S03642,DBMS,Yes,No,No,No,Yes,No,Yes,Morning,High,Videos,2.0,5,Medium
S03643,CN,No,Yes,No,No,Yes,No,Yes,Evening,Medium,Notes,1.0,2,Low
S03644,CN,Yes,Yes,Yes,Yes,No,Yes,Yes,Morning,Medium,Notes,4.6,8,High
S03645,OS,Yes,Yes,Yes,Yes,Yes,No,No,Night,High,Notes,3.7,7,High
S03646,ML,No,No,Yes,No,Yes,No,No,Morning,High,Notes,1.6,5,Medium
S03647,CN,Yes,No,Yes,Yes,Yes,No,Yes,Evening,Medium,Mixed,1.2,7,High
S03648,DBMS,Yes,No,No,No,No,No,Yes,Night,Medium,Notes,0.5,3,Low
S03649,OS,Yes,Yes,Yes,No,Yes,Yes,Yes,Afternoon,Medium,Notes,2.5,6,High
S03650,DSA,No,Yes,Yes,No,Yes,No,No,Night,High,Notes,3.1,5,Low
S03651,ML,Yes,No,Yes,Yes,No,Yes,No,Morning,Medium,Videos,3.6,8,Medium
S03652,ML,Yes,Yes,Yes,No,No,No,Yes,Morning,Low,Notes,1.1,4,Low
S03653,OS,Yes,Yes,No,Yes,No,No,Yes,Afternoon,High,Videos,2.0,6,Low
S03654,DSA,Yes,Yes,Yes,Yes,No,No,Yes,Night,Low,Videos,2.7,7,Medium
S03655,DBMS,Yes,Yes,No,No,No,No,Yes,Evening,High,Mixed,1.8,2,Low
S03656,ML,Yes,Yes,Yes,Yes,Yes,No,Yes,Night,Medium,Videos,4.6,7,High
S03657,CN,Yes,No,No,Yes,Yes,No,No,Afternoon,Medium,Notes,4.3,4,Medium
S03658,OS,Yes,Yes,Yes,Yes,No,No,Yes,Morning,Low,Mixed,4.5,5,Medium
S03659,CN,No,No,No,No,No,No,No,Evening,Medium,Mixed,0.5,3,Low
S03660,CN,Yes,Yes,Yes,Yes,Yes,No,No,Morning,High,Mixed,4.0,8,High
S03661,CN,Yes,No,No,No,Yes,No,Yes,Evening,Medium,Mixed,1.9,5,Low
S03662,DBMS,No,No,No,Yes,Yes,No,Yes,Night,High,Videos,2.7,4,High
S03663,CN,No,No,No,No,Yes,Yes,No,Evening,Low,Videos,2.0,3,Low
S03664,DBMS,No,Yes,Yes,Yes,Yes,Yes,Yes,Evening,High,Notes,5.3,5,High
S03665,CN,Yes,No,Yes,Yes,Yes,Yes,No,Afternoon,High,Notes,4.5,6,High
S03666,DSA,Yes,Yes,Yes,No,No,No,Yes,Evening,Medium,Videos,2.5,7,Low
S03667,OS,Yes,No,No,Yes,No,No,No,Evening,High,Mixed,2.4,4,Low
S03668,OS,Yes,No,No,No,No,No,No,Evening,Low,Notes,0.5,3,Low
S03669,CN,Yes,No,Yes,No,Yes,No,Yes,Evening,Medium,Notes,3.7,7,High
S03670,CN,Yes,No,Yes,No,No,Yes,Yes,Night,High,Mixed,2.3,7,Low
S03671,ML,Yes,No,Yes,Yes,No,No,Yes,Afternoon,Medium,Videos,2.6,7,High
S03672,DSA,Yes,No,Yes,No,Yes,No,Yes,Evening,Medium,Videos,1.9,4,Medium
S03673,ML,Yes,Yes,No,Yes,No,Yes,No,Morning,Medium,Mixed,4.0,5,Low
S03674,CN,Yes,Yes,No,No,Yes,Yes,Yes,Evening,High,Notes,1.7,4,Medium
S03675,DSA,No,No,No,Yes,Yes,No,Yes,Morning,High,Mixed,3.7,6,Medium
S03676,DBMS,No,No,No,No,No,No,No,Afternoon,Medium,Videos,1.8,2,Low
S03677,DSA,Yes,Yes,No,No,No,Yes,No,Evening,Low,Notes,2.6,2,Low
S03678,DBMS,Yes,Yes,Yes,Yes,No,No,Yes,Evening,Medium,Mixed,1.8,8,Medium
S03679,DSA,Yes,Yes,Yes,No,No,No,Yes,Night,Medium,Notes,3.7,6,Low
S03680,DSA,Yes,Yes,Yes,Yes,Yes,No,Yes,Evening,Medium,Videos,5.3,5,High
S03681,ML,No,Yes,No,No,No,Yes,Yes,Night,High,Mixed,0.6,4,Low
S03682,CN,Yes,Yes,Yes,Yes,Yes,Yes,Yes,Evening,Low,Notes,4.6,6,High
S03683,CN,Yes,Yes,Yes,Yes,Yes,No,Yes,Afternoon,Medium,Mixed,3.0,7,High
S03684,DSA,Yes,No,Yes,Yes,No,No,Yes,Morning,High,Notes,3.0,5,High
S03685,DBMS,Yes,Yes,No,Yes,No,No,No,Evening,Medium,Videos,1.4,4,Low
S03686,DBMS,Yes,Yes,Yes,No,Yes,No,Yes,Night,High,Notes,3.6,5,High
S03687,ML,Yes,Yes,No,No,No,No,No,Evening,Medium,Videos,1.2,5,Low
S03688,DSA,No,Yes,Yes,No,Yes,No,Yes,Afternoon,High,Mixed,3.1,7,High
S03689,DSA,Yes,Yes,No,No,Yes,No,Yes,Night,High,Mixed,1.2,4,Low
S03690,ML,Yes,Yes,Yes,No,Yes,No,Yes,Morning,High,Notes,3.9,5,High
S03691,CN,Yes,Yes,Yes,Yes,No,No,Yes,Morning,Medium,Notes,3.1,8,High
S03692,CN,Yes,No,No,Yes,Yes,Yes,Yes,Afternoon,Low,Videos,3.0,4,Low
S03693,DBMS,Yes,Yes,Yes,No,Yes,No,Yes,Evening,Medium,Videos,2.6,6,Low
S03694,CN,Yes,Yes,Yes,No,Yes,Yes,Yes,Afternoon,High,Mixed,1.5,7,Medium
S03695,DBMS,No,Yes,No,Yes,No,No,No,Night,High,Notes,1.5,3,Low
S03696,ML,Yes,Yes,Yes,Yes,Yes,No,Yes,Morning,Medium,Mixed,3.7,5,High
S03697,OS,Yes,Yes,Yes,Yes,No,No,Yes,Night,Medium,Mixed,3.1,7,High
S03698,OS,Yes,Yes,No,No,No,No,Yes,Morning,Medium,Videos,2.8,5,Low
S03699,OS,Yes,Yes,No,Yes,No,No,Yes,Night,Medium,Mixed,3.7,4,Medium
S03700,OS,Yes,Yes,Yes,No,Yes,Yes,Yes,Morning,High,Videos,3.7,7,Medium
S03701,CN,No,No,Yes,No,Yes,Yes,Yes,Morning,Medium,Mixed,4.9,5,Medium
S03702,DSA,Yes,Yes,Yes,No,Yes,No,No,Afternoon,High,Videos,2.7,5,Medium
S03703,OS,Yes,Yes,Yes,Yes,No,Yes,Yes,Afternoon,Low,Mixed,3.9,5,Medium
S03704,OS,No,No,Yes,No,No,No,No,Evening,High,Notes,2.8,4,Low
S03705,DBMS,Yes,Yes,Yes,No,Yes,No,No,Night,High,Notes,3.5,6,High
S03706,CN,Yes,No,No,Yes,Yes,Yes,Yes,Evening,High,Notes,2.1,5,High
S03707,ML,Yes,Yes,Yes,Yes,Yes,No,Yes,Afternoon,High,Mixed,4.0,6,High
S03708,DSA,No,Yes,Yes,Yes,Yes,Yes,Yes,Afternoon,High,Videos,3.5,8,High
S03709,ML,Yes,No,No,Yes,Yes,No,Yes,Night,High,Mixed,1.9,4,Medium
S03710,DSA,No,Yes,No,No,No,No,Yes,Morning,Low,Mixed,2.0,3,Low
S03711,DBMS,No,Yes,No,Yes,Yes,No,No,Evening,Medium,Notes,1.4,3,Low
S03712,DBMS,No,No,Yes,No,Yes,Yes,Yes,Afternoon,High,Videos,4.2,7,Medium
S03713,OS,No,No,No,Yes,No,Yes,No,Afternoon,High,Videos,2.4,4,Low
S03714,DSA,No,Yes,No,Yes,No,Yes,No,Afternoon,High,Notes,1.3,3,Medium
S03715,DSA,No,No,Yes,No,Yes,No,Yes,Night,High,Mixed,2.8,6,Low
S03716,ML,No,Yes,Yes,No,No,No,Yes,Afternoon,Medium,Mixed,2.5,4,Low
S03717,DBMS,No,No,Yes,No,Yes,No,Yes,Night,High,Notes,4.1,6,Medium
S03718,ML,No,Yes,No,No,No,No,Yes,Evening,High,Videos,2.7,4,Low
S03719,DSA,No,No,Yes,No,Yes,No,Yes,Afternoon,Low,Mixed,2.9,6,Low
S03720,DBMS,Yes,Yes,Yes,Yes,No,No,Yes,Morning,Low,Videos,3.2,7,Medium
S03721,DBMS,No,No,No,No,No,Yes,No,Morning,High,Notes,3.2,2,Low
S03722,DBMS,Yes,Yes,No,Yes,Yes,No,No,Evening,High,Notes,1.5,3,Medium
S03723,OS,No,No,Yes,No,No,Yes,Yes,Night,Medium,Notes,1.2,4,Low
S03724,CN,Yes,No,Yes,Yes,Yes,Yes,No,Evening,High,Videos,5.2,5,High
S03725,DBMS,No,No,No,No,Yes,No,Yes,Evening,Medium,Videos,1.9,3,Low
S03726,CN,No,No,Yes,Yes,Yes,No,Yes,Night,Medium,Videos,4.5,7,High
S03727,DSA,No,Yes,No,No,No,Yes,Yes,Evening,Medium,Mixed,2.8,2,Low
S03728,CN,Yes,No,Yes,Yes,No,Yes,Yes,Morning,High,Mixed,1.6,7,High
S03729,DSA,No,Yes,Yes,No,No,Yes,No,Afternoon,High,Mixed,3.7,6,Low
S03730,CN,No,No,Yes,No,Yes,No,Yes,Night,High,Notes,3.8,6,Medium
S03731,DBMS,No,No,Yes,Yes,Yes,Yes,Yes,Evening,Medium,Notes,2.6,7,High
S03732,DBMS,No,Yes,Yes,No,No,No,Yes,Night,High,Videos,2.0,5,Low
S03733,ML,Yes,Yes,No,Yes,Yes,No,No,Evening,High,Mixed,2.9,6,Low
S03734,CN,Yes,No,Yes,Yes,Yes,No,Yes,Afternoon,High,Videos,4.5,7,High
S03735,ML,Yes,No,Yes,Yes,No,No,Yes,Afternoon,High,Notes,2.4,8,Medium
S03736,CN,No,No,No,No,No,No,Yes,Morning,High,Notes,2.2,4,Low
S03737,DSA,Yes,Yes,No,Yes,Yes,No,Yes,Morning,High,Videos,3.0,3,Medium
S03738,DBMS,No,Yes,Yes,No,No,No,Yes,Evening,Low,Notes,1.7,4,Low
S03739,OS,No,No,Yes,No,No,No,Yes,Night,High,Mixed,2.0,7,Low
S03740,DSA,Yes,No,Yes,Yes,Yes,No,Yes,Evening,High,Notes,4.3,7,High
S03741,DBMS,Yes,Yes,No,Yes,No,No,Yes,Night,High,Videos,1.7,4,Medium
S03742,CN,Yes,No,No,Yes,Yes,No,Yes,Night,High,Mixed,2.6,3,Medium
S03743,DSA,No,No,No,Yes,No,No,No,Night,Low,Notes,2.0,4,Low
S03744,DBMS,Yes,No,Yes,No,Yes,No,Yes,Night,Medium,Mixed,1.6,6,Medium
S03745,OS,Yes,Yes,Yes,Yes,Yes,No,Yes,Evening,Low,Mixed,3.4,7,Medium
S03746,DSA,No,No,No,No,Yes,No,No,Afternoon,Medium,Videos,1.9,4,Low
S03747,DBMS,Yes,No,Yes,No,Yes,No,Yes,Morning,High,Videos,3.1,6,High
S03748,DSA,No,Yes,Yes,Yes,No,No,Yes,Night,High,Notes,3.9,8,Medium
S03749,OS,Yes,Yes,Yes,Yes,Yes,No,Yes,Afternoon,High,Videos,3.1,8,High
S03750,DSA,Yes,No,No,No,No,Yes,Yes,Morning,High,Videos,2.3,2,Low
S03751,DSA,Yes,No,No,No,No,No,Yes,Morning,High,Notes,1.2,3,Low
S03752,DSA,Yes,Yes,Yes,Yes,Yes,Yes,Yes,Afternoon,High,Notes,3.8,6,High
S03753,OS,Yes,No,No,No,No,Yes,Yes,Night,Low,Notes,0.5,4,Low
S03754,CN,No,Yes,No,No,No,Yes,Yes,Night,High,Mixed,0.5,2,Low
S03755,DSA,Yes,Yes,No,No,No,No,Yes,Afternoon,Low,Mixed,2.3,4,Low
S03756,ML,Yes,No,No,No,No,No,Yes,Night,Medium,Mixed,0.6,3,Low
S03757,DSA,Yes,No,Yes,No,Yes,No,Yes,Evening,Medium,Notes,2.2,6,Medium
S03758,DSA,Yes,Yes,Yes,No,No,No,Yes,Afternoon,High,Mixed,2.6,6,Medium
S03759,OS,No,Yes,Yes,Yes,Yes,No,Yes,Afternoon,Medium,Notes,4.5,8,High
S03760,CN,Yes,Yes,No,No,Yes,Yes,No,Evening,High,Mixed,2.0,2,Low
S03761,OS,No,Yes,No,Yes,Yes,No,No,Morning,Medium,Notes,1.1,3,Medium
S03762,OS,Yes,Yes,Yes,No,Yes,No,No,Evening,High,Videos,1.8,7,Medium
S03763,ML,Yes,Yes,Yes,Yes,No,Yes,Yes,Morning,High,Notes,4.5,7,Medium
S03764,CN,Yes,Yes,Yes,No,No,No,Yes,Night,Medium,Mixed,3.1,5,Medium
S03765,CN,Yes,No,Yes,No,No,No,Yes,Night,High,Videos,1.0,7,Medium
S03766,DSA,No,No,No,No,No,No,No,Afternoon,High,Mixed,1.2,3,Low
S03767,OS,Yes,No,Yes,Yes,No,No,Yes,Evening,Medium,Videos,4.9,7,Medium
S03768,DSA,Yes,Yes,Yes,No,Yes,No,Yes,Evening,Medium,Mixed,3.1,7,Medium
S03769,OS,No,Yes,Yes,Yes,Yes,Yes,Yes,Night,High,Notes,3.2,5,High
S03770,ML,No,Yes,No,Yes,Yes,No,Yes,Evening,Medium,Mixed,1.6,6,Medium
S03771,CN,No,No,Yes,Yes,No,No,Yes,Night,Medium,Mixed,2.9,7,Medium
S03772,ML,No,Yes,Yes,No,No,No,Yes,Night,High,Videos,3.2,4,Low
S03773,DSA,No,No,Yes,No,No,Yes,Yes,Night,High,Mixed,4.4,7,Low
S03774,ML,No,No,Yes,Yes,No,Yes,Yes,Evening,Medium,Videos,4.5,8,Medium
S03775,ML,No,No,Yes,No,No,No,Yes,Evening,Medium,Mixed,2.9,5,Low
S03776,DBMS,Yes,Yes,Yes,Yes,Yes,Yes,Yes,Evening,High,Notes,3.8,8,High
S03777,CN,No,Yes,Yes,Yes,Yes,No,Yes,Morning,High,Videos,2.9,5,High
S03778,OS,Yes,No,Yes,No,No,No,No,Evening,High,Mixed,2.3,5,Medium
S03779,DSA,No,Yes,Yes,No,No,No,Yes,Night,High,Mixed,0.9,5,Medium
S03780,DBMS,No,No,Yes,No,No,No,Yes,Morning,Medium,Notes,3.3,4,Low
S03781,DBMS,Yes,Yes,No,Yes,Yes,No,Yes,Evening,High,Mixed,3.1,4,Medium
S03782,ML,No,No,Yes,Yes,Yes,No,Yes,Afternoon,Medium,Mixed,3.8,5,High
S03783,DSA,No,No,Yes,Yes,No,No,Yes,Evening,Medium,Notes,2.0,8,Medium
S03784,OS,Yes,Yes,No,No,No,No,No,Afternoon,High,Mixed,1.8,2,Low
S03785,CN,Yes,No,Yes,Yes,Yes,Yes,No,Evening,Medium,Videos,3.7,7,High
S03786,DSA,No,No,No,No,Yes,Yes,No,Evening,Low,Videos,2.5,2,Low
S03787,CN,No,No,No,No,Yes,Yes,Yes,Evening,Medium,Mixed,2.1,3,Low
S03788,DBMS,Yes,Yes,No,Yes,No,Yes,Yes,Afternoon,Medium,Videos,3.2,4,Low
S03789,DBMS,Yes,Yes,Yes,Yes,Yes,No,Yes,Afternoon,Low,Videos,1.9,8,Medium
S03790,OS,No,No,Yes,No,Yes,Yes,Yes,Afternoon,Medium,Mixed,3.3,4,Low
S03791,CN,Yes,Yes,No,Yes,Yes,No,Yes,Night,Medium,Notes,3.7,5,High
S03792,OS,Yes,No,Yes,Yes,Yes,Yes,Yes,Afternoon,High,Mixed,4.1,7,High
S03793,CN,Yes,Yes,Yes,No,Yes,No,No,Evening,High,Mixed,3.1,5,Medium
S03794,CN,Yes,No,Yes,Yes,No,Yes,No,Evening,Medium,Notes,4.5,7,Low
S03795,CN,Yes,Yes,Yes,Yes,Yes,No,Yes,Evening,High,Mixed,2.8,7,High
S03796,ML,No,No,No,No,No,No,No,Night,High,Mixed,0.5,3,Low
S03797,ML,No,Yes,No,No,No,No,No,Evening,High,Notes,1.5,3,Low
S03798,OS,No,Yes,No,No,No,Yes,No,Evening,Medium,Notes,2.2,2,Low
S03799,DSA,Yes,Yes,Yes,Yes,No,No,No,Night,High,Mixed,3.6,6,Medium
S03800,OS,Yes,No,Yes,No,Yes,No,Yes,Morning,Medium,Videos,4.2,6,Medium
S03801,ML,Yes,Yes,No,No,Yes,No,No,Evening,Medium,Notes,3.6,2,Low
S03802,OS,Yes,No,Yes,Yes,Yes,No,Yes,Afternoon,High,Notes,3.5,8,Medium
S03803,OS,Yes,Yes,Yes,Yes,No,No,Yes,Morning,Low,Notes,3.9,6,Medium
S03804,CN,Yes,Yes,Yes,Yes,No,No,No,Morning,High,Notes,3.9,7,Medium
S03805,DSA,Yes,No,Yes,Yes,Yes,Yes,Yes,Afternoon,Medium,Videos,4.5,8,High
S03806,DBMS,Yes,Yes,Yes,Yes,No,Yes,No,Evening,High,Notes,2.8,6,Medium
S03807,CN,No,Yes,No,Yes,Yes,No,Yes,Night,High,Mixed,2.5,3,High
S03808,OS,No,Yes,Yes,Yes,Yes,Yes,No,Night,High,Notes,3.8,5,High
S03809,ML,No,No,Yes,Yes,Yes,Yes,Yes,Night,High,Notes,4.8,6,High
S03810,DBMS,No,No,No,Yes,No,Yes,Yes,Night,Low,Videos,0.8,4,Low
S03811,CN,Yes,Yes,Yes,Yes,Yes,No,No,Evening,Medium,Mixed,4.4,5,Medium
S03812,OS,Yes,No,No,No,No,No,No,Evening,High,Mixed,0.7,2,Low
S03813,OS,Yes,No,Yes,No,Yes,No,Yes,Evening,High,Mixed,3.7,7,Medium
S03814,OS,Yes,No,Yes,Yes,Yes,No,No,Night,High,Mixed,3.6,7,Medium
S03815,OS,Yes,Yes,Yes,No,Yes,No,No,Evening,High,Notes,3.7,5,Medium
S03816,OS,Yes,No,Yes,No,Yes,Yes,Yes,Night,Low,Notes,4.1,4,Low
S03817,CN,Yes,Yes,No,No,No,No,Yes,Morning,High,Mixed,0.5,4,Low
S03818,OS,Yes,No,Yes,Yes,Yes,No,Yes,Night,Medium,Mixed,3.2,5,High
S03819,DBMS,No,Yes,No,No,No,Yes,Yes,Evening,High,Mixed,1.5,5,Low
S03820,DBMS,No,No,No,No,Yes,Yes,No,Evening,High,Mixed,1.6,5,Low
S03821,OS,No,No,No,No,No,No,Yes,Night,High,Videos,0.5,5,Low
S03822,ML,No,No,No,No,No,No,No,Morning,High,Videos,1.6,3,Low
S03823,DSA,Yes,Yes,Yes,No,No,No,No,Morning,High,Videos,1.3,6,Low
S03824,CN,Yes,No,Yes,Yes,Yes,No,No,Night,Low,Mixed,5.0,8,Low
S03825,DSA,No,Yes,No,No,Yes,No,No,Afternoon,High,Notes,1.7,5,Low
S03826,DSA,Yes,No,Yes,Yes,Yes,No,Yes,Morning,High,Mixed,3.5,6,High
S03827,CN,Yes,Yes,Yes,No,No,No,Yes,Night,Medium,Videos,3.5,4,Low
S03828,CN,Yes,No,Yes,No,No,No,No,Evening,High,Notes,1.4,6,Low
S03829,CN,No,Yes,Yes,No,Yes,No,Yes,Night,Medium,Videos,2.0,4,Low
S03830,DBMS,No,Yes,Yes,Yes,Yes,Yes,Yes,Night,High,Notes,3.8,5,High
S03831,DSA,Yes,Yes,Yes,No,No,No,Yes,Afternoon,High,Mixed,2.9,5,Low
S03832,DBMS,No,Yes,Yes,Yes,Yes,Yes,Yes,Morning,High,Notes,3.2,7,High
S03833,DBMS,Yes,Yes,Yes,Yes,Yes,No,Yes,Morning,High,Notes,2.2,5,High
S03834,ML,Yes,No,Yes,Yes,Yes,No,Yes,Afternoon,Medium,Mixed,3.8,7,High
S03835,DBMS,Yes,No,Yes,Yes,No,No,Yes,Morning,Medium,Videos,3.2,8,High
S03836,OS,Yes,No,Yes,Yes,Yes,No,Yes,Night,High,Videos,3.5,8,High
S03837,DBMS,No,No,Yes,Yes,Yes,Yes,Yes,Night,High,Mixed,3.9,5,High
S03838,DSA,Yes,Yes,No,Yes,No,No,No,Evening,Medium,Notes,3.1,6,Low
S03839,ML,No,No,No,Yes,Yes,No,No,Afternoon,Medium,Mixed,2.9,6,Medium
S03840,CN,Yes,Yes,Yes,Yes,Yes,No,Yes,Evening,High,Mixed,4.2,6,High
S03841,CN,No,Yes,No,No,No,Yes,Yes,Night,Medium,Mixed,1.8,2,Low
S03842,DSA,No,No,No,No,No,No,No,Morning,Low,Mixed,1.7,2,Low
S03843,CN,No,No,No,Yes,No,No,No,Morning,Low,Notes,1.9,4,Low
S03844,CN,Yes,No,No,No,No,No,Yes,Afternoon,High,Videos,1.7,4,Low
S03845,OS,No,No,Yes,No,Yes,No,No,Evening,Medium,Notes,4.0,4,Low
S03846,OS,Yes,Yes,Yes,Yes,Yes,No,Yes,Evening,High,Mixed,3.3,7,High
S03847,DBMS,No,No,Yes,Yes,Yes,Yes,No,Night,High,Mixed,2.6,7,High
S03848,DBMS,No,Yes,Yes,No,No,No,No,Morning,Medium,Notes,3.1,4,Low
S03849,CN,Yes,No,Yes,Yes,Yes,No,Yes,Afternoon,High,Videos,3.3,7,High
S03850,ML,Yes,Yes,Yes,Yes,Yes,No,Yes,Afternoon,Medium,Mixed,4.4,5,High
S03851,OS,Yes,Yes,Yes,No,Yes,No,Yes,Morning,High,Mixed,1.7,7,Medium
S03852,DBMS,Yes,Yes,Yes,Yes,Yes,No,Yes,Night,High,Mixed,3.3,8,Medium
S03853,OS,Yes,Yes,Yes,Yes,Yes,No,Yes,Evening,High,Mixed,4.1,7,High
S03854,DBMS,Yes,Yes,Yes,Yes,Yes,No,Yes,Evening,Medium,Notes,3.6,6,High
S03855,OS,Yes,Yes,Yes,No,No,No,Yes,Evening,High,Videos,2.9,4,Low
S03856,DBMS,Yes,No,Yes,Yes,No,Yes,No,Evening,Medium,Videos,4.0,6,Medium
S03857,ML,No,No,No,Yes,No,Yes,No,Morning,High,Videos,2.1,6,Low
S03858,OS,Yes,Yes,Yes,Yes,Yes,No,Yes,Night,High,Mixed,3.7,8,High
S03859,DBMS,No,No,No,Yes,Yes,No,No,Morning,High,Notes,2.6,5,Low
S03860,DBMS,Yes,No,No,No,No,Yes,No,Evening,Medium,Videos,1.2,2,Low
S03861,DSA,Yes,Yes,Yes,Yes,Yes,No,Yes,Night,Low,Mixed,4.6,8,High
S03862,DBMS,Yes,No,Yes,Yes,No,Yes,Yes,Afternoon,High,Mixed,3.7,5,High
S03863,CN,No,Yes,No,Yes,No,No,No,Evening,Low,Notes,1.8,5,Low
S03864,CN,Yes,Yes,Yes,No,Yes,No,Yes,Night,Low,Videos,4.3,4,Medium
S03865,DSA,No,Yes,No,No,No,Yes,No,Afternoon,Medium,Videos,2.9,5,Low
S03866,ML,Yes,Yes,No,Yes,Yes,Yes,Yes,Afternoon,High,Notes,2.9,6,Medium
S03867,OS,Yes,No,No,Yes,No,No,No,Morning,High,Mixed,1.3,5,Low
S03868,OS,Yes,No,Yes,No,Yes,No,No,Morning,Low,Mixed,2.6,6,Low
S03869,OS,No,Yes,Yes,No,No,No,Yes,Afternoon,High,Videos,2.3,5,Low
S03870,CN,Yes,No,Yes,Yes,No,No,No,Evening,High,Videos,3.5,5,Low
S03871,OS,Yes,Yes,Yes,Yes,Yes,No,No,Morning,High,Mixed,5.3,6,High
S03872,CN,Yes,Yes,No,No,No,Yes,No,Night,High,Notes,2.8,2,Low
S03873,DSA,Yes,No,No,Yes,Yes,No,Yes,Evening,High,Mixed,3.2,6,Medium
S03874,CN,Yes,No,Yes,Yes,No,No,Yes,Evening,High,Mixed,0.8,5,Medium
S03875,DSA,No,No,Yes,Yes,Yes,Yes,No,Afternoon,Low,Mixed,2.8,6,Medium
S03876,CN,Yes,Yes,No,No,No,No,No,Evening,Medium,Mixed,0.5,3,Low
S03877,OS,Yes,Yes,No,Yes,No,No,Yes,Night,High,Mixed,3.4,3,Low
S03878,CN,No,Yes,No,Yes,Yes,Yes,Yes,Morning,Low,Notes,1.9,3,Low
S03879,DSA,Yes,No,Yes,Yes,Yes,No,Yes,Night,High,Mixed,2.2,5,High
S03880,ML,Yes,Yes,No,No,No,Yes,No,Evening,High,Mixed,3.1,4,Low
S03881,DSA,No,No,Yes,Yes,Yes,Yes,Yes,Evening,Medium,Mixed,3.5,8,Medium
S03882,ML,No,Yes,Yes,No,Yes,Yes,Yes,Evening,Medium,Notes,3.2,7,Medium
S03883,OS,No,Yes,Yes,Yes,Yes,No,No,Morning,Medium,Videos,4.2,6,Medium
S03884,CN,Yes,Yes,Yes,Yes,Yes,No,Yes,Evening,High,Videos,4.5,8,High
S03885,OS,No,No,No,No,No,No,Yes,Morning,High,Mixed,0.5,2,Low
S03886,DBMS,Yes,No,Yes,No,Yes,No,Yes,Evening,Medium,Notes,1.9,5,Low
S03887,OS,No,No,No,No,Yes,No,Yes,Night,High,Notes,3.4,5,Low
S03888,ML,No,No,Yes,Yes,Yes,No,Yes,Evening,High,Videos,2.9,5,High
S03889,DBMS,No,No,No,No,No,Yes,Yes,Afternoon,High,Notes,1.3,5,Low
S03890,DBMS,Yes,Yes,Yes,Yes,Yes,No,Yes,Evening,Medium,Videos,5.5,5,High
S03891,ML,Yes,No,Yes,Yes,Yes,No,Yes,Afternoon,High,Videos,5.4,7,High
S03892,DBMS,No,No,Yes,Yes,No,No,No,Night,Medium,Mixed,3.8,6,Low
S03893,ML,Yes,No,Yes,No,No,No,Yes,Evening,High,Notes,2.0,7,Low
S03894,DSA,Yes,Yes,Yes,No,Yes,No,No,Night,High,Mixed,3.4,5,Medium
S03895,DSA,No,Yes,No,No,No,No,Yes,Evening,High,Notes,0.5,4,Low
S03896,ML,No,No,No,No,Yes,No,Yes,Afternoon,High,Mixed,2.7,2,Low
S03897,DBMS,Yes,Yes,No,Yes,No,No,Yes,Evening,Low,Mixed,2.9,3,Low
S03898,ML,Yes,Yes,No,No,Yes,No,No,Morning,Medium,Mixed,1.0,2,Low
S03899,DSA,Yes,Yes,Yes,Yes,Yes,No,Yes,Night,High,Videos,6.6,5,High
S03900,DBMS,Yes,Yes,Yes,No,No,Yes,No,Night,Medium,Videos,3.1,4,Low
S03901,DSA,Yes,Yes,Yes,Yes,Yes,No,No,Evening,High,Videos,3.3,7,High
S03902,DBMS,No,No,Yes,Yes,Yes,No,No,Afternoon,Medium,Mixed,5.3,7,High
S03903,CN,No,No,Yes,Yes,No,Yes,Yes,Morning,High,Mixed,3.3,7,Medium
S03904,DBMS,Yes,Yes,No,Yes,Yes,No,Yes,Evening,Medium,Mixed,2.8,3,Low
S03905,CN,Yes,Yes,No,Yes,Yes,Yes,Yes,Afternoon,Low,Videos,2.3,3,Low
S03906,ML,No,No,Yes,No,Yes,No,Yes,Evening,High,Notes,3.9,7,Medium
S03907,CN,No,Yes,No,No,No,No,Yes,Night,Medium,Videos,2.9,2,Low
S03908,DSA,No,Yes,No,Yes,No,Yes,Yes,Night,High,Videos,2.2,6,Medium
S03909,ML,Yes,Yes,Yes,Yes,Yes,No,Yes,Morning,Low,Mixed,4.0,5,Medium
S03910,DSA,No,Yes,No,No,No,Yes,No,Evening,High,Notes,0.8,3,Low
S03911,CN,Yes,No,No,Yes,No,No,Yes,Morning,Medium,Notes,2.0,5,Low
S03912,CN,Yes,Yes,No,No,No,No,Yes,Afternoon,High,Videos,2.1,4,Low
S03913,CN,No,No,No,No,Yes,No,No,Evening,High,Videos,3.0,4,Low
S03914,DSA,Yes,Yes,Yes,No,Yes,No,No,Evening,High,Notes,3.0,5,Medium
S03915,ML,Yes,No,Yes,Yes,No,Yes,No,Evening,Medium,Notes,3.1,6,Low
S03916,DSA,Yes,No,No,No,No,No,No,Night,Medium,Videos,1.5,4,Low
S03917,ML,Yes,Yes,Yes,Yes,Yes,No,No,Morning,Low,Videos,3.4,7,High
S03918,CN,Yes,No,Yes,No,Yes,Yes,No,Evening,High,Mixed,3.8,4,High
S03919,DSA,No,Yes,Yes,No,No,Yes,No,Afternoon,High,Notes,2.8,4,Low
S03920,OS,Yes,No,Yes,Yes,Yes,No,Yes,Afternoon,Medium,Notes,4.3,6,High
S03921,DSA,Yes,No,Yes,Yes,Yes,No,Yes,Night,High,Notes,3.0,6,High
S03922,DBMS,No,No,No,No,No,No,Yes,Morning,High,Mixed,2.4,5,Low
S03923,DBMS,Yes,Yes,Yes,No,Yes,No,No,Morning,High,Videos,2.5,4,Medium
S03924,DSA,No,No,Yes,No,Yes,No,Yes,Evening,High,Videos,2.8,6,Medium
S03925,OS,Yes,No,Yes,Yes,No,Yes,No,Evening,High,Videos,2.5,5,High
S03926,DSA,Yes,Yes,Yes,Yes,Yes,Yes,Yes,Evening,High,Videos,3.4,5,High
S03927,DBMS,Yes,Yes,No,No,Yes,Yes,Yes,Evening,Medium,Videos,2.0,3,Medium
S03928,ML,No,Yes,No,No,No,No,Yes,Evening,Low,Videos,1.3,2,Low
S03929,DBMS,Yes,No,No,Yes,No,Yes,No,Evening,Medium,Videos,1.8,4,Low
S03930,ML,No,No,Yes,Yes,No,No,No,Evening,Low,Videos,4.6,8,Low
S03931,DSA,Yes,No,No,No,No,Yes,No,Evening,High,Notes,2.2,4,Low
S03932,DBMS,Yes,Yes,Yes,Yes,Yes,No,Yes,Evening,High,Notes,4.4,6,High
S03933,CN,Yes,No,Yes,No,Yes,No,Yes,Morning,Medium,Videos,4.2,7,Medium
S03934,ML,Yes,Yes,No,Yes,Yes,Yes,No,Night,Medium,Videos,2.5,3,Low
S03935,OS,Yes,No,Yes,Yes,Yes,No,Yes,Evening,High,Notes,4.1,8,High
S03936,ML,Yes,Yes,Yes,Yes,Yes,No,Yes,Afternoon,High,Videos,3.9,6,High
S03937,OS,Yes,No,No,No,No,No,No,Evening,High,Mixed,0.5,2,Low
S03938,ML,No,Yes,Yes,Yes,No,Yes,Yes,Evening,Low,Videos,4.0,6,Low
S03939,OS,Yes,No,No,No,No,Yes,Yes,Evening,High,Mixed,1.2,3,Low
S03940,ML,Yes,No,Yes,No,Yes,No,Yes,Evening,Low,Videos,3.2,6,Medium
S03941,DSA,Yes,No,Yes,Yes,No,No,Yes,Afternoon,High,Notes,2.7,8,Low
S03942,ML,Yes,Yes,No,No,No,No,No,Night,High,Videos,1.4,4,Low
S03943,DSA,Yes,No,Yes,No,Yes,No,No,Evening,Medium,Videos,5.4,4,Low
S03944,DBMS,Yes,Yes,Yes,Yes,Yes,No,Yes,Evening,Low,Videos,1.7,7,High
S03945,CN,Yes,Yes,Yes,No,No,Yes,Yes,Morning,High,Notes,3.3,7,Medium
S03946,DSA,No,No,Yes,No,No,No,Yes,Night,Medium,Videos,4.3,7,Low
S03947,CN,Yes,No,Yes,No,No,Yes,Yes,Evening,High,Videos,0.8,5,Medium
S03948,OS,Yes,Yes,No,Yes,No,Yes,No,Morning,Low,Videos,1.7,4,Low
S03949,DBMS,No,No,Yes,Yes,No,Yes,Yes,Evening,High,Mixed,3.8,5,High
S03950,CN,Yes,Yes,Yes,No,Yes,No,Yes,Afternoon,High,Videos,2.7,6,High
S03951,CN,Yes,No,Yes,Yes,No,No,Yes,Evening,Medium,Notes,2.7,8,Medium
S03952,DBMS,No,No,Yes,Yes,Yes,No,Yes,Evening,High,Notes,4.5,6,High
S03953,CN,No,No,Yes,No,Yes,No,Yes,Night,High,Videos,0.9,5,Medium
S03954,OS,No,No,No,No,Yes,Yes,Yes,Evening,Low,Mixed,2.8,5,Low
S03955,DBMS,Yes,No,Yes,Yes,Yes,Yes,No,Evening,High,Videos,4.6,6,High
S03956,DBMS,Yes,No,Yes,No,Yes,No,No,Morning,Medium,Videos,4.1,5,Low
S03957,CN,No,Yes,Yes,Yes,Yes,No,Yes,Night,Medium,Videos,4.4,6,High
S03958,OS,No,Yes,No,No,No,Yes,Yes,Afternoon,High,Mixed,2.3,3,Low
S03959,OS,Yes,No,Yes,Yes,Yes,No,Yes,Morning,Medium,Videos,3.9,6,High
S03960,OS,Yes,Yes,Yes,Yes,Yes,No,Yes,Afternoon,High,Mixed,2.3,8,High
S03961,OS,Yes,No,Yes,Yes,Yes,Yes,Yes,Afternoon,High,Notes,3.5,7,High
S03962,ML,Yes,Yes,Yes,Yes,No,No,Yes,Evening,Low,Mixed,3.1,7,Medium
S03963,CN,No,No,No,Yes,No,No,No,Night,Medium,Mixed,2.1,4,Low
S03964,ML,Yes,Yes,No,No,No,No,Yes,Evening,High,Videos,0.8,4,Low
S03965,CN,Yes,No,Yes,Yes,No,Yes,Yes,Evening,High,Notes,2.9,8,High
S03966,ML,Yes,No,No,No,No,Yes,Yes,Night,High,Videos,2.1,4,Medium
S03967,DBMS,Yes,Yes,Yes,Yes,Yes,No,Yes,Evening,High,Notes,4.1,7,High
S03968,DBMS,Yes,No,Yes,Yes,Yes,No,Yes,Evening,High,Mixed,3.1,7,High
S03969,CN,Yes,Yes,Yes,Yes,Yes,Yes,Yes,Evening,Medium,Notes,4.5,7,High
S03970,OS,Yes,No,Yes,No,No,No,Yes,Afternoon,High,Videos,2.7,4,Medium
S03971,DBMS,No,No,No,No,No,No,Yes,Evening,High,Notes,0.5,5,Low
S03972,CN,Yes,Yes,Yes,Yes,Yes,Yes,No,Night,Medium,Mixed,4.0,6,High
S03973,DSA,Yes,Yes,Yes,Yes,Yes,Yes,No,Morning,High,Videos,4.4,7,High
S03974,OS,Yes,Yes,Yes,No,Yes,No,Yes,Night,Medium,Notes,2.3,7,High
S03975,DSA,Yes,Yes,No,No,No,No,No,Evening,High,Mixed,1.6,5,Medium
S03976,OS,Yes,No,Yes,No,No,Yes,Yes,Night,Medium,Videos,1.6,6,Low
S03977,DSA,Yes,Yes,No,No,No,No,No,Afternoon,High,Mixed,0.9,4,Low
S03978,DSA,Yes,No,Yes,No,No,No,Yes,Evening,High,Mixed,2.8,4,Medium
S03979,OS,Yes,No,Yes,No,Yes,No,Yes,Morning,High,Mixed,4.4,4,Medium
S03980,OS,No,No,No,No,No,Yes,No,Morning,Medium,Mixed,1.9,3,Low
S03981,CN,Yes,No,Yes,Yes,No,No,Yes,Evening,Medium,Notes,2.6,6,Medium
S03982,ML,Yes,Yes,Yes,Yes,No,No,Yes,Morning,High,Notes,3.8,5,Medium
S03983,DSA,Yes,No,Yes,No,No,No,No,Evening,High,Mixed,2.4,7,Low
S03984,CN,Yes,No,No,No,Yes,Yes,Yes,Evening,High,Notes,3.0,3,Low
S03985,CN,Yes,No,No,No,Yes,No,No,Night,Low,Videos,2.3,2,Low
S03986,OS,Yes,Yes,Yes,Yes,Yes,No,No,Night,High,Videos,2.9,5,High
S03987,OS,Yes,Yes,No,No,No,No,Yes,Afternoon,High,Notes,1.5,4,Low
S03988,OS,Yes,No,Yes,Yes,Yes,Yes,No,Night,Medium,Mixed,3.9,8,High
S03989,OS,No,No,No,Yes,No,No,Yes,Morning,High,Videos,0.6,3,Low
S03990,DSA,No,Yes,No,No,No,No,Yes,Evening,Medium,Mixed,1.8,3,Low
S03991,OS,No,No,No,No,No,No,Yes,Evening,High,Notes,3.6,2,Low
S03992,CN,Yes,Yes,No,Yes,No,No,Yes,Afternoon,High,Videos,1.8,6,Low
S03993,ML,Yes,Yes,No,No,No,No,Yes,Night,Low,Mixed,0.5,2,Low
S03994,CN,Yes,Yes,Yes,No,Yes,No,Yes,Afternoon,High,Mixed,2.7,6,Medium
S03995,ML,Yes,Yes,No,Yes,No,No,No,Evening,High,Videos,4.4,4,Medium
S03996,DBMS,Yes,Yes,Yes,Yes,No,No,No,Evening,High,Notes,2.3,7,Low
S03997,DSA,Yes,Yes,Yes,No,Yes,No,Yes,Afternoon,High,Videos,4.2,6,High
S03998,ML,Yes,Yes,No,No,Yes,No,Yes,Morning,Medium,Videos,1.4,2,Low
S03999,DBMS,Yes,Yes,Yes,No,No,No,No,Evening,Medium,Videos,2.8,7,Low
S04000,DBMS,Yes,Yes,Yes,Yes,Yes,No,Yes,Afternoon,High,Videos,3.8,5,High
S04001,DSA,No,No,No,No,Yes,Yes,No,Afternoon,Medium,Videos,1.3,3,Low
S04002,DBMS,Yes,No,Yes,No,No,No,Yes,Afternoon,High,Notes,1.6,5,Low
S04003,DBMS,No,No,Yes,Yes,No,No,Yes,Night,Low,Mixed,4.3,8,Low
S04004,OS,Yes,Yes,Yes,No,Yes,Yes,Yes,Afternoon,High,Videos,4.3,5,Medium
S04005,DSA,Yes,Yes,Yes,Yes,No,No,Yes,Night,High,Videos,3.6,5,High
S04006,ML,Yes,No,Yes,No,No,No,No,Evening,High,Videos,1.7,7,Medium
S04007,OS,Yes,No,Yes,Yes,Yes,Yes,Yes,Evening,High,Notes,3.8,5,High
S04008,DBMS,Yes,No,No,Yes,No,No,No,Night,Low,Notes,2.1,5,Low
S04009,ML,Yes,No,Yes,Yes,No,No,Yes,Evening,High,Mixed,3.7,8,High
S04010,OS,Yes,No,No,Yes,No,Yes,No,Afternoon,High,Videos,2.2,4,Low
S04011,ML,Yes,No,No,Yes,No,Yes,No,Night,High,Notes,1.8,4,Medium
S04012,DBMS,Yes,Yes,Yes,Yes,Yes,No,Yes,Afternoon,Medium,Mixed,3.4,6,High
S04013,DBMS,No,No,No,No,Yes,No,No,Evening,High,Mixed,2.0,5,Low
S04014,DSA,Yes,No,Yes,Yes,Yes,No,No,Evening,High,Notes,5.2,6,High
S04015,DSA,Yes,No,Yes,Yes,Yes,No,No,Evening,Low,Mixed,5.5,7,Medium
S04016,DBMS,Yes,Yes,No,Yes,No,No,Yes,Evening,Low,Mixed,2.7,5,Low
S04017,CN,Yes,Yes,No,No,Yes,No,No,Afternoon,High,Notes,2.3,2,Low
S04018,ML,Yes,Yes,Yes,Yes,Yes,No,Yes,Evening,Medium,Notes,3.2,5,High
S04019,ML,Yes,Yes,Yes,No,Yes,No,Yes,Evening,High,Videos,2.8,4,Medium
S04020,DBMS,No,No,Yes,Yes,No,No,No,Morning,High,Mixed,3.3,6,Medium
S04021,OS,Yes,No,No,Yes,No,No,Yes,Evening,Medium,Mixed,3.2,3,Low
S04022,OS,Yes,Yes,Yes,No,Yes,No,No,Morning,High,Mixed,2.9,5,Medium
S04023,ML,Yes,No,Yes,No,No,Yes,Yes,Night,High,Notes,1.9,7,Low
S04024,CN,No,Yes,Yes,No,No,No,Yes,Night,High,Notes,2.4,7,Low
S04025,OS,No,No,Yes,Yes,No,Yes,Yes,Evening,High,Videos,4.2,7,High
S04026,OS,No,Yes,Yes,Yes,Yes,Yes,Yes,Morning,Medium,Mixed,4.5,6,High
S04027,ML,No,No,Yes,Yes,Yes,No,Yes,Afternoon,High,Mixed,4.2,5,High
S04028,DBMS,No,No,No,No,No,Yes,Yes,Evening,Low,Notes,1.5,4,Low
S04029,DSA,Yes,No,Yes,No,Yes,No,Yes,Night,Medium,Videos,2.5,5,Low
S04030,ML,No,No,Yes,Yes,Yes,No,Yes,Night,High,Videos,3.7,5,High
S04031,ML,Yes,Yes,Yes,Yes,Yes,No,Yes,Night,High,Videos,3.5,7,High
S04032,DBMS,Yes,No,Yes,Yes,No,No,Yes,Morning,Medium,Mixed,2.6,8,High
S04033,OS,No,Yes,No,Yes,No,No,Yes,Afternoon,Low,Notes,1.7,3,Low
S04034,DSA,Yes,Yes,Yes,Yes,Yes,No,Yes,Night,Low,Mixed,3.7,6,Medium
S04035,ML,Yes,No,Yes,Yes,Yes,No,Yes,Evening,High,Mixed,4.3,8,High
S04036,CN,Yes,No,Yes,No,Yes,Yes,Yes,Night,Medium,Notes,3.2,5,Medium
S04037,DSA,Yes,No,Yes,Yes,Yes,No,Yes,Morning,Low,Videos,3.8,7,Medium
S04038,DSA,No,Yes,No,Yes,No,Yes,Yes,Evening,High,Notes,2.6,5,Medium
S04039,ML,Yes,No,No,Yes,No,No,Yes,Evening,Low,Videos,1.3,4,Low
S04040,OS,No,Yes,Yes,Yes,Yes,No,Yes,Night,High,Notes,2.1,6,High
S04041,DBMS,Yes,Yes,Yes,Yes,Yes,No,No,Morning,High,Videos,2.6,7,High
S04042,DBMS,No,No,Yes,No,Yes,No,Yes,Afternoon,High,Videos,3.6,5,Low
S04043,DBMS,Yes,No,No,No,No,Yes,Yes,Evening,Medium,Mixed,3.1,3,Low
S04044,DBMS,No,No,Yes,Yes,Yes,No,No,Evening,High,Mixed,3.6,5,High
S04045,ML,Yes,No,No,No,No,No,No,Morning,Low,Mixed,2.0,3,Low
S04046,OS,Yes,Yes,Yes,Yes,Yes,No,Yes,Night,High,Videos,2.6,6,High
S04047,DSA,Yes,No,No,Yes,Yes,No,Yes,Night,Medium,Videos,1.6,5,Medium
S04048,OS,Yes,No,Yes,No,No,No,No,Morning,Medium,Videos,2.5,5,Low
S04049,ML,Yes,Yes,Yes,Yes,No,Yes,Yes,Night,High,Notes,4.6,7,Medium
S04050,OS,No,Yes,Yes,Yes,No,No,Yes,Night,High,Mixed,3.3,8,Medium
S04051,CN,No,Yes,Yes,No,Yes,No,Yes,Afternoon,High,Mixed,1.7,4,High
S04052,ML,No,No,No,No,Yes,No,Yes,Night,Medium,Videos,1.7,2,Low
S04053,OS,Yes,No,Yes,Yes,Yes,No,No,Evening,High,Videos,2.7,6,High
S04054,ML,Yes,No,Yes,No,Yes,No,Yes,Night,High,Notes,3.4,4,Medium
S04055,CN,No,Yes,No,Yes,Yes,No,No,Evening,High,Notes,2.1,5,Low
S04056,DSA,No,Yes,Yes,No,No,No,Yes,Afternoon,High,Notes,3.5,5,Medium
S04057,CN,Yes,Yes,Yes,Yes,No,No,Yes,Evening,High,Notes,2.4,5,Medium
S04058,ML,No,Yes,Yes,Yes,No,No,No,Evening,Medium,Notes,2.5,7,Medium
S04059,DBMS,Yes,Yes,Yes,No,No,No,Yes,Evening,High,Mixed,4.0,6,Medium
S04060,OS,No,Yes,No,Yes,Yes,Yes,No,Night,Medium,Mixed,1.6,4,Low
S04061,DBMS,No,Yes,Yes,No,Yes,No,Yes,Evening,High,Notes,4.2,6,High
S04062,OS,No,Yes,No,Yes,No,Yes,Yes,Evening,Medium,Videos,1.5,6,Low
S04063,OS,Yes,No,Yes,No,Yes,No,Yes,Afternoon,High,Mixed,2.2,7,Medium
S04064,CN,Yes,Yes,Yes,Yes,Yes,Yes,Yes,Night,Medium,Videos,4.7,6,High
S04065,CN,Yes,Yes,No,Yes,Yes,Yes,No,Night,Medium,Notes,2.9,3,Low
S04066,CN,No,No,No,Yes,Yes,Yes,Yes,Night,High,Videos,1.9,4,Medium
S04067,OS,Yes,No,Yes,Yes,Yes,No,Yes,Morning,Medium,Videos,3.4,5,High
S04068,ML,No,No,Yes,Yes,Yes,Yes,No,Evening,High,Notes,2.5,6,High
S04069,DSA,No,No,Yes,No,No,Yes,Yes,Afternoon,High,Videos,1.2,5,Low
S04070,DSA,Yes,No,No,No,No,No,Yes,Night,High,Notes,1.8,3,Low
S04071,DBMS,Yes,No,Yes,Yes,No,No,Yes,Afternoon,Medium,Videos,2.6,5,Medium
S04072,DSA,No,No,Yes,Yes,No,Yes,Yes,Night,Low,Mixed,4.5,7,Medium
S04073,DBMS,Yes,Yes,Yes,Yes,Yes,No,Yes,Night,Medium,Mixed,3.2,7,High
S04074,CN,Yes,No,No,No,No,Yes,No,Night,High,Videos,0.5,5,Low
S04075,DBMS,Yes,Yes,Yes,No,Yes,No,No,Morning,Medium,Mixed,2.9,7,Medium
S04076,CN,Yes,Yes,Yes,Yes,Yes,No,Yes,Night,Medium,Mixed,3.4,8,High
S04077,DSA,No,Yes,No,Yes,No,No,Yes,Evening,Low,Videos,1.9,5,Low
S04078,ML,Yes,Yes,Yes,Yes,No,Yes,Yes,Morning,High,Notes,2.4,6,High
S04079,CN,Yes,Yes,Yes,Yes,Yes,Yes,Yes,Evening,High,Mixed,4.0,6,High
S04080,ML,Yes,No,Yes,Yes,Yes,No,Yes,Night,High,Videos,3.6,6,High
S04081,CN,Yes,Yes,Yes,Yes,Yes,Yes,No,Evening,High,Mixed,4.9,6,High
S04082,OS,Yes,Yes,No,No,Yes,No,No,Evening,Low,Videos,4.0,5,Low
S04083,OS,No,Yes,No,Yes,Yes,Yes,Yes,Night,Medium,Videos,2.3,4,Low
S04084,DBMS,Yes,Yes,Yes,Yes,No,No,Yes,Night,High,Mixed,3.1,7,High
S04085,OS,Yes,No,Yes,Yes,Yes,No,Yes,Night,Medium,Videos,6.1,5,High
S04086,OS,No,Yes,No,Yes,No,Yes,No,Night,Medium,Mixed,0.7,5,Medium
S04087,DBMS,Yes,Yes,Yes,No,No,Yes,Yes,Afternoon,High,Mixed,3.9,5,Medium
S04088,DBMS,Yes,Yes,No,No,No,No,No,Evening,Low,Mixed,2.1,5,Low
S04089,DSA,Yes,Yes,Yes,Yes,Yes,No,Yes,Evening,High,Videos,2.3,8,High
S04090,DSA,Yes,Yes,Yes,Yes,Yes,No,Yes,Evening,High,Videos,3.4,5,High
S04091,DSA,Yes,Yes,Yes,No,No,No,No,Night,Medium,Notes,4.2,6,Low
S04092,ML,No,No,No,No,No,No,Yes,Night,Medium,Mixed,1.9,4,Low
S04093,OS,No,No,No,No,No,Yes,No,Afternoon,Medium,Notes,0.9,4,Low
S04094,DSA,Yes,No,Yes,Yes,Yes,No,No,Night,Low,Videos,3.0,7,Medium
S04095,ML,Yes,Yes,Yes,Yes,Yes,No,Yes,Evening,High,Videos,2.3,5,High
S04096,DBMS,Yes,Yes,No,Yes,Yes,Yes,Yes,Evening,High,Notes,3.1,6,Medium
S04097,DSA,Yes,No,No,Yes,No,No,Yes,Evening,Medium,Videos,3.3,4,Low
S04098,DSA,No,Yes,Yes,No,No,No,Yes,Evening,Medium,Videos,3.0,4,Low
S04099,OS,No,No,No,Yes,Yes,No,No,Evening,High,Videos,2.8,5,Low
S04100,DBMS,No,No,No,Yes,No,Yes,No,Evening,Low,Notes,2.6,4,Low
S04101,ML,Yes,Yes,Yes,Yes,Yes,No,No,Night,Medium,Mixed,3.6,7,High
S04102,DSA,No,Yes,Yes,Yes,No,Yes,Yes,Morning,Medium,Videos,3.8,5,Medium
S04103,OS,Yes,No,Yes,No,Yes,No,Yes,Afternoon,High,Notes,1.7,5,Medium
S04104,DSA,Yes,No,Yes,Yes,No,No,Yes,Evening,Low,Mixed,2.1,5,Medium
S04105,OS,No,No,No,No,Yes,Yes,Yes,Evening,Medium,Mixed,1.4,3,Low
S04106,OS,Yes,Yes,Yes,No,No,No,Yes,Evening,High,Videos,1.2,4,Low
S04107,DSA,No,No,Yes,Yes,No,No,Yes,Evening,Medium,Mixed,4.7,8,Medium
S04108,ML,No,Yes,Yes,Yes,Yes,Yes,Yes,Night,Medium,Notes,3.5,8,High
S04109,ML,No,Yes,No,Yes,Yes,No,No,Morning,High,Mixed,2.8,6,Medium
S04110,ML,Yes,No,Yes,Yes,No,No,Yes,Evening,High,Notes,4.1,6,Medium
S04111,ML,Yes,No,Yes,Yes,Yes,Yes,Yes,Evening,Medium,Mixed,3.3,5,High
S04112,DBMS,No,Yes,Yes,Yes,No,No,Yes,Evening,Medium,Mixed,1.9,5,Low
S04113,OS,No,No,No,Yes,Yes,No,No,Morning,High,Notes,2.1,4,Medium
S04114,DBMS,Yes,Yes,Yes,No,Yes,Yes,Yes,Night,Medium,Mixed,2.6,6,Medium
S04115,DSA,No,Yes,Yes,No,No,No,Yes,Evening,Medium,Mixed,2.7,6,Low
S04116,DBMS,Yes,Yes,No,Yes,Yes,Yes,No,Night,Medium,Videos,2.0,6,Low
S04117,CN,Yes,No,Yes,Yes,Yes,No,Yes,Night,High,Videos,3.8,7,High
S04118,OS,No,Yes,No,Yes,Yes,Yes,Yes,Morning,Medium,Videos,2.9,3,Medium
S04119,DSA,Yes,No,Yes,Yes,No,No,Yes,Evening,High,Videos,3.1,7,Medium
S04120,CN,Yes,Yes,No,Yes,Yes,No,No,Afternoon,High,Mixed,4.3,5,Medium
S04121,ML,No,Yes,Yes,Yes,Yes,No,Yes,Afternoon,High,Videos,4.2,7,High
S04122,ML,No,Yes,Yes,Yes,Yes,No,Yes,Evening,High,Notes,4.0,6,High
S04123,DBMS,No,Yes,Yes,Yes,Yes,Yes,No,Evening,High,Mixed,4.9,5,High
S04124,DBMS,Yes,Yes,No,Yes,Yes,No,No,Night,Medium,Videos,3.3,5,Low
S04125,CN,No,No,No,No,Yes,No,No,Evening,High,Videos,0.5,2,Low
S04126,ML,Yes,No,Yes,Yes,Yes,No,Yes,Evening,High,Videos,5.1,6,High
S04127,OS,Yes,Yes,Yes,No,No,No,No,Night,Medium,Videos,1.5,5,Low
S04128,CN,Yes,No,Yes,Yes,No,Yes,Yes,Morning,High,Notes,3.3,6,High
S04129,OS,No,No,Yes,Yes,No,Yes,Yes,Evening,High,Videos,2.4,7,High
S04130,ML,No,Yes,Yes,No,No,Yes,No,Evening,Medium,Videos,2.7,6,Low
S04131,DBMS,No,No,No,Yes,Yes,No,Yes,Night,High,Videos,2.0,4,Medium
S04132,DBMS,No,No,Yes,No,No,Yes,Yes,Night,Low,Videos,2.5,7,Low
S04133,DSA,Yes,No,No,Yes,No,Yes,Yes,Night,Low,Mixed,3.1,4,Low
S04134,DBMS,Yes,No,Yes,Yes,No,No,Yes,Evening,Medium,Notes,2.2,6,Medium
S04135,DSA,Yes,No,No,No,No,No,Yes,Morning,Medium,Videos,0.6,3,Low
S04136,DSA,Yes,Yes,Yes,Yes,Yes,No,No,Afternoon,High,Videos,2.6,7,High
S04137,OS,Yes,No,Yes,No,No,No,Yes,Evening,Medium,Videos,3.9,6,Medium
S04138,OS,No,No,No,Yes,Yes,No,No,Evening,High,Mixed,2.7,5,Low
S04139,DBMS,No,Yes,Yes,Yes,No,No,Yes,Morning,High,Videos,3.1,5,High
S04140,DBMS,No,No,No,Yes,Yes,Yes,No,Evening,High,Notes,2.0,3,Medium
S04141,OS,Yes,Yes,No,Yes,Yes,No,Yes,Night,High,Notes,2.3,5,Medium
S04142,ML,Yes,Yes,No,Yes,No,No,Yes,Morning,Medium,Notes,0.5,6,Low
S04143,DSA,Yes,No,No,No,Yes,Yes,Yes,Evening,Medium,Videos,2.6,5,Low
S04144,CN,Yes,No,Yes,No,Yes,Yes,No,Evening,High,Notes,2.2,5,Medium
S04145,DSA,Yes,No,Yes,No,No,Yes,Yes,Night,High,Mixed,2.5,4,Low
S04146,ML,Yes,No,No,No,No,No,No,Morning,High,Videos,1.8,2,Low
S04147,DBMS,Yes,Yes,Yes,No,Yes,Yes,Yes,Night,Medium,Notes,5.1,4,Medium
S04148,CN,No,No,No,No,Yes,No,Yes,Afternoon,High,Videos,0.9,5,Low
S04149,CN,Yes,No,Yes,Yes,Yes,No,No,Afternoon,Medium,Videos,4.0,7,High
S04150,DBMS,Yes,No,No,No,No,No,No,Afternoon,High,Notes,1.1,4,Low
S04151,DBMS,Yes,Yes,Yes,Yes,No,Yes,Yes,Night,High,Notes,1.4,8,High
S04152,OS,Yes,Yes,Yes,Yes,No,No,No,Morning,Low,Videos,5.6,7,Low
S04153,DSA,Yes,No,No,No,No,No,Yes,Morning,High,Videos,0.5,2,Low
S04154,CN,Yes,Yes,No,Yes,Yes,Yes,No,Night,Medium,Notes,2.9,5,Low
S04155,DSA,Yes,Yes,Yes,No,No,No,Yes,Night,High,Mixed,2.4,5,Medium
S04156,CN,Yes,No,Yes,No,Yes,Yes,No,Afternoon,Medium,Mixed,3.3,7,Medium
S04157,CN,No,No,No,No,No,No,No,Night,Medium,Videos,4.9,2,Low
S04158,CN,Yes,No,Yes,Yes,No,No,Yes,Night,Medium,Notes,3.5,7,Low
S04159,ML,Yes,No,Yes,Yes,No,Yes,No,Morning,High,Notes,3.1,8,Medium
S04160,DSA,Yes,No,No,Yes,Yes,Yes,No,Morning,Medium,Mixed,3.2,5,Medium
S04161,DBMS,Yes,Yes,Yes,Yes,Yes,Yes,No,Evening,High,Mixed,3.9,5,High
S04162,DBMS,Yes,No,Yes,No,No,Yes,No,Evening,Low,Videos,3.4,6,Low
S04163,ML,No,No,Yes,Yes,Yes,No,Yes,Morning,Medium,Notes,4.8,5,High
S04164,DSA,Yes,No,Yes,Yes,Yes,No,Yes,Evening,Medium,Videos,3.9,5,High
S04165,DSA,No,Yes,No,No,No,Yes,Yes,Night,Medium,Notes,2.0,2,Low
S04166,DBMS,Yes,Yes,Yes,Yes,No,No,Yes,Evening,High,Notes,4.6,5,High
S04167,DBMS,Yes,Yes,No,No,No,No,Yes,Morning,Medium,Videos,1.5,2,Low
S04168,CN,Yes,No,No,Yes,Yes,No,Yes,Afternoon,High,Videos,3.8,6,High
S04169,DBMS,Yes,Yes,Yes,Yes,Yes,No,Yes,Evening,High,Notes,3.6,8,High
S04170,DBMS,Yes,No,Yes,Yes,Yes,No,Yes,Evening,High,Videos,4.3,6,High
S04171,DBMS,No,No,Yes,Yes,No,Yes,Yes,Morning,Medium,Mixed,2.2,7,Medium
S04172,DSA,No,Yes,Yes,No,No,Yes,Yes,Evening,High,Mixed,1.6,4,Low
S04173,OS,No,No,No,Yes,No,No,Yes,Afternoon,Medium,Notes,3.7,4,Low
S04174,ML,Yes,Yes,Yes,Yes,No,Yes,Yes,Morning,Medium,Notes,3.5,5,Low
S04175,DBMS,No,Yes,Yes,No,Yes,Yes,No,Evening,High,Videos,3.0,7,Medium
S04176,DSA,Yes,Yes,Yes,Yes,No,No,Yes,Evening,High,Notes,4.5,6,High
S04177,DBMS,Yes,Yes,Yes,Yes,Yes,No,No,Afternoon,High,Videos,4.5,5,High
S04178,DBMS,No,No,No,Yes,No,No,No,Night,High,Mixed,2.2,6,Low
S04179,DBMS,No,Yes,No,No,Yes,No,No,Morning,High,Videos,1.7,2,Low
S04180,DSA,No,Yes,No,No,No,Yes,No,Afternoon,Medium,Videos,2.0,2,Low
S04181,ML,No,No,No,No,Yes,Yes,No,Evening,Medium,Videos,2.6,3,Low
S04182,ML,Yes,No,Yes,Yes,Yes,No,Yes,Evening,High,Mixed,4.2,7,High
S04183,DSA,No,No,Yes,No,Yes,No,Yes,Evening,High,Notes,5.0,7,Medium
S04184,DBMS,Yes,Yes,No,No,Yes,No,Yes,Afternoon,Medium,Notes,1.4,2,Low
S04185,OS,No,No,Yes,Yes,Yes,Yes,Yes,Morning,High,Videos,4.2,5,High
S04186,DBMS,No,Yes,Yes,No,No,Yes,Yes,Night,Medium,Videos,2.3,4,Low
S04187,CN,Yes,Yes,No,No,No,Yes,Yes,Morning,High,Mixed,1.0,4,Low
S04188,ML,Yes,Yes,No,Yes,No,Yes,No,Morning,High,Mixed,2.0,5,Medium
S04189,DBMS,Yes,No,No,No,No,No,Yes,Evening,High,Notes,1.8,5,Low
S04190,OS,Yes,No,Yes,No,Yes,Yes,Yes,Morning,High,Mixed,2.4,7,High
S04191,DBMS,Yes,Yes,No,No,No,No,Yes,Evening,High,Mixed,0.8,4,Low
S04192,ML,No,No,Yes,No,Yes,No,Yes,Evening,High,Videos,1.2,6,Medium
S04193,DBMS,Yes,No,Yes,Yes,Yes,No,Yes,Evening,Medium,Videos,4.9,8,Medium
S04194,CN,No,No,No,No,No,Yes,No,Afternoon,High,Notes,1.8,5,Low
S04195,OS,Yes,No,Yes,Yes,No,Yes,Yes,Evening,High,Mixed,4.0,7,High
S04196,DBMS,Yes,No,No,No,Yes,Yes,No,Evening,High,Mixed,1.2,5,Low
S04197,DSA,Yes,Yes,No,Yes,No,No,No,Afternoon,High,Notes,2.5,5,Low
S04198,DBMS,No,Yes,No,Yes,No,No,No,Morning,Medium,Notes,2.5,6,Low
S04199,ML,Yes,No,Yes,No,No,No,Yes,Morning,High,Videos,2.7,7,Low
S04200,OS,Yes,No,Yes,Yes,No,Yes,No,Evening,High,Mixed,2.9,6,Medium
S04201,CN,Yes,Yes,No,Yes,Yes,Yes,Yes,Evening,Low,Mixed,2.1,6,Medium
S04202,OS,No,No,No,No,Yes,No,No,Evening,Low,Videos,2.5,2,Low
S04203,OS,Yes,No,Yes,Yes,No,Yes,Yes,Morning,High,Notes,3.1,5,Medium
S04204,OS,Yes,No,Yes,No,No,No,No,Night,High,Videos,2.3,6,Medium
S04205,DBMS,No,No,Yes,Yes,Yes,No,No,Evening,Medium,Mixed,3.0,8,High
S04206,OS,No,Yes,No,Yes,No,No,Yes,Afternoon,High,Notes,2.1,5,Low
S04207,OS,Yes,No,Yes,Yes,Yes,No,Yes,Afternoon,High,Mixed,5.0,5,High
S04208,ML,Yes,No,No,No,Yes,No,No,Night,Medium,Notes,2.8,2,Low
S04209,DBMS,Yes,Yes,Yes,Yes,Yes,No,Yes,Morning,Medium,Notes,4.0,7,High
S04210,OS,Yes,Yes,Yes,Yes,No,No,Yes,Morning,High,Mixed,3.7,7,High
S04211,CN,No,No,No,Yes,No,No,Yes,Night,High,Videos,0.9,4,Medium
S04212,DBMS,Yes,Yes,No,Yes,No,No,No,Night,High,Videos,4.0,3,Low
S04213,OS,Yes,Yes,Yes,No,No,No,No,Evening,High,Mixed,4.4,6,Low
S04214,CN,Yes,Yes,Yes,Yes,Yes,Yes,Yes,Morning,Medium,Mixed,2.9,7,High
S04215,DBMS,Yes,Yes,Yes,Yes,Yes,No,Yes,Evening,Medium,Videos,3.6,8,High
S04216,ML,Yes,Yes,Yes,Yes,No,No,Yes,Afternoon,High,Videos,3.6,6,High
S04217,DSA,No,No,Yes,No,Yes,No,Yes,Night,High,Notes,3.5,7,Medium
S04218,DBMS,Yes,No,Yes,Yes,No,Yes,Yes,Night,Medium,Mixed,2.8,8,Medium
S04219,DBMS,No,No,Yes,No,No,No,Yes,Night,High,Mixed,2.6,7,Low
S04220,ML,No,Yes,No,Yes,No,Yes,Yes,Morning,Medium,Mixed,2.7,3,Low
S04221,OS,Yes,Yes,Yes,No,No,No,Yes,Night,Medium,Mixed,1.5,6,Medium
S04222,ML,Yes,Yes,No,Yes,No,No,Yes,Evening,High,Notes,2.0,4,Medium
S04223,DBMS,Yes,No,No,No,Yes,Yes,No,Morning,High,Videos,2.9,5,Low
S04224,DBMS,Yes,No,No,Yes,No,No,No,Evening,Medium,Notes,3.4,3,Medium
S04225,ML,Yes,Yes,No,No,Yes,No,Yes,Night,Medium,Mixed,2.7,4,Low
S04226,DBMS,No,No,No,Yes,No,No,Yes,Afternoon,Low,Notes,2.9,5,Low
S04227,DSA,Yes,Yes,Yes,No,No,Yes,Yes,Evening,Medium,Notes,2.3,6,Low
S04228,CN,Yes,Yes,Yes,Yes,Yes,No,Yes,Afternoon,Low,Mixed,3.7,8,Medium
S04229,ML,Yes,No,Yes,Yes,Yes,No,Yes,Evening,High,Notes,4.0,6,Medium
S04230,CN,Yes,Yes,No,No,No,Yes,No,Evening,High,Mixed,0.8,5,Low
S04231,DSA,No,No,Yes,Yes,No,No,Yes,Morning,Medium,Videos,3.1,6,High
S04232,CN,Yes,Yes,Yes,No,No,No,Yes,Morning,High,Notes,2.6,4,High
S04233,DBMS,No,No,No,No,No,No,Yes,Night,Medium,Notes,2.8,4,Low
S04234,DSA,No,Yes,No,No,No,No,No,Afternoon,Low,Notes,3.3,4,Low
S04235,ML,Yes,Yes,Yes,Yes,No,No,Yes,Evening,Medium,Videos,5.0,6,Medium
S04236,CN,Yes,Yes,Yes,Yes,No,Yes,Yes,Night,High,Notes,2.3,8,High
S04237,ML,Yes,No,Yes,No,Yes,No,Yes,Night,Medium,Mixed,4.4,5,High
S04238,ML,No,No,No,Yes,No,No,No,Evening,High,Videos,2.5,4,Low
S04239,CN,Yes,No,No,No,Yes,No,No,Afternoon,Medium,Videos,1.6,4,Low
S04240,DBMS,No,Yes,Yes,Yes,No,Yes,Yes,Morning,High,Mixed,3.0,6,High
S04241,DBMS,No,Yes,No,No,Yes,Yes,No,Morning,Medium,Videos,0.9,2,Low
S04242,DSA,No,Yes,Yes,No,No,No,Yes,Night,High,Videos,2.5,5,Low
S04243,CN,Yes,No,Yes,Yes,No,Yes,Yes,Evening,High,Videos,4.0,6,Medium
S04244,CN,Yes,Yes,Yes,No,No,Yes,Yes,Evening,High,Mixed,1.5,6,Low
S04245,ML,No,Yes,Yes,No,Yes,No,Yes,Night,High,Videos,2.4,4,Low
S04246,DSA,Yes,No,Yes,Yes,Yes,No,No,Evening,High,Notes,3.7,5,High
S04247,ML,No,No,No,Yes,No,Yes,Yes,Evening,High,Videos,3.7,4,Low
S04248,DBMS,Yes,Yes,No,No,Yes,Yes,Yes,Morning,High,Notes,0.5,5,Low
S04249,OS,Yes,Yes,Yes,Yes,Yes,No,Yes,Morning,High,Notes,4.4,5,High
S04250,DSA,No,Yes,Yes,Yes,Yes,No,Yes,Evening,Medium,Videos,4.2,8,High
S04251,DSA,Yes,No,Yes,Yes,Yes,Yes,Yes,Morning,High,Notes,4.4,7,High
S04252,DBMS,Yes,Yes,No,Yes,No,No,No,Morning,High,Videos,0.5,6,Low
S04253,ML,Yes,No,Yes,Yes,Yes,Yes,Yes,Night,High,Mixed,3.2,6,High
S04254,CN,Yes,Yes,Yes,Yes,Yes,Yes,Yes,Evening,High,Mixed,3.4,8,High
S04255,DSA,No,No,No,Yes,No,No,No,Night,Medium,Notes,0.9,5,Low
S04256,DBMS,Yes,No,Yes,Yes,Yes,No,Yes,Morning,Medium,Videos,5.6,8,High
S04257,OS,Yes,Yes,Yes,Yes,No,No,Yes,Night,High,Videos,3.9,5,High
S04258,OS,Yes,Yes,No,Yes,Yes,Yes,No,Evening,High,Mixed,3.8,4,Medium
S04259,OS,No,Yes,Yes,No,No,No,Yes,Afternoon,Medium,Videos,3.2,5,Low
S04260,CN,Yes,No,Yes,Yes,Yes,Yes,Yes,Night,High,Videos,2.5,6,High
S04261,OS,No,No,No,No,Yes,Yes,Yes,Morning,High,Mixed,0.6,5,Low
S04262,OS,No,No,No,No,No,No,Yes,Night,High,Notes,2.5,3,Low
S04263,OS,Yes,Yes,Yes,Yes,No,No,Yes,Evening,Medium,Notes,2.3,6,High
S04264,ML,No,Yes,No,No,No,No,Yes,Evening,High,Mixed,1.8,4,Low
S04265,CN,No,No,No,Yes,No,No,Yes,Night,High,Notes,1.3,6,Medium
S04266,DBMS,Yes,No,Yes,No,No,No,No,Morning,High,Notes,1.7,7,Low
S04267,CN,Yes,No,Yes,Yes,Yes,No,Yes,Evening,High,Videos,3.8,7,High
S04268,ML,No,No,No,No,No,Yes,Yes,Evening,Medium,Mixed,0.5,3,Low
S04269,CN,No,No,Yes,Yes,No,No,No,Morning,Medium,Mixed,1.2,8,Low
S04270,DBMS,No,No,No,No,No,Yes,No,Afternoon,High,Videos,1.6,4,Low
S04271,DBMS,No,No,No,Yes,No,No,Yes,Afternoon,High,Mixed,4.5,3,Medium
S04272,CN,Yes,No,Yes,No,No,Yes,Yes,Afternoon,High,Notes,3.1,7,Medium
S04273,DSA,No,No,Yes,No,Yes,No,Yes,Evening,Medium,Notes,2.0,4,Low
S04274,OS,No,No,Yes,No,No,No,Yes,Night,High,Mixed,1.9,6,Medium
S04275,ML,Yes,Yes,Yes,Yes,Yes,Yes,Yes,Evening,High,Videos,3.7,6,High
S04276,DBMS,Yes,No,No,Yes,No,No,No,Evening,Medium,Notes,2.3,3,Medium
S04277,DBMS,Yes,No,No,No,No,No,Yes,Evening,Medium,Notes,0.7,2,Low
S04278,DBMS,No,Yes,No,No,Yes,No,Yes,Morning,High,Notes,3.2,5,Low
S04279,ML,Yes,No,No,Yes,No,Yes,Yes,Night,High,Videos,1.7,3,Medium
S04280,DSA,No,Yes,Yes,No,No,No,Yes,Night,Medium,Videos,2.6,5,Low
S04281,DSA,Yes,Yes,Yes,No,Yes,No,Yes,Evening,Medium,Videos,4.6,4,High
S04282,CN,Yes,Yes,Yes,Yes,No,Yes,Yes,Morning,High,Mixed,3.1,7,Medium
S04283,OS,Yes,No,No,Yes,No,No,Yes,Evening,High,Videos,4.2,3,Medium
S04284,DSA,Yes,No,Yes,No,No,No,No,Night,Low,Notes,2.9,7,Low
S04285,CN,No,No,Yes,Yes,Yes,Yes,Yes,Morning,High,Videos,3.4,7,High
S04286,CN,Yes,Yes,Yes,No,Yes,No,Yes,Afternoon,Low,Notes,2.8,5,Low
S04287,OS,No,No,Yes,No,No,No,Yes,Afternoon,High,Videos,1.9,6,Low
S04288,DSA,Yes,Yes,Yes,Yes,No,No,Yes,Afternoon,Medium,Mixed,1.9,8,Medium
S04289,DSA,No,Yes,No,No,Yes,No,No,Afternoon,Medium,Mixed,0.5,2,Low
S04290,OS,Yes,Yes,Yes,No,Yes,No,Yes,Evening,Medium,Mixed,2.3,6,Medium
S04291,ML,Yes,No,Yes,Yes,Yes,Yes,Yes,Night,High,Mixed,2.0,8,High
S04292,DSA,Yes,Yes,Yes,Yes,Yes,No,Yes,Evening,High,Mixed,3.0,5,High
S04293,CN,Yes,No,Yes,No,No,No,Yes,Morning,Low,Mixed,3.5,5,Low
S04294,DBMS,Yes,No,Yes,Yes,Yes,Yes,Yes,Morning,High,Videos,3.5,5,High
S04295,CN,No,Yes,No,No,No,No,Yes,Night,Medium,Notes,3.0,2,Low
S04296,CN,Yes,No,Yes,Yes,Yes,No,No,Morning,High,Notes,3.4,5,High
S04297,ML,Yes,Yes,Yes,Yes,Yes,No,No,Night,Low,Notes,4.7,8,Medium
S04298,ML,Yes,Yes,No,No,No,No,Yes,Evening,High,Mixed,1.4,4,Low
S04299,DBMS,Yes,Yes,Yes,Yes,Yes,No,Yes,Morning,High,Notes,3.5,6,High
S04300,ML,No,No,No,Yes,Yes,Yes,No,Afternoon,Low,Mixed,4.2,3,Low
S04301,OS,Yes,No,No,Yes,Yes,No,No,Evening,High,Notes,4.9,5,Medium
S04302,ML,No,No,Yes,No,Yes,No,Yes,Afternoon,Low,Videos,2.7,5,Medium
S04303,OS,No,No,Yes,No,No,No,Yes,Night,Medium,Mixed,1.5,5,Low
S04304,DBMS,Yes,Yes,Yes,Yes,No,No,Yes,Morning,Medium,Mixed,3.3,5,High
S04305,DSA,Yes,No,Yes,No,No,No,Yes,Afternoon,Medium,Videos,2.8,6,Low
S04306,DSA,Yes,Yes,Yes,No,No,Yes,No,Afternoon,High,Mixed,3.0,4,Low
S04307,CN,Yes,Yes,Yes,Yes,Yes,No,Yes,Evening,Medium,Notes,4.0,7,High
S04308,DBMS,Yes,No,No,Yes,Yes,No,Yes,Night,Medium,Videos,2.1,4,Medium
S04309,ML,No,Yes,No,No,No,No,No,Night,High,Mixed,3.3,2,Low
S04310,ML,No,Yes,No,Yes,No,Yes,Yes,Evening,High,Mixed,1.5,3,Medium
S04311,CN,Yes,Yes,No,No,No,No,No,Evening,High,Videos,1.3,2,Low
S04312,ML,No,Yes,No,Yes,No,Yes,No,Night,High,Videos,3.3,4,Medium
S04313,CN,Yes,No,Yes,Yes,Yes,No,Yes,Night,Low,Mixed,3.0,6,Medium
S04314,ML,No,No,No,Yes,No,No,No,Morning,Medium,Videos,2.3,5,Low
S04315,DBMS,Yes,No,No,Yes,No,Yes,No,Night,High,Notes,2.8,6,Low
S04316,CN,Yes,Yes,No,Yes,No,Yes,Yes,Evening,High,Videos,2.5,4,Medium
S04317,DSA,No,No,No,No,No,No,Yes,Evening,Medium,Mixed,1.9,5,Low
S04318,OS,No,No,Yes,Yes,Yes,Yes,Yes,Morning,High,Videos,3.7,6,High
S04319,DBMS,No,No,No,Yes,No,No,No,Night,Low,Notes,2.6,3,Low
S04320,ML,Yes,Yes,Yes,Yes,Yes,No,Yes,Night,Medium,Mixed,3.2,6,High
S04321,DBMS,No,No,Yes,Yes,No,No,Yes,Night,Low,Mixed,1.8,5,Low
S04322,ML,Yes,No,Yes,No,No,No,Yes,Afternoon,High,Notes,1.9,4,Medium
S04323,ML,Yes,No,No,Yes,Yes,No,Yes,Morning,Medium,Notes,2.9,5,Medium
S04324,DBMS,Yes,Yes,Yes,No,Yes,No,Yes,Afternoon,Medium,Mixed,3.6,6,Medium
S04325,DBMS,Yes,Yes,Yes,Yes,Yes,No,Yes,Afternoon,High,Notes,5.0,7,High
S04326,DBMS,Yes,No,No,No,No,Yes,No,Afternoon,Medium,Mixed,2.9,2,Low
S04327,OS,Yes,Yes,Yes,No,Yes,No,Yes,Evening,High,Videos,1.7,4,Medium
S04328,ML,No,Yes,No,Yes,No,No,No,Night,High,Mixed,1.4,4,Low
S04329,ML,No,No,No,No,No,No,Yes,Evening,Medium,Videos,1.1,3,Low
S04330,CN,No,Yes,No,No,No,No,Yes,Afternoon,High,Notes,1.8,4,Low
S04331,OS,Yes,Yes,Yes,No,Yes,No,No,Afternoon,Medium,Mixed,3.0,5,Low
S04332,ML,No,No,No,No,No,No,Yes,Evening,High,Mixed,2.1,4,Low
S04333,DBMS,Yes,Yes,No,No,No,No,Yes,Evening,Medium,Notes,1.8,3,Low
S04334,CN,Yes,Yes,Yes,Yes,No,Yes,Yes,Evening,High,Videos,3.9,8,High
S04335,DBMS,No,Yes,No,Yes,Yes,No,Yes,Night,High,Videos,1.6,3,Medium
S04336,ML,Yes,Yes,No,No,No,No,Yes,Morning,High,Mixed,1.6,4,Low
S04337,OS,Yes,Yes,Yes,No,Yes,Yes,No,Evening,Medium,Videos,3.3,5,Low
S04338,OS,Yes,No,Yes,Yes,Yes,Yes,Yes,Evening,Low,Mixed,4.1,5,Medium
S04339,ML,Yes,Yes,No,No,No,No,No,Night,High,Mixed,1.5,2,Low
S04340,ML,No,Yes,No,Yes,No,No,Yes,Afternoon,Low,Mixed,3.8,3,Low
S04341,DBMS,Yes,No,No,Yes,No,No,Yes,Evening,Medium,Videos,2.3,6,Low
S04342,OS,Yes,Yes,Yes,Yes,Yes,No,No,Evening,Medium,Mixed,2.9,5,High
S04343,DBMS,Yes,Yes,No,Yes,Yes,No,No,Evening,High,Mixed,1.9,3,Medium
S04344,ML,Yes,Yes,No,No,No,No,Yes,Afternoon,Medium,Mixed,1.0,2,Low
S04345,DSA,No,Yes,Yes,Yes,Yes,No,Yes,Evening,High,Notes,2.9,8,High
S04346,DBMS,No,Yes,Yes,No,Yes,No,Yes,Morning,Medium,Videos,4.7,7,Medium
S04347,ML,No,Yes,No,No,No,No,No,Evening,High,Notes,2.8,5,Low
S04348,OS,No,No,No,No,No,No,No,Night,Medium,Mixed,1.0,4,Low
S04349,CN,Yes,No,Yes,Yes,No,Yes,No,Afternoon,High,Videos,3.7,5,High
S04350,DSA,No,No,Yes,Yes,No,No,Yes,Morning,Medium,Mixed,3.0,6,Low
S04351,CN,Yes,Yes,No,No,Yes,No,Yes,Morning,Medium,Mixed,1.9,2,Low
S04352,ML,Yes,No,Yes,No,Yes,Yes,Yes,Evening,High,Notes,2.5,6,High
S04353,DSA,No,No,No,No,No,No,No,Evening,Medium,Notes,2.0,5,Low
S04354,DBMS,Yes,Yes,Yes,Yes,Yes,Yes,Yes,Afternoon,Medium,Mixed,3.7,5,High
S04355,OS,No,No,No,No,Yes,No,Yes,Evening,Medium,Mixed,1.7,4,Medium
S04356,DSA,No,No,Yes,Yes,Yes,No,Yes,Afternoon,High,Mixed,3.5,5,High
S04357,DBMS,No,Yes,No,Yes,No,Yes,No,Evening,High,Notes,3.3,5,Medium
S04358,DBMS,Yes,No,Yes,No,No,Yes,No,Morning,High,Mixed,1.7,7,Medium
S04359,OS,Yes,Yes,No,No,No,Yes,No,Night,Low,Mixed,1.0,4,Low
S04360,ML,No,Yes,Yes,Yes,Yes,Yes,No,Afternoon,Medium,Mixed,3.3,5,High
S04361,CN,Yes,Yes,Yes,No,No,No,Yes,Evening,Low,Notes,3.2,5,Low
S04362,OS,Yes,Yes,No,Yes,No,Yes,Yes,Night,High,Mixed,3.8,3,Medium
S04363,ML,No,No,No,No,Yes,Yes,Yes,Evening,Low,Notes,1.5,5,Low
S04364,DSA,No,No,Yes,No,No,No,Yes,Evening,Low,Mixed,3.8,7,Low
S04365,DSA,No,Yes,No,No,No,No,No,Evening,Medium,Mixed,2.5,3,Low
S04366,CN,Yes,No,Yes,No,No,No,Yes,Evening,High,Mixed,1.6,7,Low
S04367,OS,Yes,No,Yes,No,Yes,No,Yes,Morning,Medium,Notes,3.3,5,Medium
S04368,ML,Yes,No,No,Yes,Yes,No,Yes,Afternoon,Low,Notes,1.9,3,Low
S04369,ML,Yes,No,No,No,No,Yes,No,Evening,High,Mixed,1.2,5,Low
S04370,CN,Yes,No,Yes,No,No,No,No,Afternoon,Medium,Videos,1.2,7,Low
S04371,OS,Yes,No,Yes,Yes,Yes,No,Yes,Evening,High,Notes,3.5,5,High
S04372,CN,Yes,Yes,Yes,Yes,Yes,No,No,Afternoon,Medium,Videos,3.7,6,High
S04373,DBMS,Yes,No,Yes,Yes,Yes,Yes,No,Evening,High,Notes,3.0,7,High
S04374,CN,Yes,Yes,Yes,No,No,No,No,Morning,High,Notes,2.9,4,Low
S04375,DBMS,Yes,Yes,No,No,No,No,Yes,Evening,High,Notes,2.5,2,Low
S04376,OS,Yes,Yes,Yes,Yes,Yes,Yes,Yes,Night,High,Videos,4.4,5,High
S04377,OS,No,Yes,Yes,Yes,No,No,No,Afternoon,Medium,Mixed,2.1,8,Medium
S04378,OS,Yes,No,No,Yes,Yes,Yes,Yes,Night,High,Notes,4.0,4,Medium
S04379,CN,No,No,Yes,Yes,No,Yes,Yes,Afternoon,Medium,Videos,3.5,5,Medium
S04380,DBMS,Yes,Yes,Yes,Yes,Yes,No,Yes,Night,High,Mixed,3.1,8,High
S04381,ML,Yes,Yes,Yes,Yes,Yes,No,Yes,Night,High,Mixed,3.7,7,High
S04382,OS,Yes,Yes,Yes,No,No,No,Yes,Morning,Low,Notes,3.6,7,Low
S04383,CN,Yes,No,Yes,Yes,Yes,No,Yes,Afternoon,Medium,Videos,3.9,8,High
S04384,DSA,Yes,Yes,Yes,Yes,Yes,No,Yes,Night,High,Videos,3.4,7,High
S04385,CN,No,Yes,No,No,No,Yes,No,Morning,High,Videos,1.4,5,Low
S04386,DSA,No,No,Yes,No,No,Yes,No,Morning,High,Notes,1.2,4,Low
S04387,DBMS,Yes,Yes,Yes,Yes,Yes,No,Yes,Morning,High,Notes,3.2,6,High
S04388,OS,Yes,Yes,No,Yes,No,Yes,No,Afternoon,Low,Mixed,2.8,4,Low
S04389,OS,No,Yes,Yes,No,No,No,Yes,Evening,Low,Mixed,2.3,6,Low
S04390,DBMS,Yes,Yes,Yes,Yes,Yes,No,Yes,Afternoon,High,Videos,3.6,5,High
S04391,DSA,Yes,No,Yes,Yes,Yes,No,Yes,Night,High,Mixed,3.9,7,High
S04392,CN,No,Yes,Yes,Yes,Yes,No,No,Evening,High,Videos,4.6,5,High
S04393,CN,Yes,Yes,Yes,No,No,Yes,Yes,Evening,Medium,Notes,4.9,4,Low
S04394,CN,No,No,No,No,Yes,Yes,Yes,Afternoon,Medium,Videos,0.5,2,Low
S04395,DBMS,Yes,No,Yes,No,Yes,No,Yes,Evening,Low,Videos,3.0,5,Low
S04396,ML,Yes,Yes,Yes,No,Yes,No,Yes,Afternoon,Medium,Mixed,2.8,5,Medium
S04397,DSA,Yes,No,Yes,No,No,No,Yes,Night,Low,Notes,3.6,7,Low
S04398,OS,No,Yes,Yes,Yes,Yes,No,Yes,Night,High,Notes,3.8,6,High
S04399,DSA,Yes,Yes,No,No,No,No,No,Morning,High,Videos,1.0,4,Low
S04400,ML,No,No,No,No,Yes,No,No,Evening,High,Mixed,1.8,3,Low
S04401,DBMS,No,Yes,No,Yes,No,No,No,Evening,Low,Mixed,3.6,4,Low
S04402,CN,No,Yes,Yes,Yes,Yes,No,Yes,Evening,High,Mixed,2.3,6,High
S04403,OS,Yes,No,Yes,Yes,Yes,No,No,Night,Medium,Videos,4.1,6,Medium
S04404,ML,Yes,No,No,No,Yes,No,No,Night,Low,Videos,2.4,3,Low
S04405,DSA,Yes,No,Yes,No,Yes,Yes,Yes,Evening,Low,Videos,4.6,6,Medium
S04406,OS,Yes,No,Yes,No,Yes,No,Yes,Evening,High,Videos,1.9,7,Medium
S04407,DBMS,No,Yes,Yes,No,No,No,Yes,Afternoon,Medium,Videos,2.0,7,Low
S04408,CN,Yes,No,Yes,No,No,No,Yes,Morning,High,Videos,2.9,5,Low
S04409,DSA,No,Yes,No,No,Yes,Yes,No,Morning,High,Mixed,1.7,4,Low
S04410,DBMS,Yes,No,No,Yes,Yes,No,Yes,Morning,Medium,Mixed,1.4,4,Medium
S04411,DBMS,Yes,Yes,Yes,Yes,Yes,No,Yes,Evening,Medium,Videos,4.7,7,Medium
S04412,ML,Yes,Yes,Yes,Yes,Yes,Yes,Yes,Afternoon,High,Mixed,3.9,5,High
S04413,DSA,No,Yes,No,No,No,Yes,No,Evening,High,Mixed,0.7,2,Low
S04414,CN,Yes,No,Yes,No,Yes,Yes,Yes,Morning,Medium,Notes,2.1,7,Low
S04415,OS,Yes,Yes,No,No,No,Yes,No,Night,High,Videos,1.8,4,Low
S04416,CN,No,No,No,No,No,No,No,Evening,Medium,Mixed,0.5,2,Low
S04417,OS,Yes,No,No,Yes,No,No,No,Evening,High,Mixed,2.6,4,Low
S04418,DSA,Yes,No,Yes,Yes,No,No,Yes,Night,High,Videos,6.0,5,Medium
S04419,DBMS,Yes,Yes,Yes,Yes,Yes,Yes,Yes,Evening,Medium,Videos,2.8,6,High
S04420,OS,Yes,Yes,No,No,Yes,No,No,Night,High,Videos,3.6,5,Low
S04421,DBMS,Yes,No,No,No,No,Yes,No,Evening,High,Mixed,2.6,3,Medium
S04422,ML,Yes,No,No,Yes,Yes,Yes,No,Morning,High,Mixed,2.4,4,Low
S04423,OS,Yes,Yes,Yes,Yes,Yes,No,Yes,Evening,Medium,Notes,3.6,6,High
S04424,ML,Yes,No,No,No,No,No,No,Evening,Low,Mixed,1.0,3,Low
S04425,DSA,Yes,Yes,Yes,Yes,Yes,No,Yes,Night,Low,Mixed,4.2,7,High
S04426,ML,Yes,Yes,Yes,No,No,No,No,Morning,High,Mixed,2.6,5,Low
S04427,DBMS,Yes,Yes,Yes,Yes,Yes,No,Yes,Afternoon,Medium,Mixed,3.6,7,Medium
S04428,ML,Yes,Yes,Yes,Yes,Yes,No,No,Morning,High,Mixed,3.3,6,High
S04429,OS,Yes,Yes,No,No,Yes,No,No,Evening,High,Mixed,1.4,4,Low
S04430,CN,Yes,No,No,Yes,Yes,Yes,No,Morning,High,Videos,3.7,4,High
S04431,DBMS,Yes,Yes,Yes,No,Yes,Yes,No,Evening,High,Notes,2.2,7,Low
S04432,CN,No,No,Yes,No,No,No,Yes,Morning,High,Videos,1.9,5,Medium
S04433,ML,No,No,Yes,Yes,No,No,No,Morning,High,Mixed,4.0,6,Low
S04434,ML,Yes,No,Yes,No,Yes,No,Yes,Morning,Medium,Notes,2.7,6,Medium
S04435,CN,Yes,Yes,Yes,No,Yes,Yes,Yes,Evening,Low,Mixed,2.5,7,Low
S04436,OS,Yes,No,No,No,No,No,Yes,Afternoon,Medium,Mixed,1.1,3,Low
S04437,DBMS,No,Yes,No,Yes,Yes,No,No,Morning,Medium,Notes,4.6,3,Low
S04438,DBMS,Yes,No,Yes,Yes,Yes,Yes,Yes,Afternoon,High,Notes,3.0,6,High
S04439,DBMS,Yes,Yes,No,Yes,No,No,Yes,Evening,High,Videos,3.4,6,Low
S04440,ML,Yes,No,Yes,Yes,Yes,No,Yes,Morning,High,Notes,3.3,6,High
S04441,DSA,Yes,Yes,Yes,No,Yes,Yes,No,Afternoon,Medium,Mixed,3.4,5,Medium
S04442,DSA,Yes,No,Yes,No,No,No,Yes,Afternoon,High,Videos,2.0,5,Medium
S04443,DBMS,No,Yes,Yes,Yes,Yes,Yes,Yes,Afternoon,High,Videos,4.7,7,High
S04444,DBMS,No,Yes,No,No,No,Yes,No,Afternoon,High,Mixed,0.5,4,Low
S04445,ML,Yes,No,No,No,Yes,Yes,No,Afternoon,Medium,Notes,1.3,3,Low
S04446,ML,Yes,Yes,Yes,No,No,Yes,No,Night,High,Notes,1.9,7,Low
S04447,DBMS,Yes,No,No,No,No,Yes,Yes,Evening,High,Mixed,1.8,2,Low
S04448,ML,Yes,No,No,Yes,Yes,No,Yes,Afternoon,High,Notes,2.9,6,High
S04449,CN,Yes,No,No,No,No,Yes,Yes,Evening,High,Mixed,0.5,5,Low
S04450,DBMS,Yes,No,No,Yes,Yes,Yes,No,Afternoon,High,Videos,1.9,5,Low
S04451,OS,No,No,No,Yes,No,No,No,Evening,Medium,Notes,3.8,6,Low
S04452,OS,No,No,No,No,Yes,No,Yes,Evening,Medium,Videos,2.1,3,Low
S04453,ML,No,Yes,Yes,Yes,Yes,No,No,Evening,High,Notes,2.0,8,High
S04454,DBMS,No,No,Yes,Yes,No,No,Yes,Evening,High,Notes,3.8,7,Medium
S04455,ML,Yes,No,No,Yes,Yes,No,No,Afternoon,Medium,Videos,2.9,6,Medium
S04456,CN,Yes,Yes,No,Yes,Yes,No,Yes,Evening,Low,Mixed,3.2,4,Low
S04457,OS,Yes,Yes,No,Yes,No,No,No,Evening,High,Videos,2.8,5,Low
S04458,DBMS,Yes,Yes,Yes,Yes,No,Yes,Yes,Evening,High,Mixed,2.4,7,High
S04459,OS,Yes,No,No,Yes,Yes,No,Yes,Evening,High,Videos,3.3,4,Medium
S04460,OS,No,Yes,No,No,No,No,Yes,Night,Medium,Mixed,2.3,3,Low
S04461,ML,Yes,No,No,No,No,No,No,Night,High,Videos,1.2,4,Low
S04462,DBMS,Yes,No,Yes,No,No,Yes,Yes,Night,Medium,Videos,3.6,6,Low
S04463,DSA,Yes,No,Yes,No,No,No,Yes,Morning,Medium,Videos,0.9,6,Low
S04464,ML,No,Yes,Yes,No,No,No,Yes,Evening,High,Notes,3.1,6,Low
S04465,OS,Yes,No,Yes,No,No,No,Yes,Evening,Low,Notes,1.5,6,Low
S04466,ML,Yes,No,Yes,Yes,Yes,No,Yes,Morning,High,Videos,1.9,8,High
S04467,OS,Yes,Yes,Yes,Yes,Yes,No,No,Night,High,Mixed,2.7,6,Medium
S04468,DSA,No,Yes,No,No,No,No,No,Evening,High,Videos,0.5,4,Low
S04469,OS,No,Yes,No,No,No,No,Yes,Evening,High,Mixed,2.8,2,Low
S04470,OS,Yes,No,No,No,No,No,No,Night,Medium,Notes,0.8,5,Low
S04471,ML,No,Yes,Yes,Yes,Yes,No,Yes,Evening,Medium,Notes,4.3,5,High
S04472,CN,Yes,Yes,No,Yes,No,No,Yes,Night,Medium,Mixed,1.8,5,Low
S04473,DBMS,No,Yes,No,Yes,No,Yes,No,Evening,High,Mixed,3.8,3,Medium
S04474,DBMS,Yes,Yes,Yes,Yes,No,No,Yes,Morning,Low,Mixed,2.8,8,Medium
S04475,DSA,Yes,Yes,Yes,Yes,Yes,Yes,Yes,Morning,High,Videos,4.1,8,High
S04476,DBMS,No,No,No,No,No,Yes,No,Night,High,Mixed,0.8,3,Low
S04477,DBMS,Yes,Yes,Yes,No,Yes,No,No,Evening,High,Videos,3.7,4,High
S04478,DSA,Yes,No,No,No,No,No,Yes,Afternoon,High,Notes,1.3,5,Low
S04479,DBMS,No,Yes,No,No,No,Yes,No,Evening,High,Notes,2.0,3,Low
S04480,OS,No,Yes,Yes,Yes,Yes,No,No,Evening,High,Videos,2.5,8,High
S04481,ML,Yes,No,No,No,No,Yes,No,Afternoon,Medium,Mixed,1.9,5,Low
S04482,DBMS,No,No,Yes,No,Yes,No,Yes,Afternoon,High,Mixed,3.2,4,Medium
S04483,OS,No,No,Yes,Yes,Yes,No,Yes,Evening,High,Videos,2.4,8,High
S04484,DSA,Yes,Yes,Yes,No,No,Yes,Yes,Evening,High,Videos,0.6,6,Low
S04485,DBMS,No,No,Yes,Yes,Yes,No,Yes,Night,High,Videos,5.1,5,High
S04486,OS,Yes,No,Yes,Yes,No,Yes,No,Night,High,Mixed,3.7,5,Low
S04487,DBMS,No,Yes,No,Yes,Yes,Yes,Yes,Night,High,Videos,3.3,6,Low
S04488,CN,Yes,No,Yes,Yes,Yes,No,No,Night,High,Mixed,5.3,7,High
S04489,DSA,Yes,Yes,No,Yes,Yes,Yes,Yes,Morning,Medium,Videos,3.6,6,Medium
S04490,ML,Yes,Yes,Yes,Yes,Yes,No,Yes,Night,High,Mixed,5.1,5,High
S04491,DSA,Yes,No,Yes,Yes,Yes,No,Yes,Night,Medium,Mixed,2.9,6,High
S04492,OS,No,No,Yes,Yes,No,No,Yes,Afternoon,Medium,Videos,3.3,7,Medium
S04493,OS,No,No,No,No,Yes,No,Yes,Night,Medium,Mixed,4.5,3,Low
S04494,DBMS,Yes,No,Yes,Yes,Yes,No,No,Evening,High,Mixed,4.5,6,High
S04495,OS,Yes,Yes,No,No,No,No,Yes,Evening,Low,Videos,0.5,3,Low
S04496,DSA,Yes,No,No,No,No,Yes,No,Afternoon,High,Mixed,1.7,2,Low
S04497,DBMS,Yes,No,Yes,Yes,Yes,No,Yes,Night,High,Mixed,3.4,8,High
S04498,CN,Yes,Yes,Yes,Yes,No,Yes,No,Night,High,Videos,2.5,8,High
S04499,CN,No,Yes,Yes,Yes,Yes,Yes,Yes,Night,High,Videos,5.0,6,High
S04500,DSA,No,No,Yes,Yes,Yes,No,No,Morning,High,Mixed,3.5,6,High
S04501,DBMS,Yes,Yes,No,No,No,No,No,Morning,Medium,Videos,1.8,4,Low
S04502,ML,Yes,No,Yes,No,Yes,No,Yes,Evening,High,Mixed,2.4,5,Low
S04503,CN,Yes,Yes,No,Yes,No,No,Yes,Night,High,Videos,2.6,6,Low
S04504,DBMS,Yes,No,No,Yes,Yes,No,Yes,Afternoon,High,Mixed,3.5,4,High
S04505,OS,Yes,No,Yes,No,No,No,Yes,Morning,High,Videos,2.8,5,Low
S04506,DSA,Yes,No,No,No,No,No,No,Evening,Medium,Mixed,1.2,3,Low
S04507,DSA,Yes,No,No,No,Yes,No,Yes,Night,High,Mixed,2.4,2,Medium
S04508,OS,Yes,Yes,Yes,Yes,Yes,No,Yes,Night,Low,Videos,5.7,6,Medium
S04509,OS,No,No,No,Yes,No,No,Yes,Night,High,Mixed,3.1,5,Low
S04510,CN,Yes,No,Yes,Yes,Yes,Yes,Yes,Evening,Low,Mixed,3.6,8,High
S04511,CN,Yes,No,No,No,Yes,No,Yes,Night,Medium,Mixed,1.1,3,Low
S04512,CN,Yes,No,No,No,Yes,No,Yes,Night,High,Videos,0.5,4,Low
S04513,OS,No,No,No,Yes,No,No,No,Night,High,Mixed,0.8,6,Low
S04514,DBMS,Yes,No,No,No,Yes,No,Yes,Evening,High,Mixed,0.6,3,Low
S04515,CN,Yes,Yes,No,Yes,No,No,Yes,Afternoon,High,Videos,0.8,3,Medium
S04516,ML,Yes,No,Yes,Yes,Yes,No,Yes,Night,High,Mixed,4.3,8,High
S04517,OS,Yes,No,No,No,Yes,No,No,Afternoon,Low,Videos,3.0,5,Low
S04518,DSA,Yes,Yes,No,No,No,Yes,Yes,Afternoon,Medium,Videos,1.1,2,Low
S04519,CN,No,Yes,No,No,Yes,No,No,Evening,High,Notes,2.2,2,Low
S04520,ML,Yes,No,No,Yes,No,No,No,Night,High,Mixed,3.0,4,Low
S04521,DSA,Yes,Yes,Yes,Yes,No,No,Yes,Evening,High,Mixed,3.8,5,Medium
S04522,OS,Yes,Yes,Yes,No,No,No,No,Morning,High,Mixed,2.9,5,Low
S04523,DBMS,No,Yes,No,Yes,No,No,No,Evening,High,Notes,3.2,5,Medium
S04524,DBMS,No,No,No,No,No,No,Yes,Morning,High,Mixed,2.0,3,Low
S04525,DBMS,No,No,No,No,Yes,Yes,No,Afternoon,High,Mixed,1.3,4,Low
S04526,CN,Yes,No,Yes,Yes,Yes,No,Yes,Morning,Medium,Videos,4.2,7,High
S04527,DBMS,No,No,Yes,No,No,No,Yes,Evening,High,Videos,4.2,5,Low
S04528,DBMS,No,No,No,No,No,Yes,No,Afternoon,High,Videos,1.3,2,Low
S04529,CN,Yes,Yes,Yes,No,No,No,No,Evening,Medium,Notes,3.1,7,Low
S04530,DSA,Yes,Yes,No,Yes,No,No,No,Evening,Medium,Notes,4.0,6,Low
S04531,DBMS,No,Yes,No,No,Yes,No,Yes,Evening,Medium,Videos,1.6,2,Low
S04532,DBMS,Yes,Yes,Yes,Yes,No,No,No,Morning,High,Videos,2.1,7,Medium
S04533,DBMS,No,No,No,Yes,No,No,No,Morning,Medium,Mixed,2.3,6,Low
S04534,CN,Yes,Yes,No,No,No,No,No,Evening,Medium,Videos,1.0,5,Low
S04535,DBMS,Yes,No,Yes,No,No,No,No,Afternoon,High,Mixed,2.6,7,Low
S04536,ML,Yes,No,Yes,Yes,Yes,Yes,Yes,Evening,Medium,Notes,2.8,7,High
S04537,DBMS,No,Yes,No,No,No,No,Yes,Evening,High,Videos,0.5,5,Low
S04538,OS,No,No,No,No,No,No,Yes,Evening,High,Mixed,1.3,2,Low
S04539,ML,Yes,No,Yes,No,Yes,No,Yes,Evening,High,Mixed,2.7,7,Medium
S04540,OS,Yes,No,No,Yes,No,No,Yes,Night,Medium,Notes,3.7,3,Low
S04541,DSA,Yes,No,Yes,Yes,No,No,Yes,Evening,High,Notes,2.7,8,Medium
S04542,OS,Yes,No,Yes,Yes,No,No,Yes,Afternoon,Low,Videos,2.9,6,Low
S04543,CN,No,No,Yes,No,Yes,No,No,Morning,High,Mixed,3.5,6,Medium
S04544,DSA,Yes,No,Yes,Yes,Yes,No,No,Night,High,Mixed,6.3,5,High
S04545,DBMS,Yes,Yes,Yes,Yes,Yes,No,Yes,Night,High,Mixed,3.7,5,High
S04546,OS,Yes,Yes,No,No,No,No,Yes,Evening,High,Mixed,2.4,5,Low
S04547,DSA,No,No,Yes,No,No,Yes,No,Night,High,Notes,2.1,4,Low
S04548,OS,Yes,Yes,Yes,No,Yes,No,No,Evening,High,Mixed,1.9,7,Medium
S04549,DSA,No,Yes,No,No,No,Yes,No,Morning,Medium,Mixed,0.8,4,Low
S04550,CN,Yes,Yes,No,No,No,No,No,Night,Medium,Mixed,1.2,2,Low
S04551,DSA,Yes,Yes,Yes,No,Yes,No,Yes,Evening,High,Videos,4.7,7,Medium
S04552,DSA,No,Yes,Yes,No,No,No,No,Evening,High,Mixed,3.3,7,Low
S04553,ML,Yes,Yes,No,No,No,Yes,Yes,Night,Medium,Notes,2.2,4,Low
S04554,DBMS,No,No,Yes,Yes,Yes,No,Yes,Evening,High,Mixed,3.5,7,High
S04555,DSA,Yes,No,No,No,Yes,Yes,Yes,Evening,Medium,Videos,1.6,4,Low
S04556,OS,No,No,No,Yes,No,No,No,Night,Medium,Notes,1.5,3,Low
S04557,CN,No,Yes,Yes,No,Yes,No,Yes,Night,Medium,Mixed,3.8,7,Medium
S04558,DBMS,No,No,Yes,Yes,Yes,No,Yes,Evening,Medium,Notes,4.8,7,High
S04559,CN,Yes,Yes,No,Yes,No,No,No,Morning,Medium,Videos,3.1,4,Low
S04560,OS,No,Yes,Yes,No,Yes,No,Yes,Night,High,Mixed,1.9,4,Low
S04561,DSA,No,No,No,No,No,Yes,No,Evening,Medium,Videos,0.7,3,Low
S04562,OS,Yes,No,Yes,No,Yes,No,No,Evening,High,Mixed,5.0,4,Medium
S04563,ML,Yes,No,Yes,No,Yes,No,Yes,Night,High,Videos,3.8,5,Medium
S04564,DSA,No,No,No,Yes,Yes,Yes,Yes,Evening,Medium,Notes,3.9,3,Medium
S04565,DBMS,Yes,No,No,Yes,No,No,Yes,Morning,High,Videos,2.2,3,Low
S04566,DBMS,No,No,Yes,No,No,No,Yes,Afternoon,Medium,Mixed,3.3,5,Low
S04567,ML,No,No,No,No,No,Yes,No,Night,High,Mixed,1.1,5,Low
S04568,OS,Yes,Yes,No,Yes,No,Yes,Yes,Night,High,Videos,2.9,6,Low
S04569,CN,Yes,Yes,Yes,Yes,No,No,Yes,Evening,High,Mixed,3.2,6,High
S04570,CN,Yes,No,No,Yes,No,No,Yes,Night,Medium,Mixed,2.2,3,Low
S04571,OS,Yes,No,Yes,Yes,No,No,Yes,Night,Low,Mixed,3.3,5,Medium
S04572,OS,No,Yes,Yes,Yes,No,No,Yes,Night,Medium,Videos,1.3,8,Medium
S04573,OS,Yes,Yes,No,Yes,No,Yes,No,Night,Medium,Mixed,1.2,6,Low
S04574,DSA,Yes,Yes,Yes,Yes,No,Yes,Yes,Night,Medium,Mixed,4.3,5,High
S04575,ML,No,No,Yes,Yes,No,Yes,Yes,Evening,High,Mixed,3.9,5,Medium
S04576,CN,Yes,Yes,Yes,No,Yes,No,Yes,Evening,High,Mixed,3.6,4,Medium
S04577,ML,No,No,Yes,Yes,Yes,No,Yes,Night,Low,Mixed,2.7,8,Medium
S04578,DBMS,Yes,Yes,Yes,Yes,No,No,Yes,Night,Low,Mixed,2.8,8,Low
S04579,ML,Yes,Yes,Yes,Yes,Yes,Yes,Yes,Evening,Medium,Videos,4.9,5,High
S04580,OS,Yes,Yes,No,No,No,Yes,Yes,Afternoon,Medium,Mixed,0.5,4,Low
S04581,DSA,No,No,No,Yes,No,No,No,Morning,High,Mixed,1.7,6,Low
S04582,ML,No,Yes,Yes,No,No,No,Yes,Morning,High,Videos,1.1,7,Low
S04583,CN,No,Yes,No,Yes,No,No,No,Morning,High,Notes,2.8,6,Low
S04584,OS,No,No,No,No,No,No,Yes,Night,High,Videos,0.9,5,Low
S04585,DBMS,No,No,No,Yes,Yes,No,No,Evening,High,Mixed,4.0,6,Medium
S04586,ML,No,Yes,No,No,Yes,No,Yes,Evening,High,Videos,2.2,2,Low
S04587,OS,Yes,No,Yes,No,No,No,No,Morning,High,Videos,2.9,7,Low
S04588,DBMS,No,Yes,Yes,Yes,Yes,No,Yes,Evening,High,Mixed,4.3,8,High
S04589,OS,No,No,Yes,Yes,No,No,Yes,Morning,High,Mixed,4.7,5,Medium
S04590,CN,No,Yes,Yes,Yes,Yes,No,Yes,Evening,High,Notes,4.5,8,High
S04591,ML,Yes,No,Yes,Yes,Yes,No,No,Night,High,Notes,4.9,5,High
S04592,OS,Yes,No,Yes,No,No,No,No,Night,High,Mixed,1.9,6,Low
S04593,OS,No,No,No,No,No,No,No,Afternoon,High,Notes,0.9,4,Low
S04594,ML,Yes,No,No,No,No,Yes,Yes,Evening,High,Notes,0.5,5,Low
S04595,OS,Yes,Yes,No,Yes,No,Yes,No,Afternoon,Medium,Videos,2.8,3,Low
S04596,CN,No,No,No,No,No,No,Yes,Evening,High,Mixed,1.1,5,Low
S04597,CN,Yes,Yes,No,No,No,No,Yes,Evening,Medium,Videos,1.4,5,Low
S04598,DBMS,Yes,Yes,No,Yes,Yes,No,Yes,Afternoon,High,Notes,2.9,4,Medium
S04599,DSA,Yes,Yes,Yes,Yes,Yes,No,Yes,Evening,High,Mixed,4.3,8,High
S04600,OS,Yes,No,Yes,Yes,Yes,No,No,Evening,Medium,Notes,3.4,8,High
S04601,OS,No,No,Yes,Yes,Yes,Yes,Yes,Evening,High,Videos,4.2,5,High
S04602,ML,No,No,Yes,No,No,No,Yes,Afternoon,High,Mixed,1.4,4,Medium
S04603,DBMS,No,No,No,Yes,No,No,Yes,Morning,Medium,Videos,3.4,6,Low
S04604,CN,No,No,No,Yes,No,No,Yes,Night,High,Mixed,0.5,4,Low
S04605,OS,No,No,Yes,Yes,Yes,Yes,No,Evening,High,Videos,2.9,6,High
S04606,ML,Yes,No,Yes,Yes,Yes,No,Yes,Evening,Medium,Videos,4.5,8,High
S04607,DBMS,No,Yes,No,Yes,No,Yes,No,Evening,High,Videos,2.8,3,Low
S04608,DBMS,Yes,Yes,Yes,Yes,No,No,Yes,Night,High,Videos,3.9,7,High
S04609,OS,Yes,No,Yes,Yes,Yes,Yes,Yes,Evening,High,Notes,2.7,6,High
S04610,CN,No,No,Yes,Yes,Yes,No,Yes,Evening,High,Mixed,1.2,7,Low
S04611,DBMS,No,Yes,Yes,No,Yes,Yes,No,Evening,High,Mixed,4.3,7,Medium
S04612,DSA,Yes,Yes,No,No,No,No,No,Evening,High,Notes,1.5,2,Low
S04613,OS,No,Yes,Yes,No,Yes,No,Yes,Evening,Medium,Videos,3.6,7,Medium
S04614,ML,Yes,Yes,Yes,Yes,Yes,Yes,Yes,Evening,High,Notes,3.1,6,High
S04615,ML,Yes,No,No,Yes,No,No,Yes,Afternoon,High,Mixed,2.3,4,Low
S04616,OS,Yes,Yes,Yes,No,No,Yes,Yes,Morning,High,Mixed,1.0,4,Low
S04617,OS,Yes,Yes,Yes,Yes,Yes,No,Yes,Morning,High,Videos,3.6,6,High
S04618,DSA,Yes,No,Yes,Yes,Yes,No,Yes,Morning,Medium,Videos,4.7,6,High
S04619,DBMS,Yes,Yes,Yes,Yes,Yes,Yes,No,Morning,Low,Mixed,2.0,7,High
S04620,DBMS,Yes,Yes,Yes,Yes,Yes,No,Yes,Night,High,Videos,5.9,6,High
S04621,ML,Yes,No,Yes,Yes,Yes,No,Yes,Night,High,Mixed,2.7,8,High
S04622,OS,No,No,Yes,Yes,Yes,No,Yes,Evening,High,Videos,3.3,7,High
S04623,DBMS,No,No,Yes,Yes,No,No,Yes,Afternoon,High,Notes,3.0,5,Medium
S04624,OS,No,No,No,No,No,No,Yes,Evening,Medium,Notes,3.4,5,Low
S04625,CN,Yes,No,Yes,Yes,No,No,Yes,Night,High,Notes,3.1,8,High
S04626,CN,No,Yes,Yes,Yes,Yes,Yes,Yes,Evening,High,Notes,4.4,8,High
S04627,OS,No,No,No,No,Yes,No,Yes,Evening,Low,Notes,1.1,3,Low
S04628,OS,Yes,Yes,Yes,No,No,No,Yes,Night,Medium,Mixed,2.0,6,Low
S04629,CN,Yes,No,Yes,Yes,Yes,No,Yes,Evening,High,Mixed,3.9,8,High
S04630,CN,Yes,Yes,Yes,Yes,Yes,No,No,Night,Low,Videos,2.2,7,High
S04631,DSA,Yes,Yes,No,No,No,Yes,No,Morning,Medium,Notes,0.5,3,Low
S04632,ML,Yes,Yes,No,Yes,No,No,Yes,Night,High,Notes,1.8,4,Medium
S04633,CN,Yes,No,Yes,No,No,No,Yes,Morning,High,Notes,2.9,6,Low
S04634,CN,Yes,No,No,No,No,No,No,Evening,High,Videos,1.5,3,Low
S04635,OS,No,Yes,Yes,Yes,No,No,Yes,Afternoon,Low,Notes,3.9,7,Low
S04636,DBMS,Yes,No,Yes,No,Yes,No,Yes,Night,High,Videos,2.3,6,Medium
S04637,OS,Yes,No,Yes,Yes,Yes,No,No,Morning,Medium,Videos,5.0,7,High
S04638,CN,No,No,Yes,Yes,Yes,No,No,Evening,High,Mixed,4.5,5,High
S04639,DSA,Yes,Yes,No,No,No,No,Yes,Evening,High,Mixed,1.2,2,Low
S04640,OS,Yes,No,Yes,No,Yes,No,Yes,Afternoon,Medium,Videos,2.7,4,Low
S04641,DBMS,Yes,No,Yes,Yes,No,No,Yes,Evening,High,Mixed,2.8,8,Low
S04642,DSA,Yes,No,No,No,No,No,Yes,Night,Low,Notes,0.7,3,Low
S04643,ML,Yes,No,Yes,Yes,Yes,Yes,No,Night,Medium,Videos,3.4,6,High
S04644,OS,Yes,No,Yes,No,Yes,Yes,No,Morning,Low,Notes,3.0,6,Low
S04645,DBMS,Yes,Yes,Yes,No,No,Yes,Yes,Night,Medium,Notes,2.7,6,Low
S04646,ML,No,No,No,No,Yes,No,Yes,Evening,Medium,Mixed,2.9,2,Low
S04647,DSA,No,Yes,Yes,Yes,Yes,No,Yes,Afternoon,High,Notes,4.1,5,High
S04648,OS,Yes,No,No,Yes,No,No,Yes,Night,High,Notes,1.1,4,Low
S04649,CN,Yes,No,Yes,No,No,Yes,Yes,Evening,High,Videos,2.4,5,Medium
S04650,DBMS,Yes,No,No,Yes,Yes,No,Yes,Evening,Medium,Notes,3.5,5,Low
S04651,CN,No,No,No,No,No,No,No,Afternoon,Medium,Videos,3.2,4,Low
S04652,DSA,No,Yes,No,Yes,No,Yes,No,Night,High,Videos,2.2,4,Low
S04653,DBMS,Yes,Yes,Yes,Yes,Yes,No,Yes,Afternoon,High,Videos,3.9,8,High
S04654,OS,Yes,No,Yes,Yes,No,No,No,Evening,High,Mixed,3.2,8,High
S04655,DSA,Yes,Yes,No,No,Yes,No,Yes,Evening,High,Videos,2.3,2,Low
S04656,DBMS,No,Yes,No,Yes,No,No,Yes,Evening,Medium,Videos,1.6,3,Low
S04657,OS,No,No,No,Yes,Yes,No,Yes,Morning,High,Mixed,3.8,3,Low
S04658,CN,Yes,Yes,No,No,No,No,Yes,Evening,High,Notes,1.7,3,Low
S04659,CN,Yes,Yes,Yes,Yes,Yes,No,No,Afternoon,Low,Mixed,6.0,8,Medium
S04660,DSA,Yes,Yes,Yes,No,No,Yes,Yes,Morning,High,Videos,2.4,5,Low
S04661,DSA,No,No,Yes,Yes,Yes,No,No,Evening,High,Notes,4.6,8,High
S04662,DBMS,No,Yes,No,No,No,No,Yes,Evening,Medium,Videos,1.1,3,Low
S04663,ML,Yes,No,Yes,Yes,Yes,No,No,Evening,Medium,Notes,4.2,7,High
S04664,CN,Yes,Yes,Yes,No,Yes,Yes,Yes,Evening,Medium,Mixed,3.6,7,Low
S04665,CN,Yes,Yes,No,Yes,Yes,Yes,Yes,Afternoon,High,Mixed,4.6,3,Medium
S04666,DSA,Yes,Yes,Yes,Yes,Yes,No,Yes,Morning,High,Notes,3.6,5,High
S04667,OS,No,Yes,Yes,Yes,No,No,Yes,Evening,Medium,Videos,2.9,5,Medium
S04668,DSA,Yes,No,Yes,Yes,No,No,No,Night,High,Mixed,3.3,6,Medium
S04669,CN,No,Yes,No,Yes,No,No,No,Evening,High,Videos,0.7,6,Low
S04670,ML,Yes,Yes,Yes,Yes,Yes,Yes,No,Afternoon,High,Notes,4.7,6,High
S04671,DBMS,Yes,Yes,No,No,No,Yes,Yes,Afternoon,Medium,Videos,1.4,2,Low
S04672,DSA,Yes,Yes,No,No,Yes,No,No,Afternoon,High,Notes,2.5,2,Low
S04673,CN,Yes,Yes,No,Yes,No,Yes,Yes,Evening,Medium,Videos,1.9,5,Low
S04674,CN,Yes,Yes,No,No,Yes,Yes,Yes,Morning,High,Videos,2.0,2,Low
S04675,DSA,No,No,Yes,Yes,No,No,Yes,Afternoon,Low,Mixed,3.9,5,Low
S04676,DBMS,Yes,Yes,Yes,No,Yes,No,Yes,Night,Medium,Videos,3.5,5,Medium
S04677,ML,Yes,No,Yes,No,Yes,No,No,Evening,Medium,Videos,2.2,6,Low
S04678,DBMS,Yes,No,No,No,No,Yes,No,Morning,High,Videos,2.3,5,Low
S04679,OS,Yes,Yes,Yes,Yes,Yes,No,Yes,Morning,High,Mixed,4.1,7,High
S04680,CN,No,No,No,No,Yes,No,Yes,Night,High,Notes,1.9,2,Low
S04681,DSA,No,No,No,Yes,No,No,Yes,Night,High,Mixed,1.9,5,Medium
S04682,ML,Yes,No,No,No,No,Yes,Yes,Afternoon,Medium,Notes,2.0,2,Low
S04683,CN,No,No,Yes,Yes,Yes,No,Yes,Afternoon,Medium,Mixed,2.9,5,High
S04684,OS,No,No,No,No,Yes,No,Yes,Night,Low,Notes,1.1,4,Low
S04685,OS,No,Yes,Yes,No,Yes,Yes,No,Evening,Medium,Mixed,4.1,6,Medium
S04686,DSA,Yes,No,Yes,Yes,Yes,No,No,Evening,Low,Notes,4.2,5,High
S04687,OS,Yes,Yes,No,No,Yes,No,No,Evening,Medium,Videos,2.5,4,Low
S04688,ML,Yes,No,Yes,Yes,Yes,No,Yes,Night,Medium,Videos,3.7,6,High
S04689,DBMS,No,No,No,Yes,Yes,Yes,No,Evening,High,Notes,3.4,4,Medium
S04690,ML,No,No,No,No,No,Yes,No,Evening,Medium,Videos,0.9,2,Low
S04691,OS,Yes,No,No,No,No,No,Yes,Afternoon,Low,Videos,1.9,2,Low
S04692,OS,Yes,Yes,Yes,No,No,No,Yes,Afternoon,High,Mixed,1.5,7,High
S04693,CN,No,No,Yes,Yes,Yes,Yes,Yes,Evening,Medium,Videos,4.8,8,High
S04694,DBMS,No,Yes,Yes,Yes,Yes,Yes,No,Afternoon,Medium,Videos,4.8,5,High
S04695,CN,Yes,No,Yes,Yes,No,No,Yes,Afternoon,High,Notes,3.0,6,Medium
S04696,ML,No,No,Yes,Yes,Yes,No,No,Evening,High,Mixed,3.5,6,High
S04697,ML,Yes,Yes,No,No,No,No,Yes,Evening,High,Videos,2.0,2,Low
S04698,OS,Yes,No,No,No,No,Yes,Yes,Evening,High,Notes,0.6,4,Low
S04699,CN,Yes,Yes,Yes,No,No,No,Yes,Evening,High,Videos,1.9,4,High
S04700,ML,No,No,No,Yes,No,No,Yes,Night,Medium,Videos,3.3,6,Low
S04701,ML,No,No,Yes,No,Yes,No,No,Morning,High,Videos,2.9,5,Medium
S04702,DBMS,Yes,No,Yes,No,Yes,No,Yes,Evening,High,Mixed,3.3,4,High
S04703,DSA,Yes,No,Yes,Yes,Yes,No,Yes,Night,Medium,Videos,2.7,8,High
S04704,ML,Yes,Yes,No,Yes,No,Yes,Yes,Evening,High,Videos,2.8,5,Low
S04705,DSA,Yes,Yes,No,No,No,No,No,Afternoon,High,Notes,2.9,3,Low
S04706,CN,Yes,Yes,Yes,Yes,No,No,No,Evening,High,Mixed,3.5,7,High
S04707,DSA,Yes,Yes,Yes,Yes,Yes,No,No,Night,High,Notes,5.0,7,High
S04708,OS,Yes,Yes,Yes,Yes,No,No,Yes,Night,High,Notes,2.7,8,Medium
S04709,DBMS,Yes,Yes,Yes,Yes,No,No,Yes,Evening,High,Mixed,5.3,6,High
S04710,DSA,Yes,No,Yes,No,Yes,Yes,Yes,Evening,Medium,Notes,3.0,4,Low
S04711,CN,No,Yes,No,No,No,No,Yes,Night,Low,Mixed,0.6,3,Low
S04712,DBMS,Yes,No,No,No,No,Yes,No,Evening,High,Videos,0.5,4,Low
S04713,CN,Yes,No,Yes,Yes,Yes,No,Yes,Evening,Medium,Videos,4.5,8,High
S04714,ML,No,Yes,No,No,No,No,Yes,Afternoon,Medium,Notes,2.5,5,Low
S04715,DSA,Yes,No,No,Yes,No,No,No,Morning,Medium,Videos,0.7,4,Low
S04716,CN,Yes,Yes,Yes,Yes,Yes,No,No,Evening,High,Videos,4.4,7,High
S04717,OS,Yes,Yes,No,No,No,No,No,Morning,Medium,Notes,1.3,5,Low
S04718,DBMS,Yes,No,Yes,No,Yes,No,Yes,Evening,High,Videos,4.1,4,Medium
S04719,DBMS,Yes,Yes,Yes,No,No,No,No,Night,High,Notes,1.8,4,Low
S04720,CN,Yes,Yes,Yes,Yes,Yes,Yes,Yes,Evening,Medium,Mixed,4.5,5,High
S04721,ML,Yes,No,No,Yes,Yes,No,Yes,Night,Low,Videos,4.6,4,Low
S04722,ML,Yes,Yes,Yes,No,Yes,Yes,Yes,Night,Medium,Notes,2.6,6,Medium
S04723,DBMS,Yes,No,Yes,Yes,Yes,No,Yes,Evening,Low,Notes,3.1,5,High
S04724,DBMS,Yes,No,Yes,Yes,Yes,No,Yes,Morning,Low,Videos,5.6,5,High
S04725,ML,Yes,Yes,Yes,No,Yes,No,Yes,Afternoon,High,Notes,3.2,6,High
S04726,DBMS,Yes,No,Yes,Yes,No,No,Yes,Afternoon,High,Videos,3.1,7,Low
S04727,CN,No,No,Yes,Yes,Yes,No,No,Morning,Medium,Notes,3.3,5,Medium
S04728,ML,Yes,Yes,No,Yes,No,No,Yes,Evening,High,Notes,3.4,4,Low
S04729,DSA,Yes,No,Yes,Yes,No,No,Yes,Night,Medium,Mixed,3.1,7,Medium
S04730,OS,Yes,Yes,Yes,Yes,Yes,No,No,Night,High,Videos,3.7,8,Medium
S04731,DSA,Yes,No,No,Yes,Yes,No,No,Night,High,Mixed,2.4,6,Medium
S04732,OS,No,Yes,No,No,Yes,No,No,Evening,High,Videos,2.1,4,Low
S04733,OS,Yes,Yes,Yes,Yes,No,No,Yes,Night,High,Notes,3.6,7,Medium
S04734,ML,Yes,No,Yes,Yes,Yes,Yes,Yes,Night,High,Notes,5.0,7,High
S04735,DSA,No,No,Yes,No,No,No,No,Night,Medium,Videos,1.4,7,Low
S04736,OS,No,Yes,No,No,No,No,No,Evening,High,Mixed,1.1,5,Low
S04737,CN,No,No,No,No,Yes,Yes,Yes,Evening,High,Notes,3.7,5,Medium
S04738,CN,Yes,Yes,Yes,No,No,Yes,No,Evening,Medium,Mixed,2.6,5,Low
S04739,OS,Yes,Yes,Yes,Yes,No,No,Yes,Evening,Medium,Notes,3.9,5,Medium
S04740,ML,No,No,Yes,Yes,Yes,No,Yes,Morning,High,Mixed,3.6,6,High
S04741,DSA,Yes,No,Yes,No,No,Yes,Yes,Afternoon,High,Mixed,2.2,6,Medium
S04742,OS,Yes,Yes,Yes,Yes,Yes,No,Yes,Night,Low,Videos,4.7,6,Medium
S04743,OS,No,No,No,No,No,No,No,Evening,Medium,Videos,1.2,4,Low
S04744,CN,Yes,Yes,Yes,Yes,Yes,Yes,No,Afternoon,High,Mixed,4.5,8,High
S04745,OS,Yes,No,Yes,No,No,Yes,Yes,Evening,High,Videos,3.5,5,Medium
S04746,OS,Yes,No,No,No,No,Yes,Yes,Evening,Low,Notes,0.5,3,Low
S04747,DSA,Yes,Yes,Yes,Yes,Yes,No,No,Afternoon,Low,Videos,4.0,8,Medium
S04748,DSA,Yes,Yes,Yes,Yes,Yes,No,Yes,Morning,Medium,Mixed,3.8,8,Medium
S04749,ML,No,No,No,No,Yes,No,No,Evening,High,Videos,2.6,2,Low
S04750,DBMS,Yes,No,Yes,Yes,Yes,Yes,Yes,Evening,High,Notes,5.0,5,High
S04751,OS,Yes,Yes,Yes,No,No,Yes,Yes,Morning,High,Notes,2.1,7,High
S04752,DBMS,Yes,Yes,Yes,No,No,No,Yes,Morning,Medium,Mixed,3.4,6,Low
S04753,DBMS,Yes,Yes,No,Yes,Yes,No,No,Afternoon,High,Mixed,3.7,6,Medium
S04754,DBMS,Yes,No,No,Yes,Yes,No,No,Night,High,Videos,3.0,4,Medium
S04755,OS,No,No,Yes,No,Yes,Yes,No,Evening,High,Videos,3.3,4,Low
S04756,DBMS,Yes,No,Yes,Yes,No,Yes,Yes,Evening,High,Videos,3.1,8,Medium
S04757,ML,Yes,Yes,No,Yes,No,No,Yes,Night,High,Mixed,1.6,3,Medium
S04758,ML,No,No,Yes,Yes,Yes,No,No,Evening,High,Notes,4.6,8,Medium
S04759,DBMS,Yes,Yes,Yes,Yes,Yes,No,Yes,Evening,Medium,Notes,4.2,8,High
S04760,OS,No,Yes,No,No,Yes,No,Yes,Evening,High,Notes,2.4,4,Low
S04761,ML,Yes,Yes,Yes,No,No,No,Yes,Night,High,Videos,3.6,6,Low
S04762,ML,Yes,Yes,No,No,No,No,No,Morning,Medium,Notes,0.9,4,Low
S04763,DBMS,No,No,Yes,Yes,No,No,Yes,Morning,Medium,Notes,3.1,5,Medium
S04764,OS,Yes,Yes,No,No,Yes,No,Yes,Evening,Medium,Mixed,0.5,4,Low
S04765,CN,Yes,Yes,Yes,Yes,Yes,Yes,No,Evening,High,Mixed,4.3,5,High
S04766,CN,Yes,No,Yes,No,No,Yes,Yes,Night,High,Mixed,1.6,5,Low
S04767,OS,No,Yes,Yes,Yes,Yes,No,Yes,Evening,High,Videos,4.1,6,High
S04768,OS,Yes,Yes,No,No,Yes,Yes,Yes,Morning,High,Mixed,0.7,4,Low
S04769,DSA,Yes,Yes,Yes,No,Yes,Yes,Yes,Evening,Medium,Notes,3.2,4,Medium
S04770,ML,No,Yes,Yes,No,No,No,Yes,Night,Medium,Mixed,2.7,7,Medium
S04771,CN,No,Yes,No,No,No,No,Yes,Afternoon,Low,Notes,1.4,2,Low
S04772,DSA,Yes,No,Yes,Yes,Yes,Yes,Yes,Night,Medium,Videos,3.7,7,High
S04773,DSA,Yes,Yes,Yes,Yes,Yes,No,Yes,Morning,High,Notes,3.3,6,High
S04774,DBMS,Yes,Yes,Yes,No,Yes,Yes,Yes,Evening,High,Notes,4.4,4,Medium
S04775,ML,Yes,No,No,No,No,No,No,Evening,Medium,Notes,0.6,3,Low
S04776,CN,Yes,Yes,Yes,No,No,No,No,Afternoon,Medium,Mixed,4.1,5,Low
S04777,ML,Yes,No,Yes,Yes,Yes,Yes,Yes,Evening,High,Notes,3.7,6,High
S04778,CN,Yes,Yes,No,No,No,Yes,No,Night,High,Notes,2.8,4,Low
S04779,CN,Yes,No,Yes,Yes,Yes,Yes,No,Morning,Low,Mixed,4.0,5,High
S04780,DSA,No,Yes,Yes,Yes,Yes,No,Yes,Morning,Low,Notes,4.6,5,High
S04781,DSA,Yes,Yes,Yes,No,No,No,Yes,Evening,High,Notes,1.5,7,Low
S04782,OS,No,No,Yes,No,No,No,Yes,Night,High,Mixed,1.0,6,Low
S04783,OS,No,No,No,No,Yes,No,No,Evening,High,Mixed,3.3,5,Low
S04784,DBMS,Yes,No,Yes,No,Yes,No,Yes,Evening,Medium,Videos,4.5,4,High
S04785,DBMS,No,Yes,No,Yes,No,No,Yes,Afternoon,High,Notes,1.6,5,Medium
S04786,ML,No,Yes,No,No,No,No,Yes,Evening,High,Videos,3.1,5,Low
S04787,DSA,Yes,No,Yes,No,No,No,Yes,Morning,Medium,Mixed,0.8,7,Low
S04788,CN,No,No,Yes,Yes,Yes,No,Yes,Evening,Low,Notes,3.9,8,High
S04789,CN,Yes,Yes,Yes,Yes,Yes,No,No,Night,High,Notes,3.4,8,High
S04790,OS,No,No,No,No,No,No,Yes,Night,High,Notes,1.4,3,Low
S04791,DBMS,Yes,No,No,Yes,Yes,No,Yes,Evening,Medium,Notes,4.1,4,Medium
S04792,CN,Yes,No,No,No,Yes,No,No,Evening,Medium,Mixed,0.6,4,Low
S04793,CN,Yes,No,No,No,No,Yes,No,Evening,Medium,Mixed,1.7,3,Low
S04794,ML,No,No,No,No,Yes,Yes,No,Night,High,Mixed,0.7,4,Low
S04795,CN,Yes,Yes,No,Yes,Yes,No,No,Night,High,Mixed,2.1,4,Low
S04796,DSA,Yes,No,Yes,Yes,Yes,No,Yes,Evening,High,Mixed,4.3,6,High
S04797,ML,Yes,Yes,Yes,Yes,Yes,Yes,Yes,Night,Medium,Videos,3.9,7,High
S04798,CN,Yes,Yes,Yes,No,No,Yes,No,Night,High,Videos,2.7,5,Medium
S04799,DSA,No,No,Yes,Yes,Yes,Yes,Yes,Evening,High,Videos,2.7,7,High
S04800,DSA,No,No,Yes,Yes,No,No,Yes,Night,High,Notes,4.4,8,High
S04801,OS,Yes,Yes,Yes,No,Yes,No,No,Night,Low,Videos,2.4,5,Low
S04802,ML,Yes,No,Yes,Yes,Yes,Yes,Yes,Evening,Medium,Notes,4.8,7,High
S04803,DSA,Yes,Yes,No,No,Yes,No,Yes,Afternoon,Medium,Notes,2.0,4,Low
S04804,DBMS,Yes,Yes,Yes,No,Yes,No,Yes,Evening,Medium,Notes,3.9,4,High
S04805,ML,No,No,Yes,No,No,No,Yes,Morning,High,Mixed,4.1,4,Low
S04806,DBMS,No,No,No,No,No,No,Yes,Afternoon,High,Mixed,1.4,5,Low
S04807,DBMS,Yes,Yes,Yes,No,Yes,No,Yes,Evening,High,Mixed,4.8,6,Medium
S04808,DSA,Yes,Yes,Yes,Yes,No,No,Yes,Night,High,Mixed,3.9,7,High
S04809,CN,Yes,No,Yes,Yes,No,No,No,Evening,Medium,Videos,3.5,6,Medium
S04810,DSA,Yes,Yes,Yes,Yes,Yes,Yes,Yes,Evening,High,Notes,2.8,8,High
S04811,CN,Yes,No,No,Yes,No,No,Yes,Night,Medium,Mixed,1.8,6,Low
S04812,ML,No,Yes,Yes,No,No,No,No,Morning,Medium,Mixed,2.8,4,Low
S04813,DBMS,Yes,No,No,Yes,No,No,Yes,Evening,High,Mixed,2.0,6,Low
S04814,CN,No,Yes,Yes,Yes,Yes,No,No,Evening,High,Mixed,4.3,6,Medium
S04815,ML,Yes,Yes,No,No,Yes,No,No,Evening,Medium,Videos,2.4,5,Low
S04816,ML,Yes,Yes,Yes,Yes,No,No,Yes,Night,High,Mixed,2.3,6,High
S04817,DSA,Yes,No,Yes,Yes,No,Yes,Yes,Evening,High,Videos,2.9,6,Medium
S04818,DBMS,Yes,No,Yes,No,No,Yes,Yes,Morning,High,Mixed,3.7,4,Low
S04819,ML,Yes,Yes,Yes,Yes,No,No,No,Evening,High,Videos,2.8,7,Medium
S04820,DBMS,Yes,Yes,No,No,No,No,No,Evening,High,Mixed,0.5,2,Low
S04821,OS,No,Yes,No,Yes,Yes,No,Yes,Night,High,Mixed,2.1,6,Low
S04822,CN,Yes,No,Yes,No,Yes,Yes,No,Night,High,Videos,3.8,7,Medium
S04823,OS,No,Yes,No,No,Yes,No,Yes,Morning,High,Videos,1.6,3,Low
S04824,CN,No,No,Yes,No,Yes,No,Yes,Evening,Medium,Mixed,1.9,4,Medium
S04825,OS,Yes,Yes,No,Yes,No,No,Yes,Morning,Low,Notes,2.0,6,Low
S04826,ML,Yes,No,Yes,No,Yes,Yes,Yes,Night,Low,Notes,3.6,4,Low
S04827,DSA,Yes,No,Yes,Yes,Yes,No,Yes,Morning,Medium,Notes,3.2,8,High
S04828,DBMS,Yes,Yes,Yes,Yes,Yes,No,Yes,Evening,High,Videos,4.3,8,High
S04829,OS,No,Yes,Yes,Yes,Yes,No,Yes,Afternoon,Low,Mixed,4.2,8,High
S04830,OS,No,No,No,Yes,No,Yes,Yes,Evening,High,Mixed,2.5,6,Low
S04831,CN,Yes,Yes,Yes,Yes,Yes,No,No,Night,High,Videos,3.1,7,High
S04832,OS,Yes,No,Yes,Yes,Yes,Yes,No,Morning,Medium,Notes,2.9,8,High
S04833,OS,No,No,No,Yes,No,Yes,Yes,Afternoon,High,Mixed,3.3,4,Low
S04834,CN,No,Yes,Yes,Yes,Yes,No,Yes,Night,High,Videos,4.5,7,High
S04835,DBMS,Yes,No,Yes,No,Yes,No,No,Afternoon,Medium,Mixed,3.4,6,Medium
S04836,ML,No,Yes,No,No,No,No,No,Afternoon,Medium,Videos,1.8,3,Low
S04837,CN,Yes,No,Yes,No,Yes,No,Yes,Afternoon,High,Mixed,3.8,4,Low
S04838,ML,Yes,Yes,No,Yes,No,No,Yes,Evening,Medium,Videos,1.8,4,Low
S04839,ML,Yes,Yes,Yes,Yes,No,No,No,Night,High,Videos,4.2,5,Low
S04840,CN,Yes,Yes,Yes,No,Yes,No,Yes,Evening,Medium,Notes,2.8,5,Medium
S04841,OS,No,Yes,No,Yes,Yes,No,Yes,Night,High,Videos,2.7,6,High
S04842,DBMS,Yes,Yes,Yes,No,No,No,No,Morning,High,Mixed,3.9,4,Medium
S04843,OS,Yes,Yes,Yes,No,No,No,Yes,Night,High,Mixed,3.1,7,Medium
S04844,DBMS,Yes,No,Yes,Yes,Yes,No,No,Afternoon,Low,Videos,3.3,8,High
S04845,CN,Yes,Yes,No,No,No,No,Yes,Morning,Medium,Videos,2.0,4,Low
S04846,CN,Yes,Yes,Yes,No,No,Yes,No,Evening,Medium,Notes,2.2,6,Low
S04847,DBMS,Yes,Yes,No,No,Yes,No,No,Afternoon,High,Mixed,2.1,3,Low
S04848,DBMS,No,Yes,Yes,Yes,No,No,Yes,Morning,Medium,Mixed,3.6,7,Medium
S04849,CN,Yes,Yes,No,Yes,No,No,No,Evening,Medium,Notes,0.8,4,Low
S04850,CN,No,Yes,Yes,Yes,Yes,No,Yes,Morning,High,Videos,3.5,5,High
S04851,DSA,Yes,No,No,Yes,No,No,Yes,Evening,High,Mixed,2.0,3,Low
S04852,ML,No,No,No,Yes,No,No,No,Night,High,Videos,2.4,3,Low
S04853,ML,No,No,Yes,No,No,No,No,Morning,Medium,Mixed,1.3,6,Low
S04854,CN,Yes,Yes,Yes,Yes,Yes,Yes,Yes,Evening,High,Videos,2.5,7,High
S04855,CN,Yes,No,No,No,No,Yes,No,Evening,Medium,Mixed,1.6,4,Low
S04856,CN,No,No,No,No,No,Yes,Yes,Evening,High,Videos,2.6,3,Low
S04857,ML,Yes,No,No,Yes,Yes,No,No,Evening,High,Notes,3.2,6,Low
S04858,CN,No,Yes,Yes,Yes,Yes,No,Yes,Morning,Medium,Mixed,6.2,8,High
S04859,CN,Yes,Yes,Yes,Yes,Yes,Yes,No,Evening,High,Videos,3.8,7,High
S04860,CN,Yes,Yes,Yes,Yes,Yes,Yes,Yes,Evening,Low,Mixed,3.8,8,High
S04861,DBMS,Yes,Yes,Yes,Yes,No,No,No,Evening,High,Notes,2.6,5,Medium
S04862,OS,No,No,Yes,No,No,Yes,No,Morning,High,Notes,3.8,6,Low
S04863,DSA,Yes,Yes,No,Yes,Yes,No,No,Morning,Low,Mixed,2.3,5,Low
S04864,ML,No,Yes,No,Yes,No,No,Yes,Evening,Medium,Mixed,2.4,6,Low
S04865,DBMS,No,Yes,Yes,Yes,Yes,No,Yes,Morning,Medium,Mixed,1.8,5,Medium
S04866,DSA,Yes,Yes,No,Yes,No,Yes,No,Afternoon,Medium,Mixed,3.5,5,Low
S04867,CN,Yes,Yes,Yes,No,No,No,Yes,Evening,High,Mixed,3.2,4,Low
S04868,CN,Yes,Yes,Yes,No,Yes,Yes,Yes,Evening,Medium,Videos,2.9,4,High
S04869,CN,Yes,Yes,Yes,Yes,Yes,No,No,Morning,High,Videos,3.7,7,Medium
S04870,DSA,No,Yes,Yes,Yes,Yes,No,Yes,Evening,High,Mixed,4.2,6,High
S04871,CN,Yes,Yes,Yes,No,No,No,No,Evening,High,Mixed,4.3,6,Low
S04872,CN,Yes,No,No,No,No,No,Yes,Afternoon,Medium,Notes,1.1,4,Low
S04873,OS,No,No,No,No,No,No,No,Evening,High,Videos,1.8,5,Low
S04874,CN,Yes,No,Yes,Yes,Yes,No,Yes,Evening,High,Videos,2.8,5,High
S04875,DSA,Yes,Yes,No,No,No,Yes,No,Night,Medium,Notes,2.4,4,Low
S04876,OS,Yes,No,No,Yes,No,No,No,Night,Low,Notes,3.4,5,Low
S04877,ML,Yes,No,Yes,Yes,Yes,No,Yes,Evening,High,Notes,3.1,8,High
S04878,OS,No,No,No,No,Yes,Yes,No,Afternoon,High,Videos,1.8,4,Low
S04879,ML,Yes,Yes,No,Yes,Yes,No,Yes,Night,High,Notes,4.1,3,High
S04880,DBMS,Yes,No,Yes,No,No,Yes,Yes,Afternoon,High,Videos,2.7,4,Medium
S04881,DBMS,Yes,Yes,Yes,No,No,No,No,Afternoon,High,Videos,1.2,6,Low
S04882,DBMS,Yes,No,No,No,No,No,No,Afternoon,Medium,Videos,2.5,5,Low
S04883,OS,Yes,Yes,No,No,No,No,No,Morning,Medium,Videos,1.2,3,Low
S04884,DSA,Yes,Yes,No,Yes,No,No,No,Evening,High,Notes,1.3,3,Low
S04885,DSA,No,No,No,No,No,Yes,No,Night,High,Videos,2.1,4,Low
S04886,DBMS,No,No,Yes,No,No,No,No,Morning,High,Notes,4.6,4,Medium
S04887,DSA,Yes,No,No,Yes,Yes,No,No,Morning,High,Videos,3.0,5,Low
S04888,OS,No,No,No,No,Yes,Yes,Yes,Morning,Low,Notes,1.9,2,Low
S04889,DSA,Yes,No,Yes,No,No,No,Yes,Afternoon,Low,Videos,1.0,4,Low
S04890,DBMS,No,Yes,Yes,No,Yes,Yes,Yes,Evening,High,Notes,1.9,4,High
S04891,DBMS,Yes,No,Yes,Yes,No,No,Yes,Morning,High,Videos,1.4,6,High
S04892,DSA,Yes,Yes,No,No,No,No,No,Evening,Low,Mixed,0.7,4,Low
S04893,OS,Yes,Yes,No,Yes,No,No,No,Evening,High,Videos,1.6,4,Low
S04894,ML,Yes,No,No,Yes,Yes,No,Yes,Afternoon,High,Videos,2.1,6,High
S04895,ML,No,Yes,Yes,Yes,Yes,Yes,No,Morning,Medium,Mixed,3.7,6,High
S04896,ML,Yes,No,Yes,No,No,No,Yes,Night,High,Mixed,2.4,6,Low
S04897,ML,Yes,Yes,Yes,Yes,No,Yes,No,Afternoon,Medium,Mixed,2.3,8,Medium
S04898,ML,Yes,Yes,No,No,No,No,No,Night,High,Videos,1.4,3,Low
S04899,DBMS,No,Yes,No,Yes,No,No,No,Night,Medium,Mixed,2.9,5,Low
S04900,DSA,No,No,No,Yes,No,No,Yes,Night,High,Notes,3.2,6,Low
S04901,ML,Yes,No,Yes,Yes,Yes,No,Yes,Evening,High,Mixed,4.3,7,High
S04902,DSA,Yes,Yes,Yes,Yes,Yes,Yes,Yes,Evening,High,Mixed,5.1,6,High
S04903,CN,Yes,Yes,Yes,Yes,No,No,Yes,Afternoon,High,Videos,2.0,6,High
S04904,DBMS,No,Yes,No,Yes,No,No,Yes,Morning,High,Videos,0.5,5,Medium
S04905,CN,No,Yes,Yes,Yes,Yes,Yes,Yes,Evening,High,Videos,4.4,6,High
S04906,DSA,Yes,No,No,No,No,Yes,No,Morning,High,Notes,2.9,5,Low
S04907,OS,No,No,Yes,Yes,No,No,Yes,Night,High,Notes,1.9,7,High
S04908,CN,Yes,Yes,Yes,No,Yes,No,Yes,Evening,High,Mixed,2.9,7,High
S04909,ML,No,Yes,Yes,Yes,Yes,No,Yes,Morning,Medium,Mixed,3.5,5,Medium
S04910,CN,Yes,No,Yes,Yes,No,No,No,Evening,Medium,Videos,4.8,6,Low
S04911,OS,Yes,Yes,Yes,Yes,Yes,No,No,Evening,Medium,Mixed,4.3,5,High
S04912,DBMS,Yes,Yes,Yes,Yes,Yes,No,Yes,Evening,High,Mixed,3.7,6,High
S04913,ML,Yes,No,Yes,Yes,No,Yes,Yes,Evening,High,Videos,4.3,7,Medium
S04914,CN,No,Yes,No,No,No,Yes,Yes,Night,High,Mixed,1.7,3,Low
S04915,DBMS,Yes,Yes,Yes,Yes,Yes,Yes,Yes,Morning,Medium,Mixed,3.2,8,High
S04916,DBMS,No,Yes,No,Yes,Yes,No,Yes,Morning,High,Notes,3.9,5,High
S04917,DSA,No,No,No,Yes,No,No,Yes,Morning,Low,Videos,0.9,5,Low
S04918,CN,No,Yes,Yes,Yes,Yes,Yes,Yes,Afternoon,High,Mixed,3.7,5,High
S04919,ML,No,No,Yes,Yes,Yes,No,Yes,Night,High,Videos,3.6,7,High
S04920,DBMS,Yes,Yes,Yes,Yes,No,No,Yes,Evening,High,Notes,5.5,8,High
S04921,DSA,Yes,Yes,Yes,Yes,No,Yes,Yes,Morning,High,Mixed,1.9,8,High
S04922,OS,Yes,No,Yes,No,Yes,No,Yes,Night,High,Mixed,2.1,6,Low
S04923,ML,Yes,Yes,Yes,Yes,No,No,No,Morning,High,Notes,4.1,7,Medium
S04924,ML,No,Yes,Yes,Yes,Yes,No,Yes,Afternoon,High,Notes,3.2,7,High
S04925,ML,Yes,Yes,No,No,Yes,No,Yes,Night,High,Mixed,2.4,5,Low
S04926,CN,Yes,No,No,Yes,No,No,Yes,Afternoon,High,Notes,2.0,3,Low
S04927,OS,Yes,Yes,Yes,No,No,No,Yes,Afternoon,Medium,Videos,1.8,6,Medium
S04928,DSA,Yes,No,Yes,No,No,No,Yes,Afternoon,Medium,Mixed,2.6,4,Low
S04929,ML,No,Yes,Yes,Yes,Yes,No,Yes,Morning,Medium,Videos,4.4,5,High
S04930,DBMS,Yes,Yes,Yes,Yes,Yes,No,Yes,Morning,Low,Videos,3.1,6,High
S04931,DBMS,No,Yes,No,Yes,Yes,No,Yes,Night,High,Videos,1.8,6,Medium
S04932,DBMS,No,Yes,No,No,No,Yes,No,Evening,Medium,Notes,1.2,2,Low
S04933,OS,No,No,Yes,Yes,No,No,Yes,Evening,Medium,Videos,2.8,5,Medium
S04934,OS,Yes,Yes,No,No,No,Yes,Yes,Night,High,Mixed,2.0,5,Low
S04935,ML,No,No,No,Yes,No,No,No,Afternoon,Medium,Notes,2.4,3,Low
S04936,DBMS,Yes,Yes,Yes,No,Yes,No,Yes,Afternoon,Low,Mixed,3.4,5,Low
S04937,OS,Yes,Yes,No,No,No,No,No,Night,High,Videos,1.5,3,Low
S04938,DSA,No,Yes,No,Yes,Yes,Yes,No,Afternoon,Medium,Videos,2.4,6,Medium
S04939,DBMS,No,No,No,No,No,Yes,Yes,Night,Low,Mixed,2.8,3,Low
S04940,ML,Yes,Yes,Yes,Yes,No,No,Yes,Afternoon,High,Mixed,3.5,5,High
S04941,ML,No,No,No,No,No,No,No,Night,High,Videos,0.5,2,Low
S04942,ML,Yes,No,Yes,Yes,Yes,No,No,Afternoon,Low,Mixed,4.3,8,Medium
S04943,DSA,Yes,No,Yes,Yes,No,No,Yes,Afternoon,High,Mixed,2.0,8,Low
S04944,DBMS,No,Yes,Yes,No,Yes,No,No,Evening,Medium,Videos,3.5,5,Medium
S04945,ML,Yes,No,Yes,No,Yes,No,Yes,Afternoon,Low,Notes,4.3,7,Low
S04946,OS,No,Yes,Yes,No,Yes,No,Yes,Morning,Medium,Notes,3.2,4,Medium
S04947,OS,Yes,Yes,Yes,No,Yes,No,Yes,Afternoon,High,Mixed,5.0,6,High
S04948,CN,No,No,No,Yes,No,No,No,Evening,Medium,Notes,1.1,4,Low
S04949,CN,No,No,No,Yes,Yes,No,Yes,Morning,Low,Videos,3.7,5,Low
S04950,DBMS,No,Yes,Yes,No,No,No,No,Night,High,Notes,2.2,6,Low
S04951,CN,Yes,No,Yes,No,Yes,Yes,Yes,Afternoon,High,Videos,2.1,7,Medium
S04952,ML,No,No,No,No,No,No,Yes,Morning,Medium,Notes,2.9,2,Low
S04953,OS,Yes,Yes,Yes,Yes,Yes,No,Yes,Evening,Medium,Videos,3.7,7,High
S04954,DBMS,No,Yes,No,Yes,Yes,No,No,Night,Medium,Mixed,2.9,3,Low
S04955,ML,Yes,No,Yes,Yes,Yes,No,Yes,Evening,High,Videos,3.9,8,High
S04956,DBMS,Yes,Yes,Yes,Yes,Yes,No,No,Evening,High,Mixed,6.2,7,High
S04957,CN,No,Yes,Yes,Yes,Yes,No,Yes,Evening,High,Mixed,4.5,8,High
S04958,DSA,Yes,Yes,Yes,Yes,No,No,Yes,Morning,Low,Mixed,4.4,7,Low
S04959,ML,Yes,No,Yes,Yes,Yes,No,No,Afternoon,Medium,Videos,3.1,8,High
S04960,DSA,No,Yes,Yes,Yes,No,Yes,No,Evening,Medium,Notes,2.5,6,Medium
S04961,ML,Yes,Yes,Yes,Yes,Yes,Yes,Yes,Night,Low,Mixed,3.3,7,Medium
S04962,OS,Yes,Yes,Yes,No,No,No,Yes,Evening,Medium,Mixed,2.1,5,Low
S04963,OS,Yes,Yes,No,No,Yes,No,Yes,Morning,Medium,Videos,1.2,3,Low
S04964,ML,Yes,No,Yes,Yes,No,No,Yes,Afternoon,High,Videos,3.0,8,High
S04965,DBMS,Yes,Yes,No,No,Yes,No,No,Night,High,Videos,3.2,3,Low
S04966,DSA,Yes,No,No,No,No,No,Yes,Night,Low,Notes,1.6,2,Low
S04967,CN,Yes,No,Yes,No,Yes,No,No,Evening,Low,Videos,1.3,7,Low
S04968,DSA,Yes,Yes,No,No,No,No,No,Evening,High,Mixed,2.8,5,Low
S04969,DSA,Yes,No,No,Yes,Yes,No,No,Evening,High,Mixed,1.5,4,Low
S04970,OS,No,No,Yes,Yes,Yes,No,Yes,Night,Low,Videos,5.0,5,Medium
S04971,CN,No,No,No,No,Yes,No,Yes,Evening,High,Mixed,2.0,5,Low
S04972,OS,Yes,No,Yes,No,Yes,Yes,Yes,Night,High,Videos,5.5,6,Medium
S04973,ML,Yes,Yes,No,No,No,No,Yes,Night,High,Videos,3.0,4,Low
S04974,DBMS,No,No,Yes,Yes,Yes,No,No,Afternoon,High,Notes,4.5,6,High
S04975,DSA,Yes,Yes,Yes,Yes,Yes,No,No,Evening,High,Mixed,3.9,5,High
S04976,DSA,Yes,No,No,No,No,No,Yes,Evening,Medium,Videos,2.8,4,Low
S04977,DSA,Yes,Yes,Yes,Yes,Yes,Yes,No,Afternoon,High,Notes,4.0,5,High
S04978,ML,Yes,No,Yes,Yes,No,No,No,Afternoon,Medium,Mixed,3.8,6,Medium
S04979,DBMS,No,No,No,Yes,No,Yes,Yes,Afternoon,Medium,Notes,2.5,4,Low
S04980,CN,No,No,No,No,Yes,No,Yes,Night,Low,Notes,1.5,5,Low
S04981,CN,No,Yes,Yes,Yes,No,Yes,No,Evening,High,Videos,3.6,5,High
S04982,ML,Yes,No,Yes,No,Yes,Yes,No,Evening,Low,Videos,2.4,4,Low
S04983,OS,Yes,No,Yes,No,Yes,Yes,No,Evening,Medium,Videos,3.8,5,Low
S04984,CN,Yes,No,Yes,Yes,No,No,Yes,Evening,Low,Videos,3.3,7,Medium
S04985,DBMS,Yes,No,No,No,No,Yes,Yes,Night,High,Mixed,1.0,4,Low
S04986,OS,Yes,No,Yes,No,Yes,No,No,Afternoon,High,Notes,2.5,6,Medium
S04987,DSA,No,No,No,No,No,No,Yes,Night,Medium,Videos,3.0,4,Low
S04988,OS,Yes,Yes,No,Yes,No,Yes,No,Afternoon,High,Notes,1.3,3,Low
S04989,DBMS,No,Yes,Yes,Yes,Yes,No,Yes,Night,Medium,Videos,4.2,5,High
S04990,OS,Yes,No,Yes,No,No,No,Yes,Evening,High,Notes,1.4,4,Low
S04991,ML,Yes,No,No,No,No,Yes,No,Evening,Medium,Notes,1.9,4,Low
S04992,DSA,No,Yes,No,No,Yes,Yes,Yes,Afternoon,High,Videos,1.8,5,Low
S04993,ML,No,Yes,Yes,Yes,Yes,No,Yes,Night,High,Mixed,4.0,5,High
S04994,DBMS,Yes,Yes,Yes,Yes,Yes,No,Yes,Afternoon,Medium,Videos,3.5,6,High
S04995,DSA,Yes,No,Yes,Yes,No,No,Yes,Night,High,Videos,1.4,8,High
S04996,ML,Yes,No,Yes,No,Yes,No,Yes,Morning,Low,Mixed,3.4,5,Low
S04997,DSA,Yes,No,Yes,No,No,No,Yes,Evening,High,Mixed,2.7,7,Low
S04998,ML,Yes,Yes,Yes,Yes,No,No,No,Morning,Medium,Videos,2.3,6,Low
S04999,CN,Yes,Yes,Yes,Yes,Yes,No,Yes,Morning,Medium,Videos,4.0,6,Medium
S05000,OS,Yes,No,Yes,Yes,Yes,No,Yes,Evening,Medium,Mixed,4.2,5,High
S05001,DSA,Yes,Yes,No,Yes,No,Yes,Yes,Night,High,Videos,2.6,6,Medium
S05002,CN,No,Yes,No,Yes,No,Yes,No,Evening,Medium,Mixed,2.4,6,Low
S05003,OS,No,Yes,No,Yes,Yes,No,Yes,Evening,High,Notes,2.3,3,Medium
S05004,CN,Yes,No,Yes,No,Yes,No,Yes,Morning,High,Mixed,3.8,5,Medium
S05005,ML,Yes,Yes,Yes,Yes,Yes,No,Yes,Night,High,Notes,4.2,8,High
S05006,ML,Yes,Yes,Yes,No,Yes,No,No,Afternoon,Medium,Notes,1.4,6,Medium
S05007,CN,No,Yes,Yes,No,No,No,Yes,Evening,High,Videos,2.1,7,Medium
S05008,DSA,No,No,No,Yes,Yes,No,Yes,Night,Medium,Mixed,3.5,3,Medium
S05009,CN,No,Yes,No,No,No,No,Yes,Morning,High,Notes,3.0,2,Low
S05010,CN,Yes,Yes,Yes,Yes,Yes,Yes,No,Afternoon,Medium,Videos,4.1,8,High
S05011,ML,Yes,Yes,Yes,Yes,No,No,Yes,Night,High,Videos,2.1,8,Medium
S05012,OS,Yes,Yes,Yes,Yes,No,No,No,Morning,Medium,Notes,1.8,6,Low
S05013,OS,Yes,No,No,Yes,Yes,Yes,Yes,Evening,High,Videos,3.0,3,High
S05014,DSA,No,No,Yes,No,No,No,Yes,Night,Low,Notes,2.3,6,Low
S05015,OS,Yes,Yes,Yes,No,No,No,No,Morning,High,Mixed,2.8,5,Low
S05016,ML,Yes,No,Yes,No,No,Yes,Yes,Evening,High,Videos,1.5,7,Medium
S05017,DSA,Yes,Yes,No,No,No,Yes,Yes,Evening,Medium,Notes,1.7,4,Low
S05018,CN,Yes,No,Yes,No,No,Yes,No,Afternoon,High,Notes,2.4,6,Low
S05019,OS,Yes,Yes,Yes,No,Yes,No,Yes,Morning,Medium,Videos,2.3,7,Medium
S05020,DBMS,Yes,Yes,No,No,Yes,Yes,Yes,Night,Medium,Notes,3.5,4,Medium
S05021,DBMS,No,No,No,No,No,Yes,Yes,Afternoon,High,Mixed,2.3,2,Low
S05022,DSA,No,No,No,Yes,No,Yes,No,Night,High,Mixed,2.2,3,Low
S05023,DBMS,No,No,No,No,Yes,No,No,Night,High,Videos,0.9,5,Low
S05024,OS,No,No,Yes,Yes,Yes,No,Yes,Morning,High,Mixed,4.3,7,High
S05025,OS,No,No,No,Yes,No,No,No,Afternoon,High,Mixed,1.7,5,Low
S05026,ML,Yes,No,Yes,No,No,Yes,Yes,Evening,Medium,Videos,3.1,5,Medium
S05027,ML,Yes,Yes,No,No,No,No,No,Evening,High,Videos,1.9,4,Low
S05028,ML,Yes,Yes,No,No,Yes,No,No,Evening,High,Videos,1.2,3,Low
S05029,DBMS,Yes,No,Yes,Yes,Yes,Yes,Yes,Evening,High,Mixed,3.9,7,High
S05030,ML,Yes,No,Yes,Yes,Yes,No,Yes,Night,High,Videos,4.8,5,High
S05031,OS,Yes,No,No,Yes,No,No,Yes,Night,High,Mixed,0.9,3,Medium
S05032,DSA,No,Yes,Yes,No,Yes,Yes,No,Evening,High,Mixed,3.4,4,High
S05033,DSA,Yes,Yes,No,No,No,No,No,Afternoon,High,Mixed,3.0,3,Low
S05034,ML,Yes,Yes,Yes,No,Yes,No,Yes,Morning,Low,Videos,2.1,5,Low
S05035,CN,Yes,No,Yes,No,No,No,Yes,Evening,Medium,Notes,0.9,5,Low
S05036,CN,Yes,Yes,No,Yes,Yes,No,No,Morning,Medium,Videos,5.3,4,Medium
S05037,DSA,No,No,No,Yes,No,No,No,Morning,Medium,Videos,0.5,3,Low
S05038,CN,Yes,Yes,No,No,No,No,Yes,Morning,High,Videos,1.4,2,Low
S05039,OS,No,Yes,Yes,Yes,No,Yes,Yes,Night,Medium,Mixed,4.4,5,Medium
S05040,DBMS,No,No,Yes,Yes,Yes,No,No,Evening,Medium,Mixed,5.1,8,High
S05041,OS,Yes,Yes,Yes,Yes,No,No,Yes,Night,Medium,Mixed,3.6,5,Medium
S05042,OS,Yes,No,Yes,Yes,Yes,Yes,Yes,Morning,Low,Mixed,5.3,8,High
S05043,CN,Yes,Yes,No,No,Yes,No,Yes,Evening,High,Videos,1.9,3,Medium
S05044,CN,Yes,Yes,Yes,Yes,No,No,Yes,Evening,High,Mixed,2.9,5,Low
S05045,DSA,Yes,No,Yes,Yes,Yes,No,No,Night,Low,Videos,4.0,8,Medium
S05046,DSA,No,No,No,No,No,No,Yes,Evening,High,Mixed,1.9,5,Low
S05047,OS,Yes,Yes,Yes,Yes,No,Yes,No,Morning,High,Videos,3.7,8,Medium
S05048,CN,No,Yes,Yes,No,Yes,No,Yes,Evening,High,Notes,2.2,4,Medium
S05049,ML,Yes,No,No,No,No,No,Yes,Afternoon,Medium,Mixed,1.6,2,Low
S05050,CN,No,No,No,Yes,No,No,Yes,Afternoon,Medium,Notes,1.3,3,Low
S05051,CN,Yes,No,Yes,Yes,Yes,No,Yes,Night,Low,Notes,3.8,6,High
S05052,OS,Yes,No,No,Yes,No,Yes,Yes,Evening,High,Mixed,2.8,3,Medium
S05053,DSA,Yes,Yes,Yes,Yes,Yes,No,Yes,Evening,High,Videos,4.4,6,High
S05054,ML,Yes,No,Yes,Yes,No,No,No,Night,High,Mixed,5.1,7,Medium
S05055,DSA,No,No,Yes,Yes,No,Yes,No,Night,High,Videos,2.8,6,High
S05056,ML,Yes,No,No,Yes,Yes,No,Yes,Evening,High,Videos,3.8,4,Medium
S05057,OS,Yes,No,Yes,No,No,No,Yes,Night,High,Mixed,4.3,7,Low
S05058,ML,Yes,No,No,Yes,No,No,Yes,Evening,Medium,Notes,4.4,6,Low
S05059,DSA,Yes,No,Yes,Yes,No,No,No,Night,High,Mixed,4.2,7,High
S05060,ML,Yes,Yes,Yes,Yes,Yes,No,No,Evening,Medium,Mixed,2.6,7,High
S05061,DBMS,Yes,Yes,No,No,No,Yes,Yes,Night,Low,Mixed,0.6,5,Low
S05062,CN,Yes,No,No,Yes,Yes,No,No,Night,High,Notes,2.1,3,Low
S05063,OS,Yes,Yes,Yes,Yes,Yes,Yes,Yes,Afternoon,High,Mixed,4.0,6,High
S05064,ML,Yes,Yes,Yes,No,Yes,Yes,No,Night,High,Videos,4.8,7,Medium
S05065,ML,No,No,No,No,No,Yes,No,Evening,Medium,Notes,1.4,4,Low
S05066,DBMS,Yes,No,Yes,No,No,No,Yes,Night,High,Notes,1.8,7,Medium
S05067,DBMS,No,No,Yes,No,Yes,No,No,Evening,Medium,Videos,4.2,4,Low
S05068,ML,Yes,No,Yes,Yes,Yes,No,Yes,Night,Medium,Mixed,3.5,6,High
S05069,DSA,Yes,Yes,No,Yes,Yes,No,Yes,Evening,Medium,Videos,3.8,3,Low
S05070,DBMS,Yes,Yes,Yes,Yes,Yes,No,No,Evening,High,Mixed,3.6,6,High
S05071,ML,Yes,Yes,Yes,No,Yes,No,Yes,Night,Medium,Notes,3.9,5,High
S05072,DSA,Yes,No,Yes,No,No,No,Yes,Night,Low,Mixed,2.7,6,Low
S05073,OS,Yes,Yes,Yes,No,Yes,No,Yes,Evening,Medium,Notes,2.8,4,Medium
S05074,ML,Yes,No,Yes,Yes,No,No,Yes,Night,High,Mixed,2.0,7,Medium
S05075,DSA,No,No,Yes,No,Yes,Yes,Yes,Afternoon,Medium,Notes,3.1,7,Medium
S05076,ML,Yes,No,Yes,No,No,Yes,No,Evening,High,Notes,1.4,7,Low
S05077,ML,Yes,No,Yes,Yes,Yes,No,Yes,Night,Low,Mixed,4.2,5,Medium
S05078,DBMS,Yes,No,Yes,Yes,Yes,No,Yes,Morning,High,Mixed,4.7,7,High
S05079,ML,Yes,No,No,Yes,No,Yes,No,Night,Medium,Mixed,2.8,5,Low
S05080,DBMS,No,Yes,No,Yes,Yes,No,Yes,Night,Medium,Mixed,2.9,3,Medium
S05081,OS,Yes,Yes,Yes,No,No,No,Yes,Afternoon,Medium,Videos,2.4,5,Low
S05082,DSA,Yes,Yes,Yes,Yes,No,No,Yes,Night,Medium,Mixed,4.0,6,Low
S05083,CN,Yes,Yes,Yes,No,Yes,Yes,Yes,Evening,High,Notes,2.6,7,High
S05084,DSA,Yes,No,No,Yes,Yes,No,Yes,Evening,Medium,Videos,3.1,4,Medium
S05085,CN,No,Yes,No,Yes,No,No,No,Evening,High,Notes,1.1,6,Low
S05086,DBMS,Yes,No,No,No,No,Yes,Yes,Afternoon,Medium,Notes,0.8,3,Low
S05087,ML,No,Yes,Yes,Yes,No,Yes,Yes,Evening,Low,Notes,3.5,7,Low
S05088,DSA,Yes,No,No,No,No,No,No,Evening,Low,Videos,0.5,2,Low
S05089,OS,No,Yes,Yes,No,No,No,Yes,Night,Medium,Mixed,2.7,7,Low
S05090,DSA,Yes,Yes,Yes,No,No,Yes,No,Night,High,Videos,3.1,6,Medium
S05091,DSA,Yes,Yes,Yes,Yes,Yes,No,No,Evening,High,Videos,3.3,8,High
S05092,DBMS,No,No,Yes,No,No,No,Yes,Night,High,Mixed,2.8,5,Medium
S05093,ML,Yes,Yes,Yes,Yes,No,No,Yes,Night,Medium,Mixed,2.1,7,Medium
S05094,ML,Yes,No,Yes,No,No,Yes,Yes,Evening,Medium,Videos,2.9,6,Low
S05095,CN,No,No,No,No,No,No,Yes,Night,High,Notes,1.1,5,Low
S05096,ML,Yes,No,No,Yes,Yes,No,No,Evening,High,Videos,2.0,6,Low
S05097,DSA,No,No,No,No,Yes,No,No,Afternoon,Low,Mixed,1.8,2,Low
S05098,DBMS,No,No,Yes,No,Yes,No,Yes,Evening,High,Notes,2.0,4,Low
S05099,DBMS,No,No,Yes,Yes,No,Yes,No,Evening,High,Videos,4.0,5,Medium
S05100,ML,No,Yes,No,No,No,Yes,Yes,Evening,Medium,Videos,1.6,5,Low
S05101,ML,Yes,No,Yes,No,Yes,No,Yes,Morning,Medium,Mixed,4.0,4,Medium
S05102,DSA,Yes,Yes,Yes,Yes,Yes,No,Yes,Afternoon,High,Videos,2.3,6,High
S05103,CN,Yes,No,Yes,Yes,Yes,No,Yes,Evening,Medium,Mixed,4.7,7,Medium
S05104,DBMS,Yes,Yes,Yes,No,Yes,No,Yes,Night,Medium,Mixed,1.6,4,High
S05105,DBMS,No,Yes,Yes,Yes,Yes,No,Yes,Afternoon,High,Videos,3.8,8,High
S05106,OS,Yes,No,No,Yes,Yes,No,Yes,Morning,High,Videos,5.1,6,Medium
S05107,DSA,Yes,Yes,No,No,No,Yes,Yes,Afternoon,Medium,Mixed,0.5,5,Low
S05108,ML,Yes,Yes,No,No,Yes,Yes,No,Evening,Medium,Notes,2.1,4,Low
S05109,DBMS,Yes,Yes,Yes,No,Yes,No,Yes,Morning,Low,Videos,2.1,6,Low
S05110,ML,No,No,No,No,No,Yes,No,Evening,High,Videos,1.0,3,Low
S05111,DSA,Yes,Yes,No,No,No,No,No,Evening,Medium,Notes,0.6,3,Low
S05112,CN,Yes,Yes,Yes,Yes,Yes,Yes,Yes,Night,High,Notes,1.5,6,High
S05113,DSA,No,No,No,Yes,Yes,No,Yes,Evening,High,Notes,3.4,5,Medium
S05114,OS,No,No,No,No,No,No,Yes,Evening,Low,Notes,1.5,3,Low
S05115,DSA,Yes,Yes,Yes,Yes,Yes,Yes,Yes,Evening,High,Notes,3.0,8,High
S05116,ML,No,No,Yes,No,Yes,Yes,Yes,Evening,Medium,Mixed,4.2,7,Low
S05117,DBMS,Yes,Yes,Yes,Yes,No,No,No,Evening,Medium,Mixed,3.8,7,Low
S05118,DSA,No,No,No,Yes,Yes,No,No,Afternoon,High,Notes,2.9,3,High
S05119,CN,Yes,Yes,Yes,No,No,No,Yes,Morning,Medium,Notes,3.0,6,Medium
S05120,DSA,Yes,Yes,Yes,Yes,Yes,No,Yes,Evening,Low,Mixed,4.4,5,Medium
S05121,CN,No,Yes,Yes,Yes,No,Yes,No,Afternoon,Low,Notes,3.3,5,Low
S05122,CN,Yes,No,No,No,No,No,No,Evening,Medium,Mixed,1.9,5,Low
S05123,CN,Yes,Yes,No,No,No,No,No,Night,High,Videos,1.7,5,Low
S05124,DSA,Yes,No,No,Yes,Yes,No,No,Evening,Low,Videos,2.6,6,Low
S05125,CN,Yes,Yes,No,Yes,No,No,Yes,Morning,Medium,Notes,1.7,5,Medium
S05126,ML,Yes,No,Yes,Yes,Yes,No,Yes,Morning,High,Mixed,3.3,7,High
S05127,DSA,Yes,No,Yes,Yes,Yes,No,Yes,Night,Medium,Mixed,3.1,8,High
S05128,OS,Yes,Yes,Yes,Yes,No,Yes,No,Evening,High,Notes,3.2,7,Medium
S05129,DBMS,No,Yes,No,Yes,Yes,Yes,No,Afternoon,Medium,Notes,3.4,3,Low
S05130,DSA,No,Yes,No,No,No,Yes,Yes,Evening,High,Videos,2.3,3,Low
S05131,DSA,Yes,No,Yes,Yes,Yes,No,Yes,Night,High,Mixed,4.1,8,High
S05132,ML,Yes,Yes,No,No,Yes,Yes,Yes,Evening,High,Mixed,3.1,2,Low
S05133,CN,Yes,No,Yes,Yes,Yes,No,No,Evening,Medium,Videos,2.9,6,Medium
S05134,DBMS,Yes,Yes,Yes,Yes,Yes,No,Yes,Night,High,Mixed,4.9,5,High
S05135,DBMS,No,No,No,No,No,No,Yes,Afternoon,Medium,Videos,2.4,2,Low
S05136,DBMS,Yes,No,Yes,Yes,Yes,No,Yes,Evening,Medium,Mixed,2.6,8,High
S05137,DBMS,Yes,Yes,No,No,No,Yes,No,Afternoon,Low,Videos,0.5,2,Low
S05138,DSA,Yes,Yes,No,Yes,Yes,Yes,No,Evening,High,Notes,2.3,5,Medium
S05139,OS,Yes,No,No,No,No,No,Yes,Evening,Low,Mixed,1.9,4,Low
S05140,ML,No,Yes,No,No,No,Yes,No,Night,High,Mixed,0.5,3,Low
S05141,CN,No,No,Yes,Yes,Yes,No,Yes,Evening,Medium,Mixed,4.1,7,High
S05142,CN,Yes,No,Yes,Yes,No,Yes,Yes,Evening,Medium,Videos,3.8,8,Low
S05143,ML,Yes,Yes,No,No,No,No,Yes,Evening,High,Notes,3.2,2,Low
S05144,CN,No,Yes,No,No,Yes,No,No,Morning,High,Notes,3.4,3,Low
S05145,DSA,Yes,Yes,Yes,Yes,No,No,No,Evening,Medium,Notes,2.9,6,High
S05146,OS,No,Yes,Yes,No,Yes,No,No,Morning,High,Notes,2.5,5,Medium
S05147,DBMS,No,No,Yes,Yes,No,Yes,Yes,Evening,Medium,Videos,4.3,5,Low
S05148,CN,Yes,No,Yes,No,No,No,Yes,Afternoon,High,Mixed,3.6,4,Medium
S05149,ML,No,Yes,No,Yes,No,No,No,Morning,High,Notes,2.8,6,Low
S05150,CN,Yes,No,Yes,No,Yes,No,No,Night,High,Notes,2.0,5,Low
S05151,DSA,No,Yes,Yes,Yes,Yes,No,No,Afternoon,Medium,Mixed,3.9,7,High
S05152,ML,Yes,No,Yes,Yes,Yes,No,Yes,Evening,High,Notes,3.4,7,High
S05153,OS,Yes,No,Yes,No,Yes,Yes,No,Evening,High,Notes,2.0,5,Low
S05154,OS,Yes,Yes,Yes,Yes,No,Yes,Yes,Evening,Medium,Videos,3.6,8,Medium
S05155,DBMS,Yes,No,No,Yes,No,No,Yes,Morning,High,Notes,1.5,5,Low
S05156,DBMS,Yes,No,Yes,No,No,No,No,Night,High,Notes,4.6,7,Low
S05157,ML,Yes,Yes,Yes,Yes,Yes,No,Yes,Evening,High,Notes,3.0,7,High
S05158,DSA,Yes,Yes,Yes,Yes,No,Yes,Yes,Afternoon,High,Notes,1.2,7,Medium
S05159,DBMS,Yes,No,Yes,No,Yes,No,Yes,Night,Low,Notes,3.3,6,Low
S05160,DBMS,Yes,Yes,No,No,Yes,Yes,Yes,Night,Medium,Notes,3.5,3,Low
S05161,ML,No,Yes,No,Yes,No,Yes,Yes,Night,High,Notes,2.4,3,Low
S05162,DSA,No,Yes,No,No,No,No,Yes,Night,Low,Mixed,1.0,5,Low
S05163,DSA,Yes,No,No,No,No,Yes,No,Afternoon,High,Notes,0.5,5,Low
S05164,DSA,Yes,Yes,Yes,Yes,No,No,No,Night,Medium,Videos,2.0,8,Medium
S05165,DSA,No,No,No,No,Yes,No,No,Afternoon,Low,Notes,1.6,4,Low
S05166,OS,No,Yes,No,No,No,No,Yes,Afternoon,High,Notes,0.6,4,Low
S05167,ML,Yes,Yes,No,No,Yes,Yes,No,Afternoon,High,Videos,2.3,4,Low
S05168,DSA,No,No,No,No,Yes,Yes,Yes,Afternoon,Medium,Notes,2.0,5,Low
S05169,ML,Yes,Yes,Yes,Yes,Yes,No,Yes,Evening,Medium,Videos,4.0,5,High
S05170,DSA,Yes,No,Yes,Yes,No,No,Yes,Evening,High,Mixed,2.5,6,High
S05171,DBMS,No,Yes,Yes,Yes,Yes,Yes,Yes,Night,Medium,Notes,3.7,7,High
S05172,DSA,No,No,Yes,Yes,Yes,No,Yes,Afternoon,Low,Videos,4.8,7,High
S05173,ML,No,Yes,No,No,No,No,Yes,Evening,High,Notes,0.5,4,Low
S05174,OS,Yes,No,No,No,No,Yes,Yes,Evening,Medium,Notes,0.7,3,Low
S05175,CN,Yes,Yes,Yes,No,Yes,No,Yes,Evening,High,Mixed,2.8,6,Medium
S05176,DSA,Yes,No,Yes,Yes,Yes,No,No,Afternoon,Medium,Mixed,3.5,7,High
S05177,OS,Yes,Yes,Yes,Yes,No,No,Yes,Morning,High,Notes,4.7,8,Low
S05178,OS,Yes,Yes,Yes,No,No,No,Yes,Afternoon,Medium,Mixed,1.0,4,Low
S05179,DBMS,Yes,No,Yes,Yes,Yes,Yes,Yes,Evening,High,Mixed,1.3,7,High
S05180,CN,Yes,Yes,Yes,Yes,Yes,No,Yes,Morning,High,Videos,4.9,8,High
S05181,DBMS,No,Yes,No,Yes,No,Yes,Yes,Night,Medium,Notes,1.0,5,Low
S05182,DBMS,Yes,No,Yes,No,No,No,No,Evening,Low,Notes,1.8,7,Low
S05183,CN,Yes,No,Yes,No,Yes,No,No,Morning,Medium,Mixed,3.4,6,Low
S05184,ML,No,No,Yes,Yes,Yes,No,No,Afternoon,High,Notes,5.0,7,High
S05185,ML,Yes,No,No,No,No,No,Yes,Morning,High,Mixed,0.9,4,Low
S05186,ML,No,Yes,No,No,Yes,No,No,Night,High,Videos,1.5,2,Medium
S05187,OS,Yes,Yes,Yes,No,No,No,No,Afternoon,Medium,Notes,1.4,4,Low
S05188,ML,Yes,No,Yes,Yes,Yes,Yes,Yes,Night,Low,Videos,3.9,7,High
S05189,ML,No,Yes,No,Yes,No,No,Yes,Night,Medium,Notes,3.7,5,Low
S05190,ML,Yes,Yes,Yes,Yes,Yes,Yes,Yes,Afternoon,Medium,Mixed,3.3,7,High
S05191,DSA,Yes,Yes,Yes,No,No,Yes,No,Night,Medium,Mixed,1.7,7,Low
S05192,DSA,No,Yes,Yes,Yes,Yes,No,Yes,Afternoon,Medium,Videos,3.8,5,High
S05193,OS,Yes,Yes,Yes,Yes,Yes,No,Yes,Afternoon,Medium,Notes,4.4,7,High
S05194,DBMS,No,Yes,No,Yes,Yes,Yes,No,Night,Medium,Mixed,3.6,4,Low
S05195,OS,No,No,No,No,Yes,No,Yes,Evening,High,Videos,1.9,4,Low
S05196,DBMS,No,No,No,No,No,No,Yes,Evening,High,Videos,2.9,2,Low
S05197,DSA,Yes,No,Yes,Yes,Yes,No,Yes,Evening,High,Videos,4.4,7,High
S05198,DSA,Yes,Yes,No,No,No,Yes,No,Evening,Medium,Notes,1.5,4,Low
S05199,ML,No,Yes,Yes,No,No,No,Yes,Night,High,Mixed,2.5,4,Low
S05200,OS,Yes,No,Yes,No,Yes,Yes,Yes,Morning,High,Mixed,1.2,4,Medium
S05201,CN,Yes,Yes,Yes,Yes,No,Yes,Yes,Night,High,Videos,2.8,5,Medium
S05202,ML,Yes,Yes,No,No,Yes,Yes,Yes,Night,High,Mixed,1.2,3,Low
S05203,ML,Yes,No,No,No,No,Yes,No,Afternoon,Medium,Videos,1.3,2,Low
S05204,ML,Yes,No,Yes,No,Yes,No,Yes,Evening,Medium,Notes,2.3,4,Medium
S05205,ML,Yes,Yes,No,Yes,No,No,No,Morning,High,Mixed,1.0,3,Low
S05206,DBMS,Yes,No,Yes,Yes,No,No,Yes,Night,High,Notes,4.1,8,High
S05207,DSA,Yes,No,Yes,Yes,No,No,No,Night,Low,Notes,1.7,5,Low
S05208,DBMS,No,No,No,Yes,Yes,No,No,Morning,High,Mixed,5.1,3,Medium
S05209,OS,Yes,Yes,No,No,No,No,Yes,Afternoon,Medium,Mixed,0.5,2,Low
S05210,CN,Yes,No,Yes,Yes,No,Yes,Yes,Evening,High,Notes,3.2,6,Medium
S05211,DSA,Yes,No,Yes,No,No,Yes,Yes,Evening,High,Mixed,1.2,7,Low
S05212,CN,Yes,Yes,No,No,No,Yes,No,Morning,High,Notes,0.6,2,Low
S05213,CN,No,No,Yes,Yes,Yes,No,Yes,Evening,High,Notes,4.6,8,High
S05214,ML,No,No,Yes,Yes,Yes,No,Yes,Evening,High,Mixed,3.2,8,High
S05215,OS,Yes,Yes,Yes,Yes,No,Yes,No,Evening,Medium,Mixed,2.7,5,High
S05216,DSA,Yes,Yes,Yes,Yes,Yes,No,Yes,Afternoon,High,Mixed,4.8,7,High
S05217,CN,Yes,Yes,Yes,No,No,Yes,Yes,Afternoon,Medium,Videos,4.2,5,Low
S05218,DSA,Yes,No,Yes,Yes,Yes,No,No,Afternoon,High,Videos,3.5,6,High
S05219,DBMS,Yes,Yes,Yes,Yes,No,No,Yes,Night,Low,Videos,1.6,6,Low
S05220,CN,Yes,Yes,Yes,Yes,Yes,Yes,Yes,Morning,High,Videos,3.6,7,High
S05221,DBMS,Yes,Yes,Yes,No,Yes,No,Yes,Evening,Low,Videos,2.9,7,Low
S05222,CN,Yes,No,Yes,No,Yes,No,Yes,Morning,High,Notes,3.1,4,Medium
S05223,CN,Yes,No,Yes,No,No,No,Yes,Morning,High,Notes,3.1,7,Low
S05224,ML,Yes,Yes,Yes,Yes,No,No,Yes,Evening,High,Videos,4.0,7,Medium
S05225,DBMS,Yes,Yes,No,Yes,No,No,No,Morning,Low,Mixed,1.6,3,Low
S05226,ML,Yes,Yes,No,No,No,No,Yes,Evening,High,Notes,1.6,3,Low
S05227,DBMS,Yes,Yes,Yes,Yes,Yes,Yes,Yes,Evening,Medium,Notes,4.0,7,High
S05228,ML,Yes,No,No,Yes,No,No,No,Night,Medium,Notes,3.9,3,Low
S05229,CN,Yes,Yes,No,No,Yes,Yes,No,Evening,High,Videos,2.9,3,Low
S05230,OS,Yes,No,Yes,Yes,Yes,No,Yes,Morning,Medium,Notes,3.3,6,High
S05231,ML,No,No,No,Yes,No,Yes,Yes,Evening,High,Mixed,1.2,5,Low
S05232,ML,No,No,No,No,No,No,No,Morning,High,Notes,1.1,2,Low
S05233,OS,Yes,Yes,Yes,Yes,No,Yes,No,Evening,High,Videos,3.3,5,High
S05234,DBMS,Yes,Yes,Yes,Yes,Yes,No,No,Evening,Medium,Notes,3.7,8,High
S05235,ML,No,Yes,Yes,Yes,No,No,Yes,Evening,High,Videos,2.5,7,Medium
S05236,ML,No,No,No,Yes,No,No,No,Night,High,Mixed,1.5,6,Low
S05237,ML,Yes,No,No,Yes,No,No,No,Evening,Low,Notes,3.1,3,Low
S05238,CN,Yes,No,Yes,No,No,Yes,Yes,Night,Medium,Mixed,0.8,6,Low
S05239,CN,Yes,No,Yes,No,Yes,Yes,No,Night,Medium,Mixed,4.2,7,Medium
S05240,OS,Yes,Yes,No,No,Yes,No,Yes,Evening,High,Mixed,2.1,3,Medium
S05241,ML,Yes,No,No,No,No,Yes,Yes,Afternoon,High,Notes,0.8,4,Low
S05242,DBMS,Yes,No,Yes,Yes,Yes,Yes,No,Morning,High,Notes,3.9,6,High
S05243,DBMS,Yes,Yes,Yes,Yes,Yes,Yes,No,Night,Low,Mixed,4.8,5,High
S05244,ML,Yes,No,Yes,Yes,Yes,Yes,No,Evening,High,Videos,4.1,7,High
S05245,OS,Yes,No,Yes,Yes,Yes,No,Yes,Morning,High,Notes,3.4,7,High
S05246,CN,No,No,No,Yes,No,No,Yes,Morning,Medium,Notes,1.9,6,Low
S05247,OS,Yes,No,No,Yes,No,No,No,Night,High,Mixed,2.1,6,Low
S05248,OS,Yes,Yes,No,No,No,No,No,Morning,High,Videos,1.9,4,Low
S05249,DSA,Yes,No,Yes,Yes,Yes,Yes,No,Night,Medium,Mixed,2.5,8,High
S05250,OS,No,Yes,No,No,Yes,No,Yes,Afternoon,High,Mixed,1.6,5,Low
S05251,OS,Yes,No,No,Yes,Yes,No,Yes,Evening,Medium,Mixed,2.8,6,Medium
S05252,DSA,Yes,Yes,No,No,Yes,No,Yes,Afternoon,Medium,Mixed,2.1,2,Low
S05253,DBMS,Yes,No,No,No,No,No,Yes,Afternoon,High,Notes,1.1,4,Low
S05254,OS,No,Yes,Yes,Yes,Yes,No,Yes,Evening,High,Videos,4.0,6,High
S05255,ML,No,Yes,Yes,Yes,No,No,Yes,Night,High,Mixed,1.5,5,High
S05256,DSA,No,Yes,Yes,Yes,Yes,Yes,Yes,Evening,Low,Videos,2.3,6,Medium
S05257,DBMS,Yes,No,Yes,No,Yes,No,Yes,Afternoon,High,Mixed,4.4,7,High
S05258,DSA,Yes,Yes,Yes,Yes,No,No,Yes,Evening,High,Notes,3.3,5,Medium
S05259,CN,Yes,Yes,No,Yes,Yes,Yes,No,Morning,High,Videos,2.7,6,Medium
S05260,OS,Yes,Yes,Yes,Yes,No,No,Yes,Evening,Medium,Videos,1.7,6,Low
S05261,CN,No,Yes,Yes,Yes,No,No,Yes,Afternoon,High,Videos,1.4,5,Medium
S05262,ML,Yes,No,Yes,No,No,No,Yes,Night,High,Videos,2.8,5,Low
S05263,CN,Yes,Yes,No,Yes,Yes,No,Yes,Night,High,Videos,4.1,4,Medium
S05264,OS,No,Yes,No,No,Yes,No,No,Evening,High,Videos,1.2,2,Low
S05265,ML,Yes,Yes,Yes,No,No,No,No,Evening,Medium,Mixed,2.7,6,Low
S05266,CN,Yes,Yes,No,No,No,No,Yes,Night,Medium,Notes,2.5,2,Low
S05267,ML,Yes,Yes,No,Yes,No,No,Yes,Evening,Low,Videos,2.0,3,Low
S05268,OS,No,Yes,No,No,Yes,No,Yes,Afternoon,Low,Videos,3.2,2,Low
S05269,DSA,No,Yes,No,No,No,No,Yes,Morning,High,Notes,1.2,3,Low
S05270,DBMS,Yes,Yes,Yes,Yes,No,No,Yes,Night,High,Mixed,3.5,5,High
S05271,OS,No,Yes,No,Yes,Yes,Yes,Yes,Morning,High,Mixed,4.5,3,Medium
S05272,DSA,No,No,Yes,No,No,No,No,Night,High,Mixed,3.1,6,Low
S05273,OS,No,Yes,No,No,No,No,No,Evening,High,Notes,1.4,2,Low
S05274,ML,No,No,Yes,Yes,Yes,Yes,No,Night,High,Mixed,3.3,6,High
S05275,OS,Yes,No,Yes,Yes,Yes,No,Yes,Evening,High,Videos,4.9,6,High
S05276,OS,No,No,No,Yes,Yes,No,Yes,Afternoon,High,Mixed,3.4,5,Medium
S05277,DBMS,Yes,Yes,No,Yes,No,No,No,Evening,Low,Videos,2.9,5,Low
S05278,OS,No,No,No,Yes,No,Yes,No,Night,High,Videos,2.4,4,Low
S05279,CN,Yes,No,No,Yes,No,Yes,Yes,Evening,High,Mixed,3.1,6,Medium
S05280,DBMS,No,No,No,No,No,No,Yes,Afternoon,Low,Mixed,0.7,4,Low
S05281,DBMS,No,No,No,Yes,Yes,No,No,Evening,Medium,Videos,2.2,3,Low
S05282,OS,Yes,Yes,No,Yes,Yes,No,Yes,Morning,Medium,Notes,2.1,5,Medium
S05283,ML,No,No,Yes,No,Yes,No,Yes,Night,Medium,Mixed,3.6,4,Medium
S05284,ML,Yes,No,Yes,No,Yes,No,No,Evening,Medium,Mixed,2.5,7,Low
S05285,DSA,Yes,Yes,Yes,Yes,No,No,No,Afternoon,Medium,Mixed,2.6,8,Low
S05286,CN,Yes,Yes,Yes,Yes,Yes,Yes,Yes,Afternoon,High,Mixed,4.0,8,High
S05287,DSA,No,No,No,Yes,No,No,No,Night,Medium,Videos,1.4,5,Low
S05288,CN,Yes,Yes,No,No,No,No,Yes,Afternoon,High,Notes,1.9,3,Low
S05289,OS,Yes,No,Yes,Yes,No,Yes,Yes,Evening,Medium,Mixed,2.8,5,Medium
S05290,ML,Yes,Yes,No,Yes,Yes,No,No,Evening,High,Videos,4.2,6,Medium
S05291,DBMS,Yes,No,Yes,No,Yes,Yes,Yes,Evening,Medium,Notes,4.3,7,Medium
S05292,ML,Yes,Yes,No,No,No,Yes,Yes,Morning,Medium,Videos,3.0,2,Low
S05293,ML,No,No,Yes,No,No,No,Yes,Evening,Medium,Videos,1.5,6,Low
S05294,CN,No,No,No,Yes,Yes,No,Yes,Night,High,Videos,2.7,4,Low
S05295,DBMS,No,No,No,No,No,No,Yes,Night,High,Notes,2.4,5,Low
S05296,CN,Yes,Yes,Yes,Yes,Yes,No,Yes,Evening,Low,Notes,5.4,5,High
S05297,ML,No,Yes,Yes,No,No,Yes,No,Morning,High,Videos,1.1,6,Low
S05298,ML,Yes,Yes,Yes,Yes,Yes,Yes,No,Evening,High,Notes,4.5,8,High
S05299,DBMS,Yes,Yes,Yes,No,Yes,No,No,Evening,Low,Mixed,3.3,4,Low
S05300,DBMS,Yes,No,Yes,No,No,Yes,Yes,Night,High,Notes,2.8,5,Medium
S05301,OS,Yes,Yes,Yes,No,Yes,Yes,Yes,Night,Medium,Videos,2.2,6,High
S05302,CN,Yes,Yes,Yes,No,Yes,No,No,Evening,High,Videos,2.7,6,Medium
S05303,ML,No,No,No,Yes,Yes,No,Yes,Evening,Medium,Videos,3.8,6,Medium
S05304,DBMS,Yes,Yes,Yes,Yes,Yes,No,Yes,Evening,Low,Notes,4.8,8,High
S05305,DBMS,Yes,Yes,Yes,Yes,No,Yes,Yes,Afternoon,High,Mixed,3.5,6,Medium
S05306,DBMS,No,No,No,No,No,No,Yes,Afternoon,Medium,Mixed,2.6,3,Low
S05307,OS,No,Yes,No,Yes,No,No,Yes,Evening,High,Videos,3.1,5,Medium
S05308,DSA,Yes,No,No,Yes,No,No,No,Evening,High,Mixed,3.8,4,Low
S05309,ML,Yes,No,No,Yes,Yes,No,No,Evening,Medium,Notes,3.4,5,Low
S05310,OS,Yes,Yes,No,No,No,No,No,Afternoon,Medium,Mixed,4.1,4,Low
S05311,CN,Yes,No,No,Yes,Yes,Yes,Yes,Evening,Low,Notes,2.6,5,Medium
S05312,CN,Yes,No,Yes,Yes,No,No,No,Afternoon,High,Notes,5.1,8,High
S05313,ML,Yes,Yes,Yes,Yes,Yes,No,Yes,Evening,High,Mixed,3.0,8,High
S05314,DBMS,No,No,Yes,Yes,Yes,No,No,Afternoon,Low,Notes,3.8,6,Medium
S05315,OS,Yes,Yes,Yes,Yes,No,No,Yes,Afternoon,Medium,Videos,4.0,8,Medium
S05316,DBMS,Yes,Yes,Yes,Yes,No,Yes,Yes,Afternoon,High,Mixed,0.9,5,High
S05317,DSA,Yes,No,Yes,No,No,No,Yes,Morning,High,Mixed,2.0,5,Medium
S05318,OS,No,Yes,Yes,Yes,No,No,Yes,Evening,Medium,Videos,5.3,5,Medium
S05319,CN,Yes,Yes,No,No,No,No,Yes,Evening,Medium,Videos,2.8,4,Low
S05320,DBMS,Yes,Yes,Yes,Yes,Yes,No,Yes,Morning,Low,Mixed,2.6,6,High
S05321,DBMS,Yes,No,No,Yes,No,No,No,Evening,Low,Videos,0.9,4,Low
S05322,DBMS,No,No,No,No,Yes,No,Yes,Night,Medium,Videos,0.7,4,Low
S05323,DSA,No,Yes,No,No,No,No,No,Evening,Low,Notes,0.7,4,Low
S05324,DSA,Yes,Yes,Yes,Yes,Yes,No,No,Evening,Medium,Videos,3.9,6,High
S05325,CN,Yes,No,No,Yes,No,No,No,Evening,High,Videos,3.1,4,Low
S05326,OS,Yes,Yes,No,Yes,No,No,Yes,Evening,Low,Videos,3.3,5,Low
S05327,DSA,Yes,Yes,Yes,Yes,Yes,No,Yes,Morning,High,Notes,5.6,6,High
S05328,OS,No,Yes,No,Yes,No,No,No,Night,Medium,Notes,3.5,4,Low
S05329,DBMS,Yes,No,Yes,Yes,No,No,Yes,Night,Medium,Videos,1.2,7,High
S05330,DBMS,Yes,Yes,No,No,No,No,Yes,Evening,High,Videos,1.1,5,Low
S05331,CN,No,No,No,Yes,Yes,No,Yes,Afternoon,High,Notes,1.7,4,Medium
S05332,DBMS,No,No,No,No,No,No,Yes,Evening,Low,Videos,3.6,2,Low
S05333,DSA,Yes,Yes,No,Yes,Yes,Yes,No,Evening,High,Videos,2.6,5,Medium
S05334,OS,Yes,No,Yes,No,No,Yes,No,Evening,High,Videos,1.8,7,Low
S05335,DSA,Yes,Yes,No,No,No,No,Yes,Evening,High,Mixed,2.2,3,Low
S05336,DBMS,No,Yes,No,No,Yes,No,No,Evening,Medium,Videos,1.9,2,Low
S05337,ML,No,No,Yes,No,Yes,No,Yes,Night,Medium,Notes,4.1,7,Low
S05338,OS,No,Yes,No,Yes,Yes,No,No,Evening,High,Notes,2.4,4,High
S05339,DSA,No,No,No,Yes,Yes,No,Yes,Evening,Medium,Videos,3.8,5,Medium
S05340,DBMS,Yes,No,Yes,Yes,Yes,Yes,Yes,Evening,High,Mixed,1.6,7,High
S05341,DSA,Yes,Yes,No,No,No,No,No,Night,High,Mixed,3.8,5,Low
S05342,CN,Yes,No,Yes,Yes,Yes,No,Yes,Evening,High,Notes,4.6,6,High
S05343,DBMS,No,No,Yes,No,No,Yes,No,Evening,High,Mixed,2.8,6,Low
S05344,ML,Yes,Yes,Yes,No,No,Yes,Yes,Morning,Medium,Videos,2.1,4,Medium
S05345,OS,Yes,Yes,Yes,Yes,No,No,No,Evening,High,Mixed,3.3,6,High
S05346,OS,Yes,No,Yes,No,Yes,Yes,Yes,Night,Low,Notes,3.1,4,Low
S05347,CN,No,Yes,Yes,No,No,No,No,Afternoon,High,Notes,2.3,7,Medium
S05348,ML,No,Yes,No,No,No,No,Yes,Evening,High,Mixed,1.8,5,Low
S05349,CN,No,Yes,No,Yes,Yes,No,No,Evening,High,Mixed,2.8,6,Medium
S05350,ML,Yes,Yes,No,Yes,Yes,No,Yes,Afternoon,High,Videos,2.9,4,High
S05351,OS,No,Yes,Yes,Yes,No,No,Yes,Afternoon,High,Videos,2.9,8,High
S05352,OS,No,No,Yes,Yes,Yes,No,Yes,Night,Low,Videos,3.8,7,Medium
S05353,OS,No,No,No,No,Yes,Yes,No,Morning,Medium,Notes,2.3,2,Low
S05354,DSA,No,No,Yes,No,Yes,Yes,Yes,Afternoon,High,Notes,3.2,4,High
S05355,CN,No,Yes,No,No,No,No,Yes,Evening,High,Mixed,1.4,2,Low
S05356,DBMS,No,Yes,No,Yes,No,No,Yes,Night,Medium,Mixed,2.1,6,Low
S05357,DBMS,Yes,Yes,Yes,Yes,No,Yes,No,Morning,High,Notes,3.8,5,Medium
S05358,DSA,Yes,Yes,Yes,No,Yes,No,Yes,Afternoon,High,Videos,2.5,6,High
S05359,ML,Yes,No,Yes,Yes,No,No,Yes,Night,High,Mixed,1.8,8,Medium
S05360,DSA,No,Yes,Yes,Yes,Yes,No,No,Morning,High,Mixed,3.8,7,High
S05361,DBMS,No,No,No,No,No,Yes,Yes,Morning,Low,Videos,2.3,5,Low
S05362,DSA,Yes,Yes,Yes,Yes,Yes,No,Yes,Morning,High,Mixed,4.4,7,High
S05363,OS,Yes,No,Yes,Yes,Yes,No,Yes,Night,High,Mixed,4.6,8,High
S05364,CN,No,No,Yes,Yes,No,Yes,No,Night,High,Videos,2.9,5,Low
S05365,DBMS,No,No,No,No,No,No,No,Evening,Medium,Notes,1.9,3,Low
S05366,CN,No,No,No,Yes,Yes,No,Yes,Night,High,Videos,4.8,6,Medium
S05367,ML,Yes,No,No,Yes,Yes,Yes,No,Morning,High,Videos,1.8,6,Low
S05368,CN,No,No,No,No,No,No,Yes,Morning,Low,Videos,2.0,5,Low
S05369,DSA,No,Yes,Yes,Yes,Yes,No,Yes,Evening,High,Mixed,3.6,7,High
S05370,DBMS,Yes,Yes,No,No,No,No,No,Night,High,Notes,2.7,2,Low
S05371,CN,Yes,No,No,Yes,Yes,Yes,No,Morning,High,Mixed,2.9,6,Medium
S05372,DSA,No,Yes,Yes,Yes,Yes,Yes,No,Afternoon,High,Mixed,3.7,7,High
S05373,ML,Yes,No,Yes,No,No,No,Yes,Morning,High,Notes,1.3,6,Low
S05374,DBMS,Yes,Yes,Yes,Yes,Yes,Yes,Yes,Evening,High,Notes,3.1,7,High
S05375,OS,No,No,Yes,Yes,Yes,No,Yes,Afternoon,High,Mixed,3.6,5,High
S05376,DBMS,No,Yes,No,No,No,No,No,Evening,Medium,Videos,2.3,3,Low
S05377,CN,Yes,No,Yes,No,No,No,Yes,Morning,Medium,Videos,3.9,7,Low
S05378,ML,No,Yes,No,Yes,Yes,No,No,Evening,High,Mixed,2.8,6,Low
S05379,OS,Yes,Yes,Yes,Yes,No,Yes,Yes,Morning,Medium,Notes,3.0,8,High
S05380,ML,No,No,Yes,Yes,No,No,Yes,Night,Medium,Mixed,3.6,5,Low
S05381,DSA,Yes,Yes,No,Yes,No,No,No,Evening,Low,Mixed,2.5,4,Low
S05382,DSA,No,Yes,No,Yes,No,No,No,Evening,High,Videos,2.2,4,Low
S05383,ML,No,No,Yes,No,Yes,No,Yes,Afternoon,Medium,Videos,3.1,7,Low
S05384,CN,Yes,No,Yes,No,Yes,Yes,Yes,Morning,High,Videos,3.4,6,High
S05385,ML,Yes,Yes,No,No,Yes,No,Yes,Evening,Medium,Videos,3.2,3,Low
S05386,OS,No,No,No,Yes,No,No,Yes,Afternoon,Medium,Notes,1.7,3,Medium
S05387,ML,Yes,Yes,Yes,Yes,No,No,Yes,Evening,Medium,Videos,2.1,5,High
S05388,CN,Yes,Yes,No,Yes,Yes,Yes,Yes,Morning,High,Mixed,3.1,3,Low
S05389,DBMS,Yes,No,No,Yes,No,No,No,Evening,Medium,Mixed,1.5,6,Low
S05390,OS,No,Yes,No,No,No,No,No,Night,Medium,Videos,2.8,4,Low
S05391,DBMS,Yes,Yes,No,Yes,No,No,Yes,Evening,Medium,Notes,2.6,3,Low
S05392,DSA,Yes,Yes,No,Yes,No,No,No,Morning,High,Mixed,2.2,5,Low
S05393,DSA,No,No,Yes,No,Yes,No,Yes,Evening,Low,Videos,3.1,5,Low
S05394,DBMS,Yes,Yes,Yes,No,No,Yes,Yes,Night,High,Mixed,2.9,5,Low
S05395,CN,Yes,Yes,Yes,No,Yes,No,Yes,Night,High,Videos,3.7,5,Medium
S05396,ML,Yes,No,Yes,Yes,Yes,No,Yes,Evening,High,Notes,6.1,8,High
S05397,ML,Yes,No,Yes,No,Yes,Yes,Yes,Evening,Low,Notes,2.2,4,Low
S05398,CN,Yes,Yes,Yes,Yes,Yes,Yes,Yes,Afternoon,High,Mixed,4.8,7,High
S05399,DSA,No,No,Yes,Yes,Yes,Yes,Yes,Night,Low,Videos,5.9,5,High
S05400,DSA,Yes,Yes,Yes,Yes,Yes,No,Yes,Afternoon,High,Mixed,4.3,8,High
S05401,ML,No,Yes,Yes,Yes,Yes,No,No,Evening,High,Notes,4.0,6,High
S05402,OS,Yes,Yes,No,No,No,No,No,Evening,Medium,Videos,1.2,2,Low
S05403,DBMS,Yes,Yes,Yes,No,Yes,No,Yes,Morning,High,Videos,3.0,4,Medium
S05404,DSA,Yes,No,No,Yes,No,No,No,Evening,High,Videos,2.3,4,Low
S05405,ML,Yes,Yes,Yes,No,Yes,No,No,Evening,Medium,Videos,4.2,5,Medium
S05406,CN,No,No,Yes,Yes,Yes,No,Yes,Afternoon,Low,Mixed,5.1,5,High
S05407,OS,Yes,Yes,No,No,No,No,Yes,Morning,Medium,Notes,1.1,4,Low
S05408,DBMS,Yes,Yes,No,No,No,Yes,Yes,Evening,Medium,Videos,2.7,4,Low
S05409,CN,Yes,Yes,No,No,No,No,Yes,Night,High,Videos,1.7,3,Low
S05410,ML,No,Yes,No,No,No,Yes,Yes,Night,High,Notes,1.7,5,Low
S05411,ML,Yes,No,Yes,No,Yes,No,Yes,Evening,Medium,Notes,4.0,6,Medium
S05412,DSA,No,No,No,Yes,No,No,No,Night,High,Mixed,2.1,5,Low
S05413,DBMS,Yes,No,No,No,Yes,Yes,Yes,Night,Medium,Videos,2.2,5,Low
S05414,ML,Yes,No,No,No,No,Yes,Yes,Night,High,Notes,1.8,3,Low
S05415,DSA,No,Yes,No,Yes,No,No,No,Evening,Medium,Videos,3.6,6,Medium
S05416,DSA,Yes,Yes,No,Yes,No,No,No,Afternoon,High,Videos,0.6,4,Medium
S05417,DBMS,Yes,Yes,Yes,Yes,Yes,No,No,Night,High,Mixed,4.1,5,High
S05418,OS,No,No,No,Yes,Yes,No,Yes,Afternoon,Medium,Mixed,2.0,3,Low
S05419,DBMS,Yes,Yes,Yes,No,Yes,No,Yes,Morning,Low,Notes,4.2,4,Low
S05420,CN,Yes,Yes,No,No,No,No,Yes,Evening,Medium,Videos,0.5,4,Low
S05421,DBMS,Yes,No,Yes,No,No,No,Yes,Night,Medium,Videos,3.5,4,Low
S05422,OS,Yes,Yes,No,Yes,No,No,No,Evening,High,Videos,1.8,5,Low
S05423,ML,No,No,No,Yes,No,Yes,Yes,Evening,High,Notes,4.1,5,Low
S05424,DBMS,Yes,Yes,Yes,Yes,Yes,No,Yes,Afternoon,High,Videos,3.1,6,High
S05425,OS,No,No,Yes,Yes,Yes,No,Yes,Evening,High,Notes,4.1,6,High
S05426,DBMS,No,Yes,Yes,No,No,No,Yes,Afternoon,Medium,Videos,2.9,7,Low
S05427,DBMS,No,No,No,No,Yes,No,Yes,Morning,High,Mixed,2.0,4,Low
S05428,ML,No,No,Yes,Yes,Yes,Yes,Yes,Night,Medium,Notes,2.7,8,High
S05429,CN,No,Yes,Yes,Yes,Yes,Yes,No,Evening,High,Notes,4.2,7,High
S05430,DBMS,Yes,No,Yes,No,No,No,No,Night,High,Notes,0.9,5,Low
S05431,DBMS,Yes,No,Yes,Yes,Yes,No,Yes,Morning,High,Videos,4.2,6,High
S05432,OS,Yes,No,Yes,Yes,No,No,Yes,Evening,Medium,Notes,3.5,5,Medium
S05433,DBMS,No,No,Yes,Yes,No,No,Yes,Morning,High,Notes,2.8,7,Low
S05434,ML,Yes,No,No,Yes,No,No,No,Morning,Medium,Mixed,0.5,5,Low
S05435,CN,No,Yes,No,No,No,Yes,Yes,Afternoon,Medium,Mixed,0.5,3,Low
S05436,DSA,Yes,Yes,No,No,Yes,No,No,Morning,High,Mixed,1.3,4,Low
S05437,OS,No,Yes,Yes,Yes,No,No,Yes,Night,Medium,Mixed,3.1,5,High
S05438,OS,Yes,Yes,Yes,Yes,Yes,No,Yes,Evening,Low,Notes,4.3,7,Medium
S05439,OS,No,No,Yes,No,Yes,Yes,Yes,Night,High,Videos,3.2,7,Medium
S05440,ML,Yes,No,Yes,No,Yes,No,Yes,Morning,Low,Mixed,1.9,5,Low
S05441,DBMS,Yes,Yes,Yes,No,No,No,Yes,Night,High,Mixed,3.8,6,Low
S05442,CN,No,No,Yes,Yes,Yes,No,Yes,Morning,High,Videos,5.0,7,High
S05443,DBMS,No,No,No,No,No,Yes,No,Morning,Medium,Mixed,1.4,3,Low
S05444,DBMS,No,Yes,Yes,No,No,No,Yes,Night,Low,Notes,3.3,5,Low
S05445,OS,No,No,No,No,Yes,Yes,No,Morning,Medium,Mixed,1.3,3,Low
S05446,ML,Yes,Yes,Yes,Yes,Yes,No,Yes,Night,Medium,Notes,3.6,6,High
S05447,OS,No,No,No,Yes,No,Yes,Yes,Night,Medium,Notes,0.5,6,Low
S05448,CN,Yes,Yes,Yes,No,No,No,No,Morning,Medium,Mixed,1.8,7,Low
S05449,ML,Yes,No,Yes,Yes,Yes,No,Yes,Night,High,Videos,3.6,5,High
S05450,DBMS,Yes,Yes,Yes,No,No,No,No,Evening,Low,Mixed,3.2,6,Low
S05451,DSA,Yes,Yes,Yes,No,Yes,No,No,Evening,Medium,Notes,3.8,4,Low
S05452,DSA,Yes,No,Yes,No,Yes,No,Yes,Night,High,Notes,2.1,4,Medium
S05453,OS,No,No,No,Yes,No,No,Yes,Evening,Low,Notes,1.5,3,Low
S05454,CN,Yes,Yes,Yes,No,Yes,No,Yes,Night,High,Mixed,2.8,5,Low
S05455,CN,No,Yes,Yes,Yes,Yes,No,Yes,Night,High,Videos,5.1,7,High
S05456,ML,Yes,No,No,No,Yes,No,Yes,Afternoon,High,Notes,2.9,5,Low
S05457,DBMS,Yes,No,No,No,No,No,No,Night,Low,Videos,1.8,2,Low
S05458,ML,No,Yes,Yes,Yes,Yes,No,No,Evening,Low,Notes,4.3,8,Medium
S05459,CN,Yes,Yes,Yes,Yes,Yes,No,No,Morning,Medium,Mixed,4.0,6,High
S05460,ML,Yes,Yes,No,No,No,Yes,Yes,Afternoon,High,Videos,1.9,2,Low
S05461,ML,No,No,Yes,No,No,No,Yes,Morning,Low,Notes,1.7,6,Low
S05462,OS,Yes,No,No,Yes,No,No,Yes,Evening,High,Mixed,1.8,6,Low
S05463,ML,Yes,No,Yes,Yes,Yes,No,No,Morning,High,Notes,3.1,8,High
S05464,OS,No,Yes,No,No,No,Yes,Yes,Morning,High,Mixed,2.5,3,Low
S05465,CN,Yes,No,Yes,Yes,Yes,Yes,Yes,Night,Medium,Videos,5.4,7,High
S05466,CN,No,Yes,Yes,Yes,No,No,No,Night,Medium,Mixed,3.3,6,Medium
S05467,DSA,No,No,No,No,No,No,No,Evening,Medium,Mixed,2.9,2,Low
S05468,DSA,Yes,Yes,No,Yes,No,No,Yes,Night,High,Mixed,3.0,4,Medium
S05469,DSA,Yes,Yes,Yes,Yes,Yes,No,No,Evening,Medium,Notes,3.8,8,High
S05470,OS,Yes,Yes,No,No,No,Yes,Yes,Evening,High,Videos,0.5,3,Low
S05471,DSA,No,Yes,No,No,No,No,No,Evening,High,Videos,3.5,2,Low
S05472,DSA,Yes,Yes,Yes,No,Yes,No,Yes,Morning,Medium,Notes,4.0,4,Low
S05473,OS,No,No,Yes,Yes,No,No,Yes,Afternoon,High,Videos,3.2,6,Medium
S05474,ML,Yes,No,Yes,Yes,Yes,No,No,Evening,High,Mixed,4.0,5,High
S05475,ML,No,No,No,Yes,No,No,Yes,Evening,High,Videos,3.6,4,Low
S05476,CN,Yes,Yes,Yes,Yes,Yes,Yes,No,Evening,High,Videos,3.6,5,High
S05477,OS,Yes,Yes,Yes,Yes,No,Yes,Yes,Afternoon,Medium,Mixed,2.0,5,High
S05478,DSA,Yes,No,Yes,Yes,Yes,Yes,Yes,Evening,High,Mixed,5.2,7,High
S05479,CN,Yes,Yes,Yes,No,No,No,Yes,Night,Medium,Videos,2.0,5,Low
S05480,DSA,No,Yes,No,Yes,Yes,No,No,Night,High,Mixed,2.5,4,Low
S05481,ML,Yes,Yes,Yes,No,No,No,Yes,Afternoon,High,Mixed,1.0,4,Low
S05482,CN,Yes,Yes,Yes,No,No,No,Yes,Afternoon,Medium,Notes,3.8,4,Low
S05483,DBMS,Yes,No,Yes,Yes,Yes,No,Yes,Night,High,Notes,4.7,6,High
S05484,ML,Yes,Yes,Yes,No,Yes,No,Yes,Afternoon,High,Videos,1.5,7,High
S05485,OS,No,Yes,Yes,No,Yes,No,Yes,Morning,High,Videos,4.0,5,Low
S05486,OS,No,No,Yes,Yes,Yes,No,Yes,Afternoon,Low,Notes,4.6,6,Medium
S05487,DSA,No,Yes,No,Yes,No,No,Yes,Evening,High,Notes,3.4,3,Low
S05488,ML,Yes,No,Yes,No,Yes,Yes,Yes,Morning,High,Mixed,2.6,6,Medium
S05489,DSA,Yes,Yes,Yes,Yes,No,No,Yes,Afternoon,High,Videos,1.7,5,High
S05490,DBMS,No,No,No,No,No,Yes,Yes,Afternoon,High,Notes,1.0,2,Low
S05491,DBMS,Yes,No,No,No,No,No,Yes,Evening,Medium,Mixed,0.5,4,Low
S05492,DBMS,No,Yes,No,Yes,No,No,No,Evening,Low,Mixed,3.3,4,Low
S05493,OS,Yes,No,No,No,No,Yes,No,Night,Medium,Videos,0.5,5,Low
S05494,ML,Yes,Yes,Yes,No,No,No,Yes,Afternoon,High,Mixed,2.2,5,Medium
S05495,CN,No,Yes,Yes,Yes,No,Yes,Yes,Evening,Low,Notes,2.4,6,High
S05496,DSA,Yes,No,Yes,Yes,Yes,No,Yes,Afternoon,High,Notes,3.3,7,High
S05497,DSA,No,No,Yes,Yes,No,Yes,Yes,Evening,Medium,Notes,3.0,5,Medium
S05498,DBMS,Yes,Yes,No,No,No,No,No,Afternoon,Low,Notes,1.9,3,Low
S05499,DBMS,Yes,Yes,Yes,Yes,No,No,Yes,Evening,High,Mixed,3.3,5,High
S05500,DBMS,Yes,Yes,No,No,No,No,No,Evening,Medium,Mixed,1.5,3,Low
S05501,DSA,Yes,No,No,No,No,No,No,Night,Low,Mixed,1.2,3,Low
S05502,OS,Yes,No,No,No,No,No,Yes,Afternoon,Low,Mixed,2.7,3,Low
S05503,CN,Yes,Yes,Yes,Yes,No,No,No,Night,High,Notes,4.0,6,Low
S05504,DBMS,No,No,No,No,No,No,No,Evening,Medium,Videos,0.9,5,Low
S05505,ML,No,Yes,Yes,Yes,Yes,No,Yes,Evening,High,Videos,2.6,8,High
S05506,DBMS,Yes,No,Yes,Yes,Yes,No,No,Evening,High,Mixed,4.1,8,High
S05507,DSA,Yes,No,Yes,Yes,No,No,No,Afternoon,Medium,Notes,3.4,6,Medium
S05508,DBMS,Yes,No,No,Yes,Yes,No,No,Evening,High,Mixed,2.2,6,Medium
S05509,OS,No,Yes,No,No,No,Yes,No,Morning,High,Videos,0.8,3,Low
S05510,OS,Yes,Yes,Yes,Yes,Yes,No,Yes,Night,High,Videos,4.3,7,High
S05511,DBMS,Yes,Yes,No,No,Yes,Yes,No,Afternoon,Medium,Mixed,4.1,4,Low
S05512,ML,Yes,No,Yes,Yes,Yes,No,Yes,Night,High,Mixed,5.1,7,High
S05513,DBMS,Yes,No,No,Yes,No,No,Yes,Evening,Medium,Mixed,1.6,3,Medium
S05514,ML,Yes,Yes,Yes,No,No,No,Yes,Night,Medium,Notes,2.6,4,Low
S05515,ML,Yes,Yes,Yes,No,No,Yes,No,Afternoon,High,Mixed,2.9,7,Medium
S05516,OS,No,Yes,Yes,Yes,Yes,No,Yes,Afternoon,High,Videos,4.4,5,High
S05517,OS,Yes,No,No,Yes,No,Yes,Yes,Night,Medium,Mixed,3.8,4,Low
S05518,DSA,Yes,No,No,Yes,Yes,No,Yes,Night,High,Videos,2.7,5,Low
S05519,DBMS,Yes,Yes,Yes,No,Yes,Yes,Yes,Evening,Medium,Videos,2.3,5,Medium
S05520,CN,Yes,No,Yes,Yes,Yes,No,Yes,Morning,Medium,Notes,4.1,8,High
S05521,CN,Yes,Yes,Yes,Yes,Yes,No,Yes,Afternoon,High,Videos,3.1,7,High
S05522,DBMS,Yes,No,No,No,No,No,Yes,Night,Medium,Notes,1.6,2,Low
S05523,DBMS,Yes,Yes,Yes,No,Yes,No,Yes,Evening,High,Notes,2.5,6,Medium
S05524,DSA,No,Yes,No,Yes,No,No,No,Evening,Low,Notes,2.9,4,Low
S05525,OS,Yes,No,Yes,No,Yes,Yes,Yes,Evening,Low,Notes,4.3,4,Medium
S05526,ML,No,No,Yes,Yes,Yes,No,No,Morning,Low,Videos,2.9,7,Medium
S05527,ML,Yes,Yes,No,No,Yes,No,No,Evening,High,Mixed,1.2,3,Low
S05528,DSA,Yes,No,Yes,Yes,Yes,No,No,Afternoon,Low,Mixed,3.0,7,Medium
S05529,CN,No,No,Yes,No,Yes,Yes,Yes,Evening,High,Mixed,2.8,6,Medium
S05530,DSA,No,Yes,Yes,No,No,No,No,Night,Medium,Mixed,3.3,5,Low
S05531,OS,Yes,No,Yes,No,Yes,No,No,Afternoon,Medium,Notes,1.8,6,Medium
S05532,DBMS,No,No,Yes,Yes,Yes,No,Yes,Afternoon,High,Mixed,4.2,6,High
S05533,CN,Yes,Yes,Yes,No,No,No,No,Morning,High,Mixed,4.0,5,Low
S05534,DBMS,Yes,No,No,No,Yes,No,Yes,Morning,High,Mixed,1.3,2,Low
S05535,DSA,No,No,Yes,Yes,Yes,No,Yes,Evening,High,Videos,3.3,5,High
S05536,CN,No,Yes,Yes,Yes,No,No,Yes,Morning,Medium,Videos,2.7,5,Medium
S05537,DBMS,Yes,Yes,Yes,No,Yes,No,Yes,Afternoon,Medium,Notes,4.4,6,Medium
S05538,ML,Yes,Yes,Yes,Yes,Yes,No,No,Night,High,Notes,4.0,6,High
S05539,CN,Yes,No,Yes,No,No,No,Yes,Morning,Medium,Notes,3.3,6,Low
S05540,OS,Yes,No,No,No,Yes,Yes,No,Evening,Medium,Mixed,1.6,2,Low
S05541,OS,No,Yes,Yes,No,Yes,Yes,Yes,Evening,High,Mixed,3.9,4,High
S05542,ML,Yes,Yes,No,No,No,No,No,Evening,High,Notes,1.4,4,Low
S05543,DSA,Yes,Yes,Yes,No,Yes,No,Yes,Evening,Medium,Notes,4.6,7,Medium
S05544,CN,Yes,Yes,Yes,Yes,No,Yes,Yes,Afternoon,High,Videos,4.1,5,High
S05545,CN,Yes,No,Yes,No,No,No,Yes,Morning,Low,Mixed,4.0,4,Low
S05546,DSA,Yes,Yes,No,No,No,Yes,Yes,Night,High,Videos,2.5,3,Low
S05547,ML,No,No,Yes,No,Yes,No,No,Afternoon,Low,Mixed,2.3,4,Low
S05548,ML,No,Yes,No,No,No,No,Yes,Evening,High,Videos,3.0,3,Low
S05549,OS,No,No,Yes,Yes,No,No,Yes,Night,Medium,Mixed,4.8,8,Medium
S05550,CN,Yes,No,Yes,Yes,Yes,No,Yes,Afternoon,Medium,Notes,2.7,8,High
S05551,DSA,Yes,No,Yes,Yes,No,Yes,Yes,Morning,Low,Notes,3.2,6,Low
S05552,DBMS,Yes,Yes,Yes,No,No,No,Yes,Night,High,Mixed,1.8,7,Medium
S05553,CN,Yes,No,Yes,No,Yes,No,No,Morning,High,Videos,3.4,5,Medium
S05554,OS,Yes,No,Yes,Yes,Yes,No,No,Evening,Medium,Videos,4.1,8,High
S05555,CN,No,No,Yes,No,No,Yes,No,Morning,High,Videos,3.0,5,Low
S05556,DSA,No,No,No,Yes,Yes,No,No,Evening,High,Videos,2.3,3,Medium
S05557,OS,Yes,No,No,No,Yes,No,No,Afternoon,Low,Mixed,0.8,2,Low
S05558,DSA,Yes,Yes,No,No,No,No,Yes,Night,High,Videos,0.5,3,Low
S05559,OS,No,Yes,Yes,Yes,Yes,No,Yes,Afternoon,Medium,Mixed,4.6,8,High
S05560,DBMS,Yes,No,Yes,No,No,No,No,Night,Medium,Mixed,1.7,5,Low
S05561,DSA,No,Yes,Yes,Yes,No,No,No,Evening,Medium,Videos,1.9,6,Medium
S05562,CN,Yes,No,Yes,Yes,Yes,No,Yes,Evening,High,Videos,3.1,5,High
S05563,OS,Yes,No,Yes,No,Yes,No,Yes,Evening,High,Mixed,3.9,4,Medium
S05564,DSA,Yes,No,Yes,Yes,Yes,No,Yes,Evening,High,Mixed,3.1,6,High
S05565,CN,No,No,Yes,Yes,Yes,No,Yes,Night,High,Mixed,4.3,7,High
S05566,OS,Yes,No,Yes,Yes,No,No,No,Afternoon,Medium,Mixed,3.3,6,Medium
S05567,DSA,No,No,Yes,No,Yes,No,Yes,Evening,High,Videos,3.2,6,High
S05568,OS,Yes,Yes,Yes,No,No,No,Yes,Night,High,Mixed,2.8,5,Medium
S05569,DSA,Yes,Yes,Yes,No,Yes,No,Yes,Afternoon,Medium,Videos,1.8,4,Medium
S05570,OS,No,Yes,Yes,No,No,No,No,Afternoon,Medium,Mixed,2.7,7,Low
S05571,DBMS,Yes,Yes,No,No,No,No,No,Afternoon,Low,Notes,1.1,5,Low
S05572,CN,Yes,No,Yes,No,Yes,No,Yes,Afternoon,High,Videos,2.8,5,Medium
S05573,CN,Yes,Yes,Yes,No,No,No,Yes,Morning,High,Videos,2.1,4,Medium
S05574,DBMS,No,No,No,Yes,Yes,No,Yes,Afternoon,Medium,Mixed,2.6,6,Low
S05575,DBMS,Yes,Yes,Yes,No,Yes,Yes,Yes,Morning,Medium,Mixed,3.4,5,Low
S05576,ML,Yes,Yes,Yes,Yes,Yes,No,Yes,Afternoon,High,Videos,4.6,5,High
S05577,OS,No,No,No,Yes,Yes,No,No,Night,Medium,Mixed,3.7,5,Low
S05578,OS,No,Yes,No,Yes,Yes,No,Yes,Evening,High,Videos,6.0,5,High
S05579,DSA,No,No,No,Yes,Yes,No,No,Afternoon,High,Mixed,3.0,3,Medium
S05580,CN,No,Yes,No,No,Yes,No,No,Night,High,Videos,3.2,4,Low
S05581,DSA,No,Yes,No,No,No,Yes,No,Evening,Low,Videos,1.0,4,Low
S05582,ML,Yes,Yes,Yes,No,Yes,No,Yes,Afternoon,High,Videos,2.3,7,High
S05583,CN,Yes,No,Yes,Yes,Yes,No,Yes,Evening,High,Videos,3.5,7,High
S05584,DBMS,No,Yes,Yes,No,Yes,No,Yes,Night,Medium,Mixed,2.3,7,Low
S05585,DBMS,No,No,No,Yes,Yes,No,Yes,Morning,High,Mixed,3.9,6,High
S05586,ML,No,No,No,No,No,No,Yes,Night,Medium,Mixed,3.1,5,Low
S05587,DSA,Yes,Yes,Yes,Yes,Yes,Yes,Yes,Evening,High,Videos,4.5,7,High
S05588,CN,Yes,Yes,No,No,No,No,No,Evening,High,Videos,1.5,4,Low
S05589,DBMS,Yes,Yes,Yes,No,No,No,Yes,Morning,High,Videos,2.6,4,Low
S05590,DBMS,Yes,No,Yes,No,No,No,No,Afternoon,High,Mixed,2.8,7,Low
S05591,DSA,Yes,Yes,No,No,Yes,No,Yes,Evening,High,Videos,3.7,3,Low
S05592,OS,No,Yes,No,Yes,Yes,No,Yes,Night,High,Notes,3.8,6,Medium
S05593,DBMS,Yes,Yes,Yes,Yes,Yes,No,Yes,Evening,High,Notes,5.6,5,High
S05594,DBMS,Yes,Yes,Yes,Yes,Yes,No,Yes,Night,High,Notes,3.7,5,High
S05595,DSA,Yes,No,Yes,Yes,No,Yes,Yes,Evening,High,Mixed,3.2,6,High
S05596,CN,No,Yes,Yes,Yes,No,No,Yes,Night,High,Videos,3.6,5,High
S05597,ML,No,Yes,No,No,Yes,Yes,Yes,Morning,Medium,Mixed,1.4,2,Low
S05598,CN,Yes,Yes,No,No,No,No,No,Night,High,Videos,2.3,4,Low
S05599,OS,Yes,No,No,No,No,Yes,Yes,Night,Medium,Videos,1.0,3,Low
S05600,DBMS,Yes,No,No,No,No,Yes,Yes,Evening,Low,Mixed,0.5,5,Low
S05601,DSA,Yes,Yes,No,No,Yes,Yes,No,Evening,High,Mixed,4.1,5,Low
S05602,CN,Yes,Yes,Yes,Yes,No,No,Yes,Night,High,Videos,4.5,5,High
S05603,DSA,No,No,No,No,Yes,Yes,No,Morning,High,Notes,2.6,4,Low
S05604,DBMS,No,Yes,No,Yes,Yes,No,No,Afternoon,Medium,Videos,3.7,5,Low
S05605,DSA,Yes,Yes,Yes,Yes,Yes,No,No,Night,Medium,Videos,4.6,6,Medium
S05606,DBMS,Yes,Yes,Yes,No,Yes,No,Yes,Afternoon,High,Videos,3.0,6,High
S05607,ML,Yes,Yes,No,Yes,Yes,No,No,Morning,Low,Mixed,4.5,6,Medium
S05608,CN,Yes,Yes,No,Yes,Yes,No,Yes,Evening,High,Mixed,4.2,4,Medium
S05609,OS,Yes,Yes,No,Yes,No,No,Yes,Evening,High,Mixed,3.0,5,Low
S05610,DBMS,No,No,No,No,No,No,No,Night,High,Mixed,0.5,5,Low
S05611,DSA,Yes,Yes,No,Yes,No,No,No,Evening,Low,Notes,1.1,4,Low
S05612,CN,No,Yes,No,No,No,No,No,Night,Medium,Notes,2.0,2,Low
S05613,OS,Yes,Yes,No,Yes,Yes,No,No,Evening,Medium,Videos,4.1,4,Low
S05614,DSA,No,Yes,No,No,No,No,No,Evening,High,Mixed,0.5,5,Low
S05615,OS,No,No,No,No,No,No,Yes,Evening,High,Mixed,2.5,2,Low
S05616,CN,Yes,No,No,Yes,Yes,No,Yes,Morning,High,Notes,2.4,4,Medium
S05617,DSA,Yes,No,Yes,No,No,No,Yes,Morning,High,Notes,2.9,6,Medium
S05618,DBMS,No,Yes,No,Yes,No,Yes,Yes,Night,High,Mixed,2.2,3,Medium
S05619,DBMS,Yes,Yes,No,Yes,No,No,Yes,Night,Medium,Notes,1.9,3,Low
S05620,OS,Yes,Yes,Yes,Yes,Yes,Yes,Yes,Afternoon,High,Videos,3.8,7,High
S05621,DBMS,Yes,No,Yes,Yes,No,No,Yes,Evening,High,Videos,3.8,5,Medium
S05622,OS,Yes,Yes,No,No,No,No,No,Afternoon,High,Videos,2.8,3,Low
S05623,ML,No,Yes,Yes,No,No,No,Yes,Evening,High,Videos,2.0,4,Low
S05624,DSA,Yes,No,Yes,No,Yes,No,Yes,Night,High,Notes,2.8,5,Medium
S05625,DSA,Yes,Yes,Yes,Yes,Yes,No,Yes,Evening,High,Videos,4.4,5,High
S05626,OS,Yes,Yes,Yes,No,Yes,Yes,No,Evening,Low,Videos,3.6,7,Low
S05627,CN,No,Yes,Yes,No,No,Yes,No,Evening,Low,Notes,1.7,6,Low
S05628,ML,No,No,No,Yes,Yes,No,No,Evening,Low,Videos,0.8,3,Low
S05629,ML,Yes,No,Yes,No,Yes,No,Yes,Night,Medium,Mixed,2.0,5,Medium
S05630,ML,Yes,Yes,Yes,No,Yes,No,Yes,Morning,High,Notes,2.6,4,High
S05631,DBMS,Yes,No,Yes,No,Yes,No,Yes,Morning,Medium,Videos,3.1,5,High
S05632,CN,Yes,Yes,No,No,No,Yes,Yes,Evening,Low,Videos,2.3,5,Low
S05633,CN,Yes,Yes,Yes,Yes,No,No,Yes,Night,High,Videos,2.0,8,Medium
S05634,CN,Yes,No,No,No,Yes,No,Yes,Evening,High,Videos,1.9,2,Low
S05635,OS,Yes,No,No,No,No,Yes,No,Afternoon,Low,Videos,2.9,3,Low
S05636,ML,No,No,No,No,No,No,No,Evening,High,Videos,1.0,4,Low
S05637,CN,Yes,No,Yes,Yes,No,Yes,Yes,Evening,Medium,Videos,4.4,7,Medium
S05638,ML,No,Yes,No,Yes,No,No,No,Night,High,Mixed,3.1,5,Medium
S05639,DBMS,Yes,Yes,Yes,Yes,No,Yes,Yes,Evening,Medium,Videos,4.5,6,High
S05640,CN,Yes,Yes,Yes,Yes,No,No,No,Evening,High,Videos,2.7,5,Low
S05641,OS,Yes,Yes,Yes,No,No,No,Yes,Evening,Medium,Notes,2.5,6,Low
S05642,DSA,No,Yes,No,No,No,No,Yes,Afternoon,High,Videos,1.1,4,Low
S05643,DSA,No,Yes,Yes,No,No,No,Yes,Morning,High,Notes,3.6,6,Low
S05644,OS,Yes,Yes,Yes,Yes,Yes,Yes,Yes,Evening,High,Mixed,3.9,8,High
S05645,DBMS,No,No,No,No,No,Yes,No,Evening,Medium,Videos,1.5,4,Low
S05646,DBMS,Yes,Yes,Yes,Yes,Yes,No,Yes,Morning,High,Mixed,1.7,6,High
S05647,DBMS,Yes,Yes,No,No,No,Yes,No,Evening,Low,Videos,0.5,4,Low
S05648,ML,Yes,No,Yes,Yes,No,No,Yes,Night,Medium,Notes,4.2,7,Medium
S05649,DSA,Yes,No,Yes,No,Yes,No,No,Morning,High,Videos,3.9,5,Medium
S05650,CN,Yes,Yes,Yes,No,Yes,No,Yes,Night,Medium,Mixed,3.3,7,High
S05651,DSA,No,No,No,No,No,No,No,Evening,Low,Mixed,4.0,2,Low
S05652,CN,Yes,No,No,Yes,Yes,No,No,Morning,Medium,Notes,2.7,3,Low
S05653,DBMS,Yes,No,Yes,Yes,Yes,No,No,Night,Medium,Notes,4.6,6,Medium
S05654,DBMS,Yes,Yes,Yes,Yes,No,Yes,Yes,Afternoon,High,Mixed,3.8,6,High
S05655,DSA,Yes,Yes,No,No,Yes,No,Yes,Morning,Medium,Videos,3.0,3,Low
S05656,DBMS,Yes,No,No,No,No,No,No,Evening,High,Mixed,2.2,3,Low
S05657,ML,No,Yes,Yes,Yes,Yes,No,Yes,Morning,Medium,Videos,2.9,8,High
S05658,DBMS,No,No,Yes,Yes,No,No,Yes,Morning,High,Mixed,2.4,5,Medium
S05659,OS,Yes,No,Yes,No,Yes,No,No,Evening,Medium,Mixed,3.0,5,Low
S05660,OS,No,No,No,No,Yes,No,Yes,Morning,High,Notes,2.7,4,Low
S05661,ML,Yes,No,Yes,Yes,Yes,No,No,Night,High,Videos,5.6,5,High
S05662,OS,Yes,No,No,No,No,No,Yes,Night,Medium,Videos,2.2,4,Low
S05663,DSA,Yes,No,No,No,Yes,Yes,No,Night,Medium,Mixed,1.8,2,Low
S05664,OS,Yes,No,No,No,No,Yes,Yes,Evening,Medium,Notes,1.4,3,Low
S05665,CN,Yes,Yes,No,Yes,No,No,Yes,Evening,High,Notes,3.1,4,Low
S05666,DSA,No,No,No,No,No,No,No,Evening,High,Mixed,1.2,3,Low
S05667,DSA,Yes,No,No,No,No,No,No,Evening,Medium,Videos,2.2,3,Low
S05668,OS,No,No,No,No,No,No,No,Night,Medium,Notes,0.5,3,Low
S05669,CN,No,Yes,No,No,Yes,Yes,Yes,Afternoon,Medium,Notes,1.1,5,Low
S05670,ML,No,Yes,No,Yes,Yes,Yes,Yes,Morning,Medium,Mixed,3.4,4,Low
S05671,CN,Yes,No,Yes,Yes,No,Yes,Yes,Evening,Low,Mixed,5.3,6,Low
S05672,DSA,No,Yes,No,No,No,No,Yes,Afternoon,High,Notes,1.0,4,Low
S05673,DSA,Yes,No,Yes,Yes,Yes,No,No,Night,High,Notes,4.4,8,High
S05674,DSA,Yes,Yes,No,Yes,No,Yes,No,Morning,Medium,Videos,3.6,5,Low
S05675,CN,Yes,Yes,Yes,No,Yes,Yes,Yes,Evening,High,Videos,3.5,7,Medium
S05676,CN,No,Yes,No,Yes,No,Yes,Yes,Night,Low,Mixed,2.3,5,Low
S05677,OS,Yes,No,No,No,No,No,No,Afternoon,High,Mixed,2.8,5,Low
S05678,DBMS,Yes,Yes,No,No,Yes,No,Yes,Evening,Medium,Videos,1.0,4,Low
S05679,DBMS,No,No,No,No,No,No,Yes,Night,Medium,Mixed,0.5,5,Low
S05680,OS,Yes,No,Yes,Yes,No,No,Yes,Night,Low,Videos,2.1,7,Low
S05681,ML,No,No,Yes,Yes,Yes,No,Yes,Morning,Medium,Mixed,2.3,6,High
S05682,DSA,Yes,Yes,Yes,Yes,No,No,Yes,Morning,High,Notes,2.5,8,Medium
S05683,OS,Yes,Yes,Yes,Yes,Yes,No,Yes,Afternoon,Medium,Videos,3.8,8,High
S05684,ML,Yes,No,Yes,Yes,Yes,No,No,Morning,Medium,Mixed,3.4,6,High
S05685,ML,Yes,Yes,Yes,No,No,No,Yes,Morning,High,Mixed,0.5,5,Medium
S05686,CN,Yes,Yes,Yes,Yes,Yes,No,Yes,Evening,High,Mixed,3.7,6,High
S05687,CN,Yes,No,No,Yes,No,No,No,Morning,Medium,Mixed,2.2,3,Low
S05688,DBMS,Yes,Yes,No,No,No,No,Yes,Morning,High,Mixed,2.1,2,Low
S05689,ML,No,Yes,Yes,Yes,Yes,No,Yes,Night,High,Notes,4.9,5,High
S05690,ML,No,No,No,No,No,No,Yes,Evening,High,Mixed,2.1,3,Low
S05691,CN,Yes,Yes,Yes,Yes,No,No,Yes,Afternoon,High,Notes,0.9,7,Medium
S05692,CN,Yes,Yes,Yes,Yes,Yes,No,Yes,Morning,High,Videos,3.3,6,High
S05693,DSA,Yes,Yes,Yes,Yes,No,Yes,No,Evening,Medium,Mixed,2.8,5,Medium
S05694,DSA,No,No,No,No,Yes,No,Yes,Evening,High,Videos,1.1,2,Low
S05695,DBMS,No,No,Yes,Yes,Yes,Yes,No,Afternoon,Medium,Videos,5.3,8,High
S05696,ML,Yes,No,Yes,No,No,No,Yes,Evening,Medium,Videos,2.1,7,Low
S05697,OS,Yes,No,No,Yes,Yes,Yes,No,Evening,Medium,Notes,2.0,6,Medium
S05698,DSA,No,Yes,No,No,No,No,No,Evening,Medium,Videos,2.0,2,Low
S05699,CN,No,No,No,No,No,No,No,Evening,High,Notes,0.5,5,Low
S05700,ML,Yes,Yes,No,No,Yes,No,Yes,Evening,High,Notes,1.2,2,Low
S05701,ML,No,No,No,No,No,No,Yes,Morning,High,Mixed,1.9,5,Low
S05702,DSA,Yes,No,Yes,No,No,No,No,Afternoon,High,Mixed,1.6,5,Low
S05703,DBMS,Yes,Yes,No,Yes,Yes,No,Yes,Evening,Medium,Notes,4.4,4,Medium
S05704,DSA,No,No,Yes,Yes,No,No,Yes,Evening,High,Videos,3.8,7,Medium
S05705,ML,Yes,No,Yes,No,Yes,Yes,No,Night,High,Videos,3.2,5,Medium
S05706,OS,Yes,Yes,No,Yes,No,No,No,Afternoon,Medium,Notes,2.5,3,Low
S05707,DSA,No,No,Yes,No,No,Yes,No,Evening,High,Notes,1.2,7,Low
S05708,OS,No,No,Yes,Yes,No,No,Yes,Evening,High,Notes,3.3,6,Medium
S05709,OS,Yes,Yes,Yes,Yes,No,Yes,Yes,Morning,Medium,Videos,2.2,7,Low
S05710,DBMS,Yes,Yes,No,Yes,No,No,No,Morning,Low,Notes,3.4,5,Low
S05711,DSA,No,No,No,No,No,No,Yes,Evening,High,Notes,3.4,5,Low
S05712,ML,Yes,Yes,Yes,Yes,No,Yes,Yes,Evening,High,Mixed,2.2,6,High
S05713,DBMS,No,Yes,Yes,Yes,No,Yes,No,Night,Medium,Mixed,2.8,6,High
S05714,DSA,No,No,No,Yes,Yes,No,No,Afternoon,High,Notes,3.1,6,Medium
S05715,ML,Yes,No,Yes,Yes,No,Yes,Yes,Night,Medium,Videos,4.4,8,Medium
S05716,DBMS,Yes,Yes,Yes,Yes,No,No,No,Morning,High,Notes,5.1,8,High
S05717,CN,No,Yes,Yes,No,No,No,Yes,Evening,High,Mixed,2.5,4,Medium
S05718,DBMS,No,No,No,No,No,No,No,Morning,Medium,Mixed,2.8,2,Low
S05719,CN,Yes,Yes,Yes,Yes,Yes,Yes,Yes,Evening,Low,Mixed,4.0,5,High
S05720,DSA,Yes,No,No,Yes,Yes,No,No,Afternoon,Medium,Mixed,2.5,3,Medium
S05721,DBMS,No,No,Yes,Yes,Yes,No,Yes,Evening,Medium,Mixed,2.5,5,Medium
S05722,DSA,Yes,Yes,No,Yes,No,No,Yes,Evening,Medium,Notes,1.7,4,Low
S05723,DSA,Yes,No,No,Yes,No,No,Yes,Evening,High,Videos,2.3,4,Low
S05724,DBMS,No,No,No,No,Yes,No,No,Morning,High,Mixed,1.7,3,Low
S05725,DBMS,No,No,No,Yes,Yes,No,No,Evening,Medium,Videos,5.3,3,Low
S05726,DSA,No,Yes,Yes,Yes,Yes,No,Yes,Evening,Medium,Mixed,4.2,5,Medium
S05727,ML,No,Yes,Yes,No,No,No,Yes,Night,High,Notes,2.3,4,Medium
S05728,DBMS,Yes,No,Yes,Yes,Yes,Yes,Yes,Night,High,Notes,2.5,6,High
S05729,OS,No,No,No,No,Yes,No,No,Afternoon,High,Notes,1.7,5,Low
S05730,OS,Yes,No,No,No,No,No,No,Evening,Medium,Notes,1.0,4,Low
S05731,ML,Yes,Yes,Yes,Yes,Yes,No,No,Afternoon,Low,Mixed,3.8,8,Medium
S05732,DSA,No,No,No,No,No,Yes,No,Afternoon,High,Notes,3.2,2,Low
S05733,OS,No,Yes,Yes,Yes,No,No,Yes,Evening,High,Mixed,3.9,6,Medium
S05734,ML,No,No,Yes,Yes,Yes,No,Yes,Evening,Low,Videos,4.2,7,High
S05735,OS,Yes,No,Yes,No,No,Yes,Yes,Night,High,Mixed,2.3,4,Low
S05736,DBMS,No,No,No,No,No,No,Yes,Afternoon,Medium,Mixed,1.2,5,Low
S05737,CN,Yes,Yes,Yes,Yes,Yes,Yes,Yes,Morning,Medium,Mixed,4.2,8,High
S05738,OS,No,No,No,Yes,Yes,No,No,Evening,High,Notes,3.4,3,Medium
S05739,OS,No,Yes,No,No,Yes,Yes,No,Night,Medium,Notes,2.7,2,Low
S05740,ML,Yes,Yes,Yes,No,Yes,No,Yes,Evening,Medium,Notes,3.9,7,Low
S05741,ML,No,No,Yes,Yes,Yes,No,Yes,Evening,High,Videos,4.7,6,High
S05742,CN,No,No,Yes,Yes,No,No,Yes,Evening,Medium,Mixed,2.1,5,Medium
S05743,CN,No,No,Yes,No,Yes,No,No,Evening,Low,Videos,3.4,7,Low
S05744,DSA,No,No,No,No,No,No,Yes,Evening,Low,Videos,2.6,5,Low
S05745,OS,No,Yes,Yes,Yes,Yes,No,Yes,Night,High,Mixed,3.4,7,High
S05746,OS,Yes,Yes,No,Yes,No,No,No,Night,High,Videos,1.6,4,Low
S05747,DSA,Yes,Yes,No,No,No,No,No,Afternoon,High,Mixed,0.5,3,Low
S05748,CN,No,No,No,No,No,No,Yes,Evening,High,Mixed,0.7,5,Low
S05749,DBMS,No,No,Yes,No,No,No,Yes,Evening,High,Videos,2.3,6,Medium
S05750,ML,No,Yes,No,No,Yes,Yes,No,Afternoon,High,Videos,3.1,3,Low
S05751,DSA,Yes,Yes,Yes,Yes,Yes,Yes,No,Night,Medium,Notes,2.6,5,High
S05752,CN,Yes,No,Yes,Yes,Yes,No,Yes,Night,High,Videos,4.9,6,High
S05753,DSA,No,No,No,No,Yes,No,Yes,Afternoon,High,Notes,2.2,4,Low
S05754,DBMS,No,No,Yes,No,Yes,Yes,Yes,Night,Low,Mixed,1.8,7,Low
S05755,OS,Yes,Yes,No,No,No,No,No,Afternoon,Low,Notes,2.1,4,Low
S05756,OS,Yes,Yes,No,No,Yes,No,Yes,Afternoon,High,Videos,2.7,3,Medium
S05757,OS,Yes,Yes,Yes,No,No,Yes,Yes,Morning,Medium,Notes,2.7,4,Medium
S05758,CN,Yes,Yes,No,Yes,No,No,Yes,Morning,High,Videos,2.7,4,Low
S05759,DSA,Yes,No,Yes,Yes,Yes,No,Yes,Morning,Medium,Videos,4.6,6,High
S05760,OS,Yes,Yes,No,No,No,No,No,Night,Medium,Mixed,1.7,2,Low
S05761,DBMS,Yes,Yes,Yes,Yes,No,No,Yes,Night,Low,Mixed,4.1,8,Medium
S05762,ML,No,No,Yes,No,Yes,No,No,Evening,High,Mixed,2.0,5,Medium
S05763,ML,No,Yes,Yes,Yes,Yes,No,Yes,Evening,Medium,Mixed,4.2,5,Medium
S05764,DBMS,No,No,Yes,Yes,Yes,No,No,Night,High,Mixed,4.2,8,Medium
S05765,ML,Yes,Yes,No,Yes,Yes,No,Yes,Evening,High,Notes,3.9,5,Medium
S05766,ML,Yes,Yes,Yes,Yes,Yes,Yes,Yes,Night,Low,Notes,4.5,8,High
S05767,CN,Yes,Yes,No,Yes,Yes,No,Yes,Morning,Medium,Videos,2.5,6,Medium
S05768,CN,Yes,No,Yes,Yes,Yes,No,Yes,Morning,High,Videos,4.4,5,High
S05769,CN,Yes,Yes,No,Yes,No,No,Yes,Evening,High,Videos,1.6,5,Medium
S05770,ML,No,No,Yes,Yes,No,No,Yes,Night,High,Notes,2.5,5,Medium
S05771,OS,No,No,No,No,No,No,Yes,Evening,High,Videos,1.4,3,Low
S05772,ML,No,Yes,No,No,Yes,No,Yes,Afternoon,High,Notes,1.2,4,Low
S05773,DSA,Yes,No,Yes,Yes,Yes,Yes,Yes,Morning,High,Notes,3.7,5,High
S05774,DSA,Yes,Yes,Yes,No,Yes,Yes,Yes,Evening,Medium,Mixed,3.7,6,Medium
S05775,DBMS,Yes,Yes,Yes,Yes,Yes,No,Yes,Evening,Medium,Notes,4.7,5,High
S05776,ML,Yes,No,No,No,No,Yes,No,Morning,Medium,Mixed,0.5,5,Low
S05777,DSA,No,Yes,No,No,Yes,Yes,No,Night,Medium,Notes,0.5,3,Low
S05778,DBMS,Yes,No,Yes,No,No,Yes,Yes,Night,Low,Mixed,1.6,4,Low
S05779,OS,No,No,No,No,Yes,No,Yes,Evening,High,Mixed,1.8,5,Low
S05780,DSA,Yes,Yes,No,Yes,Yes,No,Yes,Morning,High,Notes,5.0,3,High
S05781,CN,No,Yes,No,No,No,No,No,Evening,High,Videos,0.9,4,Low
S05782,OS,No,No,Yes,No,No,No,Yes,Evening,High,Mixed,4.1,4,Medium
S05783,ML,Yes,Yes,Yes,No,Yes,No,Yes,Night,Medium,Notes,3.8,7,Medium
S05784,CN,No,Yes,No,Yes,Yes,No,Yes,Afternoon,High,Videos,2.8,4,Medium
S05785,CN,Yes,Yes,No,No,No,No,Yes,Night,High,Notes,1.4,4,Low
S05786,DSA,No,Yes,No,No,No,Yes,No,Evening,Medium,Notes,2.6,3,Low
S05787,CN,No,No,No,No,Yes,No,Yes,Morning,Low,Mixed,1.6,3,Low
S05788,ML,No,Yes,Yes,No,Yes,No,Yes,Night,Low,Videos,4.8,5,Low
S05789,CN,No,No,No,No,No,No,Yes,Evening,High,Notes,2.0,3,Low
S05790,ML,Yes,No,No,Yes,No,Yes,No,Morning,High,Notes,2.0,5,Medium
S05791,OS,No,No,No,No,No,No,Yes,Evening,Medium,Mixed,1.6,2,Low
S05792,ML,No,No,No,No,Yes,Yes,Yes,Evening,High,Notes,3.1,4,Low
S05793,OS,Yes,No,Yes,Yes,No,No,Yes,Evening,Medium,Videos,4.9,6,Medium
S05794,DBMS,Yes,Yes,Yes,Yes,No,No,Yes,Morning,High,Mixed,3.7,6,Medium
S05795,DSA,No,Yes,No,No,No,No,No,Night,Low,Mixed,1.1,3,Low
S05796,OS,No,No,No,Yes,Yes,No,Yes,Night,Medium,Notes,3.1,4,Medium
S05797,DSA,Yes,Yes,Yes,No,Yes,Yes,No,Night,High,Mixed,2.1,6,High
S05798,ML,No,No,No,No,No,No,Yes,Evening,Medium,Notes,2.2,3,Low
S05799,CN,No,Yes,Yes,Yes,No,Yes,No,Morning,High,Mixed,2.7,8,High
S05800,OS,Yes,No,Yes,No,Yes,No,Yes,Evening,Medium,Videos,2.7,5,High
S05801,ML,Yes,No,No,Yes,Yes,Yes,Yes,Night,Medium,Videos,3.7,5,Medium
S05802,ML,Yes,No,No,No,No,Yes,No,Night,High,Notes,2.3,2,Low
S05803,CN,No,Yes,No,No,No,Yes,Yes,Evening,High,Notes,0.7,3,Low
S05804,DSA,Yes,No,No,Yes,No,Yes,No,Afternoon,High,Videos,2.5,4,Low
S05805,CN,Yes,No,Yes,Yes,Yes,Yes,No,Evening,Medium,Videos,4.0,8,High
S05806,OS,No,No,Yes,No,No,Yes,Yes,Evening,High,Notes,2.0,4,Medium
S05807,DSA,No,No,No,Yes,Yes,No,Yes,Night,Medium,Notes,3.1,4,Medium
S05808,ML,No,Yes,No,Yes,Yes,Yes,Yes,Night,High,Videos,2.9,4,Medium
S05809,DBMS,Yes,Yes,Yes,Yes,No,No,Yes,Afternoon,High,Notes,3.1,8,High
S05810,CN,No,Yes,No,Yes,No,No,Yes,Afternoon,High,Videos,3.1,5,Low
S05811,DBMS,Yes,No,Yes,Yes,Yes,No,Yes,Night,High,Videos,2.7,5,High
S05812,DSA,Yes,No,Yes,No,No,No,No,Evening,High,Mixed,2.2,6,Medium
S05813,ML,No,Yes,No,No,Yes,Yes,No,Afternoon,High,Videos,1.6,4,Low
S05814,CN,No,No,No,Yes,No,Yes,Yes,Morning,High,Notes,1.1,5,Medium
S05815,ML,Yes,Yes,Yes,No,Yes,Yes,Yes,Afternoon,Medium,Videos,3.3,6,High
S05816,DBMS,No,No,Yes,Yes,Yes,No,Yes,Afternoon,Medium,Mixed,3.1,8,High
S05817,DSA,Yes,Yes,Yes,Yes,Yes,No,Yes,Morning,High,Videos,3.4,8,High
S05818,CN,Yes,Yes,No,No,No,No,No,Night,Medium,Notes,2.1,5,Low
S05819,CN,Yes,Yes,Yes,No,Yes,No,Yes,Evening,High,Mixed,1.7,7,High
S05820,DBMS,Yes,No,Yes,Yes,No,No,Yes,Night,High,Mixed,3.8,6,High
S05821,OS,No,No,No,No,No,Yes,Yes,Evening,Medium,Videos,2.8,3,Low
S05822,ML,No,Yes,Yes,No,No,No,Yes,Night,Medium,Notes,2.8,7,Low
S05823,DBMS,No,No,No,No,No,Yes,Yes,Evening,Medium,Videos,2.2,2,Low
S05824,ML,Yes,No,No,Yes,Yes,No,No,Evening,Low,Notes,5.3,5,Low
S05825,ML,Yes,Yes,Yes,Yes,No,No,Yes,Evening,High,Videos,3.5,8,High
S05826,ML,Yes,No,Yes,Yes,Yes,No,Yes,Evening,Medium,Videos,4.3,6,High
S05827,DBMS,No,Yes,Yes,No,No,No,Yes,Afternoon,Medium,Notes,3.5,7,Low
S05828,OS,Yes,No,No,No,Yes,No,Yes,Morning,Medium,Videos,1.7,3,Low
S05829,OS,Yes,No,No,Yes,No,No,Yes,Morning,Medium,Videos,1.7,6,Low
S05830,OS,No,Yes,No,Yes,No,No,No,Afternoon,High,Videos,2.3,3,Low
S05831,OS,No,No,No,No,No,No,Yes,Morning,Medium,Mixed,1.2,3,Low
S05832,DSA,Yes,Yes,No,Yes,No,No,Yes,Evening,Medium,Notes,1.2,5,Low
S05833,DBMS,Yes,No,Yes,No,Yes,No,Yes,Afternoon,High,Notes,1.9,4,Low
S05834,CN,No,No,Yes,No,Yes,Yes,Yes,Evening,High,Mixed,1.9,7,High
S05835,ML,Yes,Yes,No,No,No,No,Yes,Evening,Low,Notes,1.0,5,Low
S05836,ML,Yes,No,No,Yes,No,Yes,Yes,Afternoon,High,Videos,1.3,4,Low
S05837,CN,No,Yes,No,No,No,No,Yes,Evening,Low,Videos,2.0,5,Low
S05838,ML,Yes,No,Yes,Yes,Yes,Yes,Yes,Evening,Medium,Mixed,5.2,8,High
S05839,OS,Yes,No,Yes,No,Yes,No,Yes,Evening,Medium,Mixed,3.5,4,High
S05840,DBMS,Yes,No,Yes,Yes,No,No,Yes,Evening,High,Notes,2.7,7,High
S05841,OS,Yes,Yes,Yes,Yes,No,Yes,No,Afternoon,Low,Videos,5.2,7,Low
S05842,DBMS,Yes,No,No,No,No,No,Yes,Evening,High,Mixed,1.0,5,Low
S05843,DBMS,Yes,Yes,No,No,Yes,No,No,Evening,High,Notes,1.7,3,Low
S05844,DBMS,Yes,Yes,Yes,Yes,No,Yes,No,Evening,Medium,Videos,3.1,5,High
S05845,ML,Yes,No,No,Yes,No,No,Yes,Evening,High,Videos,3.2,4,Low
S05846,ML,No,Yes,Yes,No,No,No,No,Afternoon,High,Mixed,1.8,6,Low
S05847,OS,No,Yes,Yes,Yes,No,Yes,Yes,Night,High,Mixed,4.8,5,Medium
S05848,OS,Yes,Yes,No,Yes,Yes,No,Yes,Night,High,Mixed,1.2,4,High
S05849,DBMS,Yes,No,No,Yes,No,No,No,Morning,Medium,Mixed,1.7,5,Low
S05850,DBMS,No,No,No,No,No,No,Yes,Night,High,Videos,2.3,5,Low
S05851,ML,No,Yes,Yes,No,Yes,No,Yes,Afternoon,Medium,Notes,5.3,5,Medium
S05852,CN,No,Yes,Yes,No,Yes,No,Yes,Morning,Low,Mixed,4.5,5,Medium
S05853,OS,Yes,No,No,No,No,Yes,No,Evening,Medium,Mixed,2.1,4,Low
S05854,DBMS,Yes,Yes,No,No,Yes,No,Yes,Evening,High,Mixed,1.4,3,Low
S05855,CN,Yes,No,Yes,Yes,Yes,Yes,Yes,Night,Medium,Notes,3.4,7,Medium
S05856,CN,No,No,Yes,Yes,Yes,No,Yes,Evening,High,Mixed,4.6,6,High
S05857,DBMS,Yes,No,Yes,No,No,No,Yes,Evening,Medium,Notes,3.2,7,Low
S05858,DBMS,Yes,Yes,Yes,No,No,No,Yes,Morning,Medium,Videos,2.1,5,Low
S05859,DBMS,Yes,No,Yes,Yes,Yes,Yes,Yes,Evening,High,Videos,3.5,6,High
S05860,CN,Yes,No,No,No,No,No,No,Evening,High,Mixed,2.5,2,Low
S05861,OS,Yes,Yes,Yes,Yes,No,No,No,Morning,Low,Mixed,4.0,6,Low
S05862,OS,Yes,No,No,No,No,No,Yes,Evening,High,Notes,1.9,5,Low
S05863,ML,No,Yes,No,No,No,No,Yes,Night,High,Mixed,0.9,2,Low
S05864,OS,No,No,Yes,No,No,Yes,No,Afternoon,High,Notes,2.9,4,Low
S05865,ML,No,No,Yes,Yes,No,Yes,Yes,Evening,Medium,Mixed,2.9,6,Medium
S05866,DSA,Yes,Yes,No,Yes,Yes,No,No,Evening,Low,Videos,2.9,3,Low
S05867,DSA,No,Yes,No,No,Yes,No,Yes,Night,High,Videos,2.3,5,Low
S05868,ML,No,Yes,No,No,Yes,No,No,Morning,High,Notes,2.6,2,Low
S05869,DBMS,Yes,Yes,Yes,Yes,No,No,Yes,Evening,Low,Videos,1.5,7,Low
S05870,DSA,Yes,No,Yes,Yes,No,No,No,Evening,High,Notes,4.2,7,Medium
S05871,DSA,No,Yes,No,No,Yes,No,Yes,Evening,Medium,Mixed,3.0,3,Low
S05872,DSA,Yes,No,Yes,No,Yes,No,Yes,Evening,Low,Videos,3.8,4,Low
S05873,CN,Yes,Yes,Yes,Yes,Yes,No,Yes,Night,High,Notes,4.3,5,High
S05874,DSA,Yes,No,No,Yes,No,No,No,Evening,Low,Mixed,1.2,3,Low
S05875,OS,Yes,No,Yes,No,Yes,No,No,Morning,High,Notes,4.0,6,Medium
S05876,DBMS,Yes,No,Yes,Yes,Yes,Yes,Yes,Evening,Medium,Videos,3.4,5,High
S05877,OS,Yes,No,No,Yes,No,No,Yes,Evening,Medium,Notes,1.7,4,Medium
S05878,OS,Yes,No,Yes,Yes,Yes,No,Yes,Morning,Medium,Notes,5.7,5,High
S05879,ML,No,No,No,No,No,No,No,Afternoon,Low,Videos,1.8,4,Low
S05880,DSA,Yes,No,No,No,No,No,Yes,Morning,High,Notes,1.3,3,Low
S05881,DSA,Yes,Yes,No,No,No,No,No,Afternoon,High,Mixed,1.1,4,Low
S05882,DBMS,Yes,Yes,Yes,Yes,No,No,Yes,Night,High,Mixed,3.5,7,Medium
S05883,OS,No,Yes,Yes,Yes,Yes,No,No,Night,High,Mixed,3.2,8,High
S05884,CN,No,No,No,No,Yes,No,No,Evening,Medium,Notes,0.5,2,Low
S05885,DBMS,Yes,No,No,No,No,No,Yes,Morning,High,Mixed,0.5,5,Low
S05886,CN,Yes,No,Yes,Yes,No,No,Yes,Evening,High,Videos,3.3,5,High
S05887,OS,Yes,No,Yes,No,Yes,No,Yes,Evening,Medium,Mixed,3.8,4,Medium
S05888,DSA,Yes,Yes,Yes,Yes,No,No,Yes,Morning,High,Videos,3.9,8,High
S05889,ML,No,No,Yes,Yes,Yes,No,Yes,Evening,High,Videos,4.5,5,High
S05890,ML,Yes,Yes,No,Yes,No,Yes,No,Evening,Medium,Notes,1.5,3,Low
S05891,CN,No,Yes,No,No,No,No,Yes,Evening,High,Videos,1.7,4,Low
S05892,DBMS,Yes,No,Yes,No,Yes,No,Yes,Evening,Medium,Mixed,3.7,4,High
S05893,CN,Yes,Yes,No,No,No,Yes,Yes,Morning,Medium,Videos,2.1,2,Low
S05894,ML,No,No,No,Yes,Yes,No,Yes,Afternoon,High,Mixed,2.4,3,Medium
S05895,CN,Yes,No,No,No,No,No,Yes,Night,High,Mixed,2.1,5,Low
S05896,OS,No,No,No,Yes,Yes,No,No,Evening,High,Mixed,3.0,3,Medium
S05897,DSA,Yes,Yes,Yes,Yes,No,No,Yes,Night,High,Notes,3.0,5,High
S05898,ML,No,Yes,No,No,No,No,No,Afternoon,Low,Videos,0.5,4,Low
S05899,DBMS,Yes,Yes,Yes,No,No,No,No,Night,High,Notes,2.3,6,Medium
S05900,ML,Yes,Yes,Yes,Yes,Yes,No,Yes,Evening,High,Mixed,3.3,7,High
S05901,DBMS,No,Yes,No,Yes,Yes,No,No,Evening,High,Videos,2.0,5,Medium
S05902,DBMS,Yes,Yes,Yes,No,No,No,Yes,Afternoon,High,Videos,2.2,5,Medium
S05903,OS,Yes,No,No,Yes,Yes,No,No,Night,High,Mixed,2.5,4,Medium
S05904,CN,No,No,No,No,No,No,Yes,Evening,High,Notes,3.5,5,Low
S05905,DBMS,Yes,No,Yes,No,No,Yes,Yes,Night,Medium,Videos,3.3,7,Low
S05906,OS,No,Yes,No,No,No,No,Yes,Evening,High,Videos,0.9,5,Low
S05907,DSA,No,No,Yes,Yes,Yes,No,Yes,Night,High,Mixed,4.9,8,High
S05908,OS,No,Yes,Yes,No,Yes,No,Yes,Evening,Medium,Videos,3.5,7,Medium
S05909,CN,Yes,Yes,Yes,No,Yes,Yes,Yes,Afternoon,High,Videos,1.9,4,High
S05910,OS,Yes,Yes,No,No,No,No,No,Night,High,Mixed,1.6,2,Low
S05911,OS,No,No,No,Yes,Yes,Yes,No,Afternoon,Medium,Mixed,3.1,4,Medium
S05912,CN,Yes,No,Yes,No,No,Yes,Yes,Afternoon,Medium,Notes,2.3,5,Low
S05913,CN,Yes,Yes,No,No,No,No,No,Evening,Medium,Notes,0.5,4,Low
S05914,OS,Yes,No,Yes,Yes,No,Yes,Yes,Night,High,Videos,1.4,5,High
S05915,CN,Yes,No,Yes,Yes,No,No,Yes,Morning,High,Notes,4.0,8,Medium
S05916,CN,Yes,Yes,Yes,Yes,No,No,No,Night,High,Notes,3.4,7,Low
S05917,DBMS,No,No,No,Yes,Yes,No,Yes,Night,Medium,Videos,2.3,5,Low
S05918,DBMS,No,Yes,Yes,No,No,No,Yes,Evening,High,Mixed,3.5,5,Medium
S05919,CN,No,Yes,No,Yes,No,No,Yes,Night,Low,Mixed,2.4,4,Low
S05920,ML,Yes,No,Yes,Yes,No,No,Yes,Morning,High,Mixed,2.2,6,Medium
S05921,CN,Yes,Yes,Yes,No,Yes,No,Yes,Evening,High,Videos,3.2,4,Low
S05922,ML,Yes,No,Yes,Yes,No,No,No,Night,High,Videos,4.1,5,Low
S05923,CN,No,Yes,No,No,No,No,No,Evening,High,Videos,0.5,3,Low
S05924,CN,Yes,No,No,No,No,No,No,Night,High,Mixed,2.5,4,Low
S05925,CN,Yes,No,Yes,Yes,Yes,Yes,No,Evening,Medium,Notes,4.9,8,High
S05926,OS,Yes,No,Yes,Yes,Yes,No,Yes,Afternoon,Low,Mixed,4.4,7,High
S05927,DSA,No,No,No,Yes,Yes,Yes,No,Night,High,Mixed,2.8,3,Medium
S05928,CN,No,No,Yes,No,Yes,No,No,Evening,High,Videos,3.3,6,Medium
S05929,OS,No,Yes,Yes,Yes,No,Yes,Yes,Morning,High,Mixed,2.5,5,Medium
S05930,DBMS,Yes,Yes,No,No,No,No,No,Afternoon,High,Mixed,0.7,2,Low
S05931,CN,No,No,Yes,No,Yes,Yes,No,Night,High,Mixed,4.4,5,Medium
S05932,OS,Yes,Yes,Yes,No,No,Yes,No,Evening,High,Notes,2.0,7,Low
S05933,DBMS,Yes,Yes,Yes,No,No,Yes,Yes,Evening,High,Notes,2.1,5,Low
S05934,OS,Yes,No,Yes,Yes,Yes,No,Yes,Morning,Medium,Notes,4.5,8,High
S05935,ML,Yes,Yes,No,No,No,Yes,No,Night,High,Videos,0.5,4,Low
S05936,DBMS,Yes,Yes,Yes,No,No,No,Yes,Evening,High,Mixed,2.0,5,Medium
S05937,OS,Yes,No,Yes,No,Yes,Yes,No,Morning,High,Notes,2.7,6,Low
S05938,DBMS,Yes,No,No,No,No,Yes,Yes,Evening,Medium,Notes,1.5,4,Low
S05939,CN,No,No,No,Yes,No,No,Yes,Afternoon,High,Notes,2.8,6,Low
S05940,OS,No,Yes,Yes,No,No,No,Yes,Evening,High,Mixed,2.4,7,Low
S05941,DSA,No,Yes,No,No,Yes,No,No,Evening,High,Notes,2.1,5,Low
S05942,CN,Yes,No,Yes,No,Yes,No,Yes,Evening,Low,Videos,1.8,5,Medium
S05943,ML,Yes,Yes,Yes,No,No,No,Yes,Night,Medium,Notes,0.5,5,Low
S05944,OS,No,No,Yes,Yes,No,No,Yes,Evening,High,Videos,3.1,6,Medium
S05945,DSA,Yes,Yes,No,No,No,Yes,Yes,Night,High,Videos,0.7,2,Low
S05946,DBMS,Yes,Yes,Yes,Yes,No,Yes,No,Afternoon,Medium,Notes,3.0,5,Medium
S05947,OS,Yes,Yes,Yes,Yes,Yes,No,No,Afternoon,High,Videos,4.3,8,High
S05948,DBMS,No,Yes,No,Yes,No,No,No,Morning,Low,Mixed,1.1,6,Low
S05949,ML,Yes,Yes,Yes,Yes,Yes,No,Yes,Evening,High,Notes,5.1,8,High
S05950,CN,No,No,Yes,Yes,Yes,No,Yes,Night,High,Videos,4.4,7,High
S05951,DSA,Yes,No,Yes,Yes,Yes,No,Yes,Morning,High,Videos,3.7,8,High
S05952,CN,Yes,Yes,No,No,Yes,No,Yes,Night,Medium,Mixed,2.4,5,Low
S05953,OS,Yes,No,No,No,Yes,Yes,No,Evening,Low,Videos,1.6,4,Low
S05954,CN,Yes,Yes,Yes,No,Yes,Yes,Yes,Evening,High,Mixed,2.5,5,Medium
S05955,CN,Yes,Yes,Yes,Yes,No,No,No,Night,High,Mixed,1.5,5,Medium
S05956,CN,No,No,No,No,No,No,Yes,Evening,Medium,Mixed,0.5,2,Low
S05957,OS,Yes,No,No,No,No,No,No,Night,Low,Mixed,1.4,2,Low
S05958,DBMS,Yes,No,No,No,Yes,No,Yes,Night,High,Mixed,0.6,5,Low
S05959,DBMS,No,Yes,Yes,Yes,Yes,No,Yes,Evening,High,Mixed,4.5,6,High
S05960,OS,Yes,Yes,Yes,No,No,No,Yes,Evening,High,Notes,2.3,4,Medium
S05961,DBMS,Yes,No,Yes,Yes,Yes,No,Yes,Evening,High,Videos,3.4,6,High
S05962,OS,Yes,No,No,Yes,No,No,Yes,Night,High,Notes,1.6,6,Medium
S05963,DSA,Yes,No,No,Yes,Yes,No,Yes,Night,High,Notes,1.0,6,High
S05964,ML,Yes,No,Yes,No,No,No,Yes,Morning,High,Notes,2.9,5,Low
S05965,DBMS,No,Yes,No,Yes,No,Yes,Yes,Evening,Medium,Mixed,2.8,5,Low
S05966,DSA,Yes,No,No,No,Yes,Yes,Yes,Night,Low,Notes,1.0,2,Low
S05967,CN,No,No,No,No,No,No,Yes,Afternoon,High,Mixed,1.9,4,Low
S05968,CN,Yes,Yes,Yes,Yes,Yes,No,Yes,Evening,High,Mixed,2.7,8,High
S05969,DSA,No,Yes,Yes,Yes,Yes,No,Yes,Evening,Low,Mixed,2.5,5,Low
S05970,OS,No,No,No,No,No,No,Yes,Evening,High,Mixed,2.7,2,Low
S05971,ML,Yes,Yes,Yes,No,Yes,No,Yes,Morning,High,Notes,1.5,6,Medium
S05972,OS,Yes,No,Yes,No,No,Yes,Yes,Afternoon,High,Notes,0.8,5,Medium
S05973,CN,Yes,No,Yes,No,Yes,No,No,Evening,High,Videos,2.3,5,Medium
S05974,CN,No,Yes,No,Yes,No,Yes,No,Night,High,Videos,2.8,6,Low
S05975,ML,No,No,Yes,Yes,No,Yes,Yes,Morning,High,Notes,2.9,5,Medium
S05976,CN,Yes,No,Yes,Yes,No,Yes,Yes,Evening,Medium,Notes,4.2,7,Medium
S05977,CN,No,Yes,No,No,Yes,Yes,Yes,Morning,Medium,Notes,3.2,3,Low
S05978,OS,Yes,No,Yes,Yes,Yes,Yes,No,Night,High,Notes,3.8,8,High
S05979,OS,Yes,Yes,No,Yes,No,No,Yes,Night,High,Mixed,1.8,3,Medium
S05980,DSA,No,No,No,No,No,Yes,Yes,Evening,Low,Videos,2.3,5,Low
S05981,DBMS,Yes,Yes,No,No,No,No,No,Evening,High,Notes,2.5,5,Low
S05982,DSA,Yes,Yes,Yes,Yes,Yes,No,Yes,Night,Low,Notes,2.8,8,Medium
S05983,DBMS,No,No,No,No,No,No,Yes,Evening,High,Notes,2.4,3,Low
S05984,OS,Yes,Yes,Yes,Yes,No,No,No,Evening,Medium,Mixed,2.9,7,Medium
S05985,ML,No,Yes,Yes,No,No,Yes,Yes,Evening,High,Mixed,2.4,6,Medium
S05986,ML,Yes,Yes,No,Yes,Yes,No,Yes,Morning,High,Mixed,3.8,4,High
S05987,DSA,Yes,No,Yes,Yes,No,Yes,Yes,Afternoon,High,Mixed,2.6,6,Medium
S05988,OS,Yes,No,No,Yes,Yes,No,No,Evening,Medium,Videos,3.9,4,Low
S05989,DBMS,No,Yes,Yes,Yes,Yes,No,Yes,Night,Medium,Mixed,2.8,8,High
S05990,OS,Yes,Yes,Yes,Yes,Yes,Yes,Yes,Afternoon,High,Videos,3.9,5,High
S05991,DSA,Yes,Yes,No,Yes,No,No,Yes,Afternoon,Medium,Mixed,1.0,3,Low
S05992,ML,No,No,No,Yes,No,Yes,Yes,Evening,Medium,Mixed,1.9,6,Low
S05993,DBMS,No,Yes,Yes,Yes,No,No,Yes,Night,High,Mixed,4.2,5,Medium
S05994,DBMS,No,No,No,Yes,No,No,Yes,Evening,High,Videos,0.6,6,Medium
S05995,CN,Yes,Yes,Yes,Yes,No,No,Yes,Morning,Medium,Notes,1.8,8,Medium
S05996,OS,Yes,No,Yes,Yes,Yes,No,Yes,Night,High,Mixed,4.8,7,High
S05997,OS,Yes,No,No,Yes,Yes,No,Yes,Evening,High,Videos,2.4,4,Medium
S05998,CN,No,Yes,Yes,Yes,No,No,Yes,Night,High,Videos,3.0,7,High
S05999,DSA,No,No,No,No,Yes,No,No,Morning,High,Videos,2.8,5,Low
S06000,ML,No,Yes,Yes,Yes,Yes,No,Yes,Night,Medium,Notes,4.5,6,High
S06001,DSA,Yes,No,Yes,No,No,Yes,Yes,Night,Low,Videos,1.3,7,Low
S06002,ML,Yes,Yes,No,Yes,No,No,Yes,Afternoon,Medium,Videos,2.2,5,Medium
S06003,OS,Yes,Yes,Yes,Yes,Yes,No,Yes,Morning,Medium,Mixed,4.0,8,High
S06004,OS,Yes,Yes,No,Yes,No,No,Yes,Evening,High,Notes,2.1,3,High
S06005,OS,Yes,Yes,Yes,Yes,No,Yes,Yes,Afternoon,High,Notes,2.7,8,Medium
S06006,CN,Yes,No,Yes,No,Yes,Yes,Yes,Night,Low,Videos,3.4,4,Low
S06007,DSA,No,No,No,No,No,No,Yes,Morning,High,Videos,1.0,3,Low
S06008,ML,No,Yes,Yes,Yes,Yes,No,Yes,Morning,High,Videos,4.0,5,High
S06009,OS,No,No,No,Yes,No,No,Yes,Evening,Medium,Videos,2.3,6,Low
S06010,DBMS,No,No,No,No,Yes,Yes,Yes,Night,High,Videos,2.5,2,Low
S06011,DBMS,No,Yes,No,No,No,No,No,Morning,High,Notes,0.5,5,Low
S06012,CN,No,Yes,Yes,Yes,No,No,Yes,Afternoon,Medium,Videos,3.5,5,Medium
S06013,ML,Yes,No,No,No,No,Yes,Yes,Evening,Medium,Videos,2.8,2,Low
S06014,OS,No,Yes,No,No,Yes,No,Yes,Afternoon,Medium,Mixed,3.1,4,Low
S06015,DBMS,Yes,Yes,Yes,Yes,Yes,Yes,No,Evening,High,Mixed,3.3,6,High
S06016,DBMS,Yes,Yes,No,No,No,No,No,Evening,Medium,Notes,1.8,5,Low
S06017,CN,Yes,Yes,Yes,Yes,Yes,No,No,Evening,High,Mixed,3.5,5,High
S06018,OS,No,No,Yes,Yes,Yes,Yes,No,Night,High,Mixed,3.3,5,High
S06019,DBMS,No,No,No,No,No,No,No,Morning,High,Notes,1.7,5,Low
S06020,ML,No,No,Yes,Yes,Yes,Yes,No,Morning,Medium,Mixed,3.7,5,High
S06021,ML,No,Yes,No,Yes,No,No,Yes,Morning,Low,Mixed,0.5,6,Low
S06022,OS,No,No,Yes,No,Yes,Yes,Yes,Night,High,Mixed,3.9,7,Medium
S06023,DSA,Yes,No,Yes,Yes,Yes,Yes,Yes,Afternoon,Medium,Videos,4.3,8,High
S06024,ML,No,No,Yes,Yes,Yes,Yes,No,Evening,Low,Notes,4.7,5,Low
S06025,ML,No,No,Yes,Yes,No,No,Yes,Afternoon,Medium,Notes,3.8,6,Medium
S06026,ML,No,No,No,Yes,No,No,No,Evening,High,Videos,3.3,6,Low
S06027,DSA,Yes,No,Yes,Yes,Yes,No,Yes,Afternoon,High,Notes,4.3,8,High
S06028,CN,Yes,No,Yes,Yes,No,No,Yes,Evening,High,Videos,2.3,8,High
S06029,CN,No,No,Yes,Yes,No,Yes,No,Morning,High,Videos,2.3,6,Low
S06030,DSA,Yes,Yes,Yes,Yes,Yes,Yes,Yes,Night,High,Videos,3.5,7,High
S06031,DSA,Yes,No,Yes,Yes,Yes,Yes,No,Night,Medium,Mixed,3.1,5,High
S06032,ML,Yes,No,Yes,Yes,Yes,No,Yes,Afternoon,High,Videos,1.8,5,Medium
S06033,DSA,Yes,Yes,No,Yes,Yes,No,No,Morning,Medium,Mixed,2.0,5,Medium
S06034,CN,Yes,Yes,Yes,No,No,No,No,Afternoon,Medium,Mixed,3.5,7,Low
S06035,ML,No,Yes,Yes,Yes,No,No,Yes,Morning,Medium,Notes,2.3,6,Medium
S06036,OS,No,No,Yes,No,No,No,Yes,Night,Medium,Videos,2.7,6,Low
S06037,OS,No,Yes,Yes,Yes,No,Yes,Yes,Night,High,Mixed,2.5,7,Medium
S06038,OS,Yes,Yes,Yes,No,No,No,No,Afternoon,Low,Notes,2.5,5,Low
S06039,OS,Yes,Yes,Yes,Yes,No,Yes,Yes,Night,High,Mixed,3.0,8,High
S06040,DSA,Yes,Yes,No,Yes,No,No,Yes,Night,High,Notes,1.6,5,Low
S06041,DSA,Yes,No,Yes,No,No,No,Yes,Night,High,Videos,2.8,7,Low
S06042,ML,Yes,Yes,Yes,Yes,No,Yes,Yes,Morning,Medium,Mixed,2.8,8,Medium
S06043,DBMS,No,Yes,No,No,No,No,Yes,Night,High,Mixed,0.5,3,Low
S06044,ML,No,Yes,No,Yes,Yes,Yes,No,Evening,High,Mixed,2.8,5,Medium
S06045,DSA,Yes,No,Yes,No,No,No,Yes,Night,Medium,Notes,3.8,4,Medium
S06046,DSA,Yes,No,Yes,No,No,No,No,Afternoon,Medium,Videos,1.8,7,Low
S06047,OS,Yes,Yes,Yes,Yes,Yes,No,Yes,Night,Low,Notes,3.8,6,High
S06048,CN,Yes,Yes,No,No,No,No,No,Afternoon,Low,Notes,2.2,5,Low
S06049,DSA,Yes,No,Yes,Yes,Yes,No,Yes,Afternoon,Medium,Notes,3.9,8,High
S06050,OS,Yes,No,Yes,No,Yes,No,Yes,Morning,High,Notes,1.8,4,High
S06051,DBMS,Yes,No,Yes,Yes,Yes,No,Yes,Afternoon,Medium,Mixed,2.8,6,High
S06052,DSA,Yes,Yes,Yes,Yes,Yes,No,Yes,Evening,High,Mixed,2.2,7,High
S06053,DBMS,No,No,No,No,No,Yes,Yes,Night,High,Mixed,1.3,4,Low
S06054,CN,Yes,No,Yes,Yes,No,Yes,Yes,Morning,Medium,Notes,2.1,7,Low
S06055,ML,Yes,Yes,Yes,No,Yes,No,Yes,Afternoon,High,Mixed,2.4,7,High
S06056,CN,Yes,No,Yes,Yes,Yes,Yes,Yes,Evening,High,Videos,4.1,8,High
S06057,DSA,Yes,No,No,Yes,Yes,No,No,Night,High,Videos,2.7,4,Medium
S06058,OS,Yes,No,Yes,Yes,Yes,No,No,Evening,High,Notes,2.3,6,High
S06059,DBMS,No,No,No,No,No,No,No,Night,Medium,Mixed,1.3,5,Low
S06060,DSA,No,Yes,No,Yes,No,Yes,No,Night,Medium,Mixed,2.2,6,Low
S06061,CN,No,No,No,No,Yes,No,No,Morning,Low,Mixed,3.4,3,Low
S06062,ML,Yes,Yes,Yes,No,Yes,No,Yes,Afternoon,High,Notes,3.2,4,Medium
S06063,DSA,Yes,No,Yes,No,No,Yes,Yes,Night,High,Notes,3.3,7,Low
S06064,OS,Yes,Yes,Yes,Yes,No,No,Yes,Evening,High,Mixed,5.0,8,High
S06065,ML,Yes,Yes,Yes,Yes,No,Yes,No,Night,High,Notes,4.4,6,Medium
S06066,ML,No,No,Yes,Yes,Yes,Yes,Yes,Night,Medium,Videos,2.9,5,High
S06067,DSA,Yes,Yes,Yes,Yes,Yes,Yes,Yes,Morning,High,Videos,3.7,5,High
S06068,DBMS,Yes,No,No,Yes,No,No,Yes,Evening,High,Videos,4.9,3,Low
S06069,DBMS,Yes,Yes,Yes,No,Yes,No,Yes,Night,Medium,Videos,2.3,6,High
S06070,OS,Yes,Yes,No,Yes,No,No,Yes,Evening,High,Mixed,2.2,6,Medium
S06071,ML,No,Yes,No,Yes,Yes,No,No,Morning,High,Videos,3.7,6,Medium
S06072,OS,Yes,Yes,No,No,No,No,No,Evening,High,Videos,1.8,3,Low
S06073,ML,Yes,Yes,Yes,No,No,No,No,Evening,High,Mixed,2.1,5,Medium
S06074,DSA,Yes,Yes,Yes,No,No,Yes,Yes,Evening,High,Mixed,3.4,6,Low
S06075,CN,No,No,No,Yes,No,Yes,No,Night,High,Videos,1.0,5,Medium
S06076,ML,Yes,Yes,Yes,No,Yes,No,Yes,Morning,High,Videos,2.7,6,Low
S06077,OS,No,Yes,Yes,No,No,Yes,Yes,Afternoon,Medium,Notes,2.9,5,Low
S06078,CN,Yes,Yes,Yes,No,No,No,Yes,Morning,High,Notes,1.5,6,Medium
S06079,DSA,Yes,Yes,Yes,Yes,Yes,Yes,No,Evening,Medium,Videos,5.1,6,High
S06080,ML,No,Yes,Yes,Yes,Yes,No,Yes,Morning,Medium,Videos,4.5,6,High
S06081,DBMS,Yes,Yes,Yes,No,Yes,No,Yes,Afternoon,High,Videos,4.2,4,High
S06082,DSA,Yes,No,Yes,Yes,Yes,No,Yes,Night,Low,Mixed,5.7,8,Medium
S06083,CN,Yes,No,Yes,Yes,No,No,No,Morning,High,Mixed,3.5,5,Low
S06084,DSA,Yes,No,Yes,No,Yes,No,Yes,Afternoon,High,Mixed,1.9,5,Medium
S06085,CN,Yes,No,No,No,No,No,Yes,Night,High,Mixed,1.8,4,Low
S06086,OS,No,No,Yes,Yes,No,No,No,Night,High,Mixed,3.6,7,Medium
S06087,CN,Yes,Yes,Yes,Yes,No,Yes,No,Night,High,Notes,4.3,7,High
S06088,ML,Yes,Yes,Yes,Yes,Yes,No,Yes,Evening,High,Mixed,3.2,6,High
S06089,OS,Yes,No,Yes,Yes,No,No,Yes,Evening,High,Mixed,2.1,6,Medium
S06090,ML,No,Yes,No,Yes,No,No,Yes,Evening,Medium,Notes,2.0,3,Low
S06091,OS,Yes,Yes,Yes,Yes,Yes,Yes,Yes,Evening,High,Mixed,5.2,5,High
S06092,ML,Yes,No,No,Yes,No,Yes,Yes,Evening,High,Mixed,2.5,3,Medium
S06093,OS,Yes,Yes,No,No,Yes,No,Yes,Morning,Medium,Mixed,1.9,2,Low
S06094,CN,Yes,Yes,Yes,No,No,No,No,Night,High,Videos,2.4,5,Low
S06095,DBMS,No,No,No,Yes,No,No,Yes,Evening,Medium,Mixed,2.3,3,Low
S06096,CN,Yes,Yes,Yes,Yes,Yes,No,Yes,Night,Medium,Videos,4.9,6,High
S06097,ML,Yes,Yes,No,Yes,No,No,Yes,Evening,High,Mixed,2.5,6,Low
S06098,CN,Yes,Yes,Yes,Yes,Yes,No,Yes,Evening,High,Mixed,5.6,8,High
S06099,DBMS,No,Yes,No,No,No,No,Yes,Night,High,Videos,1.5,3,Low
S06100,DBMS,Yes,No,Yes,No,No,No,Yes,Morning,Medium,Notes,2.5,5,Low
S06101,DSA,Yes,No,Yes,No,Yes,No,Yes,Afternoon,High,Mixed,3.9,5,Medium
S06102,ML,Yes,Yes,No,Yes,No,Yes,Yes,Afternoon,Medium,Videos,2.3,6,Low
S06103,CN,No,Yes,Yes,Yes,Yes,No,Yes,Night,High,Mixed,6.2,7,High
S06104,DBMS,No,Yes,Yes,Yes,Yes,No,Yes,Morning,Medium,Videos,3.4,5,Medium
S06105,ML,Yes,No,Yes,Yes,No,No,Yes,Night,Medium,Notes,3.0,6,Medium
S06106,DBMS,No,Yes,No,No,Yes,No,Yes,Morning,High,Mixed,0.6,3,Low
S06107,CN,No,Yes,Yes,Yes,No,Yes,No,Night,High,Notes,4.5,5,Medium
S06108,DSA,Yes,No,Yes,Yes,Yes,Yes,No,Morning,High,Videos,5.6,8,High
S06109,OS,Yes,No,Yes,Yes,Yes,Yes,Yes,Morning,Medium,Notes,4.2,6,High
S06110,DSA,Yes,No,Yes,No,No,No,No,Night,Low,Videos,3.8,5,Low
S06111,ML,Yes,No,Yes,Yes,Yes,Yes,Yes,Night,High,Mixed,2.6,7,High
S06112,DBMS,Yes,Yes,No,No,No,No,No,Evening,Medium,Mixed,2.2,3,Low
S06113,DSA,Yes,No,No,No,No,No,Yes,Evening,Medium,Mixed,2.0,5,Low
S06114,DSA,No,No,No,No,No,No,Yes,Afternoon,Medium,Mixed,3.3,3,Low
S06115,DSA,Yes,Yes,Yes,No,Yes,No,Yes,Night,High,Mixed,3.7,6,Low
S06116,OS,No,Yes,Yes,No,No,No,Yes,Night,High,Videos,3.1,7,Medium
S06117,OS,Yes,Yes,No,No,Yes,Yes,No,Night,Medium,Videos,1.8,4,Low
S06118,DBMS,Yes,No,Yes,Yes,No,No,Yes,Night,High,Mixed,4.2,7,Medium
S06119,ML,No,No,No,Yes,No,No,No,Evening,Low,Notes,1.1,3,Low
S06120,DBMS,Yes,No,Yes,No,No,No,Yes,Afternoon,High,Notes,2.2,4,Low
S06121,ML,Yes,Yes,No,No,Yes,No,Yes,Night,High,Videos,1.9,4,Low
S06122,OS,Yes,No,Yes,No,No,No,Yes,Evening,Medium,Notes,0.8,7,Low
S06123,CN,No,Yes,No,No,No,No,No,Night,Medium,Videos,2.1,4,Low
S06124,DBMS,Yes,Yes,Yes,Yes,No,No,Yes,Afternoon,Low,Videos,1.9,6,Low
S06125,OS,Yes,No,No,No,Yes,No,Yes,Evening,High,Mixed,3.1,4,Low
S06126,DSA,Yes,No,Yes,Yes,No,No,Yes,Evening,High,Notes,2.4,8,Medium
S06127,OS,Yes,No,Yes,Yes,No,No,Yes,Afternoon,Medium,Notes,3.2,5,High
S06128,DSA,Yes,Yes,Yes,No,No,Yes,Yes,Afternoon,High,Videos,3.2,7,Low
S06129,CN,Yes,Yes,Yes,No,Yes,No,Yes,Night,High,Mixed,5.1,5,High
S06130,ML,Yes,Yes,Yes,Yes,Yes,No,No,Afternoon,Medium,Notes,3.4,5,High
S06131,CN,Yes,Yes,Yes,Yes,No,No,No,Evening,High,Notes,2.7,6,Medium
S06132,DBMS,No,No,No,No,No,No,Yes,Evening,Medium,Videos,2.5,3,Low
S06133,DBMS,No,Yes,No,No,No,Yes,No,Afternoon,Medium,Notes,1.7,5,Low
S06134,DBMS,Yes,Yes,No,No,No,No,Yes,Afternoon,High,Videos,2.1,5,Low
S06135,OS,Yes,Yes,Yes,Yes,No,Yes,No,Afternoon,High,Notes,3.7,5,High
S06136,ML,Yes,No,Yes,Yes,Yes,Yes,Yes,Afternoon,High,Mixed,3.9,7,High
S06137,CN,No,No,Yes,Yes,Yes,Yes,Yes,Morning,High,Videos,3.7,5,High
S06138,DBMS,Yes,Yes,Yes,Yes,No,No,No,Morning,High,Notes,4.8,7,High
S06139,DBMS,Yes,Yes,Yes,No,Yes,No,Yes,Night,Medium,Videos,1.9,4,Low
S06140,CN,Yes,No,No,Yes,Yes,No,No,Afternoon,Medium,Videos,1.6,6,Low
S06141,CN,Yes,Yes,Yes,Yes,No,Yes,Yes,Night,High,Notes,2.5,5,High
S06142,DBMS,Yes,Yes,Yes,No,Yes,No,Yes,Morning,High,Mixed,4.7,4,Medium
S06143,OS,Yes,Yes,Yes,Yes,Yes,Yes,Yes,Night,Low,Notes,5.8,8,High
S06144,DSA,No,No,No,No,No,Yes,No,Afternoon,High,Notes,2.4,5,Low
S06145,CN,Yes,No,Yes,Yes,Yes,No,Yes,Evening,Low,Mixed,2.3,6,High
S06146,CN,No,Yes,Yes,Yes,No,Yes,Yes,Evening,Medium,Videos,3.9,8,High
S06147,DBMS,No,Yes,Yes,No,No,Yes,Yes,Afternoon,Medium,Notes,2.5,7,Low
S06148,OS,Yes,Yes,Yes,No,No,Yes,Yes,Afternoon,High,Videos,1.7,5,High
S06149,DSA,No,Yes,No,No,No,No,Yes,Night,Medium,Videos,2.8,3,Low
S06150,DSA,No,Yes,No,Yes,No,No,No,Afternoon,Medium,Videos,3.6,3,Low
S06151,OS,No,Yes,Yes,Yes,Yes,No,Yes,Morning,High,Notes,3.4,6,High
S06152,OS,No,Yes,Yes,No,No,Yes,No,Evening,Medium,Notes,3.5,7,Low
S06153,DSA,Yes,Yes,Yes,Yes,No,No,Yes,Afternoon,Low,Videos,2.8,6,Low
S06154,CN,Yes,Yes,No,Yes,No,No,Yes,Evening,Low,Videos,2.4,5,Low
S06155,DBMS,Yes,Yes,Yes,Yes,No,Yes,No,Evening,High,Notes,2.1,5,Medium
S06156,ML,Yes,No,Yes,Yes,No,No,No,Evening,Low,Videos,2.6,5,Low
S06157,ML,Yes,Yes,Yes,Yes,Yes,No,No,Morning,High,Videos,2.6,5,High
S06158,DBMS,Yes,No,No,No,No,No,Yes,Afternoon,Low,Videos,1.1,5,Low
S06159,DSA,Yes,No,Yes,Yes,Yes,No,Yes,Afternoon,High,Notes,2.4,8,High
S06160,OS,No,No,Yes,Yes,No,No,Yes,Night,High,Videos,5.8,6,Medium
S06161,DBMS,No,Yes,Yes,No,No,No,No,Evening,High,Notes,2.0,7,Low
S06162,CN,Yes,Yes,Yes,No,No,No,Yes,Night,High,Videos,2.8,5,Medium
S06163,CN,Yes,No,Yes,No,Yes,No,Yes,Morning,High,Mixed,3.6,7,High
S06164,DSA,Yes,Yes,No,No,No,Yes,Yes,Evening,Low,Notes,0.5,4,Low
S06165,DSA,No,Yes,No,No,Yes,No,No,Afternoon,High,Notes,2.6,4,Low
S06166,OS,No,Yes,No,Yes,No,Yes,Yes,Evening,High,Mixed,1.7,5,Medium
S06167,DBMS,Yes,No,No,No,No,Yes,No,Afternoon,Medium,Mixed,1.7,4,Low
S06168,OS,Yes,No,Yes,Yes,Yes,No,Yes,Afternoon,Medium,Mixed,3.9,8,High
S06169,DSA,Yes,Yes,No,Yes,No,No,Yes,Evening,Medium,Notes,2.1,4,Low
S06170,DSA,No,No,No,Yes,No,No,Yes,Night,High,Notes,1.6,5,Low
S06171,OS,No,No,Yes,Yes,No,Yes,Yes,Evening,High,Mixed,4.5,5,High
S06172,OS,Yes,Yes,No,No,Yes,Yes,Yes,Afternoon,High,Videos,3.4,2,Low
S06173,CN,Yes,Yes,No,No,Yes,Yes,Yes,Evening,Medium,Notes,2.7,5,Low
S06174,ML,Yes,Yes,No,Yes,Yes,No,Yes,Evening,High,Mixed,3.3,3,Low
S06175,ML,Yes,No,No,No,Yes,Yes,No,Evening,Low,Mixed,1.3,5,Low
S06176,CN,No,No,Yes,No,Yes,Yes,Yes,Night,High,Notes,3.5,6,High
S06177,DSA,No,No,No,Yes,No,No,Yes,Night,High,Mixed,1.9,6,Low
S06178,OS,Yes,No,Yes,No,No,No,Yes,Afternoon,High,Videos,0.9,7,Low
S06179,DBMS,Yes,Yes,Yes,Yes,Yes,No,Yes,Night,High,Mixed,3.4,5,High
S06180,CN,Yes,No,No,Yes,No,No,Yes,Evening,Medium,Notes,2.2,5,Low
S06181,ML,Yes,No,Yes,Yes,Yes,No,Yes,Afternoon,Medium,Mixed,4.8,5,High
S06182,DBMS,Yes,No,Yes,No,Yes,No,No,Afternoon,Medium,Notes,3.3,7,Medium
S06183,ML,No,Yes,No,Yes,Yes,Yes,No,Evening,Low,Notes,2.8,6,Low
S06184,DSA,No,Yes,Yes,Yes,Yes,Yes,Yes,Evening,High,Notes,3.8,5,High
S06185,DSA,Yes,Yes,Yes,Yes,Yes,No,Yes,Night,High,Videos,4.8,5,High
S06186,DBMS,No,Yes,Yes,No,No,No,Yes,Afternoon,High,Notes,1.6,6,Medium
S06187,ML,No,No,No,No,No,No,Yes,Evening,High,Mixed,1.6,3,Low
S06188,DSA,Yes,No,Yes,Yes,Yes,No,Yes,Evening,Medium,Videos,4.9,8,High
S06189,DBMS,No,No,Yes,No,Yes,No,Yes,Night,Low,Notes,3.2,5,Low
S06190,OS,Yes,Yes,No,No,Yes,No,Yes,Night,Medium,Videos,1.9,4,Low
S06191,OS,No,Yes,No,Yes,No,No,Yes,Evening,High,Mixed,2.1,3,Low
S06192,ML,Yes,Yes,No,No,No,Yes,No,Afternoon,High,Videos,0.5,3,Low
S06193,CN,Yes,No,Yes,Yes,No,No,Yes,Evening,High,Mixed,3.5,7,High
S06194,CN,Yes,No,Yes,No,No,No,Yes,Evening,Low,Videos,1.4,4,Low
S06195,CN,Yes,Yes,No,Yes,Yes,Yes,No,Night,High,Notes,3.0,6,Medium
S06196,CN,Yes,No,Yes,Yes,Yes,Yes,No,Evening,Medium,Mixed,3.4,7,High
S06197,CN,No,No,No,No,No,No,No,Morning,Medium,Videos,3.3,3,Low
S06198,DBMS,Yes,Yes,Yes,No,No,No,Yes,Night,High,Videos,2.2,4,Medium
S06199,DBMS,Yes,Yes,No,No,No,No,Yes,Evening,High,Mixed,0.5,3,Low
S06200,DSA,No,Yes,No,No,No,No,Yes,Evening,High,Videos,1.4,2,Low
S06201,OS,Yes,Yes,No,No,No,Yes,Yes,Night,Low,Notes,0.5,2,Low
S06202,CN,Yes,Yes,Yes,Yes,No,No,Yes,Night,Medium,Videos,3.7,7,Medium
S06203,CN,Yes,Yes,Yes,No,No,No,Yes,Night,High,Notes,3.3,7,Low
S06204,DSA,Yes,No,Yes,Yes,No,No,Yes,Afternoon,High,Videos,2.4,5,Medium
S06205,CN,Yes,No,No,No,Yes,No,Yes,Afternoon,High,Mixed,2.4,4,Low
S06206,OS,No,No,Yes,Yes,Yes,Yes,Yes,Night,High,Videos,4.1,5,High
S06207,DBMS,Yes,No,Yes,No,No,No,No,Afternoon,Medium,Mixed,1.6,5,Low
S06208,ML,Yes,Yes,No,Yes,No,No,No,Morning,High,Mixed,1.9,3,Low
S06209,ML,Yes,No,Yes,Yes,Yes,No,Yes,Night,High,Mixed,5.2,5,High
S06210,ML,No,Yes,No,No,No,No,No,Evening,High,Mixed,1.4,2,Low
S06211,DBMS,Yes,No,No,Yes,No,No,No,Morning,High,Mixed,2.0,4,Medium
S06212,OS,No,No,Yes,No,No,Yes,No,Evening,High,Mixed,2.7,5,Low
S06213,DBMS,Yes,Yes,No,Yes,Yes,No,No,Evening,High,Notes,2.6,4,Medium
S06214,DSA,Yes,Yes,Yes,Yes,Yes,No,Yes,Evening,High,Mixed,3.8,7,High
S06215,OS,Yes,No,Yes,No,No,No,No,Evening,High,Mixed,2.9,6,Medium
S06216,ML,Yes,No,Yes,Yes,Yes,Yes,Yes,Night,Medium,Mixed,4.0,5,High
S06217,DSA,Yes,No,Yes,No,Yes,No,No,Morning,Low,Notes,5.5,7,Low
S06218,OS,No,Yes,No,No,No,No,Yes,Afternoon,Low,Mixed,3.0,2,Low
S06219,DBMS,Yes,No,No,No,No,Yes,No,Night,High,Notes,1.6,2,Low
S06220,CN,Yes,No,No,No,Yes,Yes,No,Morning,High,Videos,2.4,4,Low
S06221,DSA,Yes,Yes,No,No,No,No,Yes,Night,Low,Videos,0.5,5,Low
S06222,ML,Yes,Yes,Yes,Yes,Yes,No,Yes,Afternoon,High,Mixed,3.4,6,High
S06223,DSA,Yes,Yes,Yes,Yes,Yes,No,Yes,Evening,High,Notes,3.9,7,High
S06224,DSA,Yes,No,Yes,No,No,No,Yes,Afternoon,High,Videos,3.4,4,Low
S06225,DBMS,Yes,Yes,No,Yes,Yes,No,No,Afternoon,Medium,Videos,3.2,3,High
S06226,ML,Yes,Yes,Yes,Yes,Yes,Yes,Yes,Evening,Medium,Videos,4.1,6,High
S06227,CN,Yes,No,No,Yes,No,No,No,Night,Low,Mixed,2.0,3,Low
S06228,ML,Yes,No,Yes,No,Yes,No,Yes,Evening,Medium,Videos,2.0,7,Low
S06229,CN,Yes,Yes,Yes,Yes,Yes,No,No,Night,Low,Mixed,3.3,5,High
S06230,DSA,Yes,No,No,Yes,No,No,No,Afternoon,High,Videos,1.8,3,Low
S06231,DBMS,No,Yes,Yes,No,Yes,No,Yes,Morning,High,Videos,3.6,6,High
S06232,ML,Yes,No,Yes,No,Yes,No,Yes,Night,High,Mixed,4.5,5,Low
S06233,DBMS,No,Yes,No,No,Yes,No,Yes,Evening,High,Mixed,1.3,3,Low
S06234,ML,Yes,Yes,No,No,No,No,Yes,Morning,Low,Notes,1.6,2,Low
S06235,OS,Yes,No,Yes,Yes,No,No,Yes,Morning,High,Videos,4.9,7,Medium
S06236,DBMS,Yes,Yes,Yes,Yes,Yes,No,Yes,Night,Medium,Videos,3.7,6,High
S06237,DSA,Yes,No,Yes,Yes,No,No,No,Morning,High,Notes,4.1,8,Medium
S06238,OS,No,No,No,No,Yes,No,No,Evening,High,Mixed,0.9,3,Low
S06239,ML,No,Yes,Yes,Yes,Yes,No,Yes,Night,High,Notes,5.7,7,High
S06240,OS,Yes,No,Yes,Yes,No,Yes,Yes,Evening,Medium,Mixed,2.7,6,Medium
S06241,OS,No,No,No,No,No,Yes,Yes,Night,Medium,Mixed,0.8,5,Low
S06242,CN,Yes,No,No,No,Yes,No,Yes,Morning,High,Mixed,3.7,4,Low
S06243,DBMS,Yes,No,No,Yes,No,Yes,Yes,Evening,High,Mixed,3.1,6,Low
S06244,ML,No,Yes,No,No,No,No,No,Afternoon,High,Videos,0.8,2,Low
S06245,CN,Yes,Yes,Yes,Yes,No,Yes,No,Evening,Low,Videos,3.7,6,Medium
S06246,ML,Yes,Yes,Yes,Yes,No,No,No,Night,High,Videos,3.8,8,Medium
S06247,DSA,No,No,Yes,No,No,No,No,Night,Low,Videos,1.4,7,Low
S06248,OS,No,Yes,No,Yes,No,No,Yes,Morning,Medium,Videos,1.3,5,Medium
S06249,DSA,Yes,Yes,Yes,No,No,Yes,Yes,Afternoon,Medium,Mixed,3.4,5,Low
S06250,CN,Yes,No,Yes,No,No,No,Yes,Evening,High,Videos,3.1,5,Medium
S06251,DSA,No,Yes,Yes,No,No,No,Yes,Afternoon,High,Notes,1.5,5,Low
S06252,ML,Yes,No,Yes,Yes,No,Yes,Yes,Afternoon,Medium,Mixed,3.2,7,Low
S06253,OS,Yes,Yes,Yes,Yes,Yes,Yes,Yes,Night,High,Videos,4.6,6,High
S06254,DSA,Yes,Yes,Yes,Yes,Yes,No,Yes,Night,High,Notes,4.0,6,High
S06255,ML,No,Yes,No,No,No,Yes,No,Morning,High,Notes,1.2,4,Low
S06256,DSA,No,Yes,Yes,Yes,No,Yes,Yes,Night,Low,Mixed,2.6,5,Medium
S06257,OS,No,No,No,Yes,No,No,No,Night,High,Mixed,2.8,4,Low
S06258,OS,Yes,Yes,Yes,No,No,No,Yes,Afternoon,High,Mixed,2.4,4,Medium
S06259,DSA,Yes,No,No,No,No,No,No,Evening,Medium,Videos,1.4,4,Low
S06260,CN,Yes,No,Yes,Yes,Yes,Yes,Yes,Evening,High,Mixed,4.0,7,High
S06261,CN,No,Yes,No,No,No,No,Yes,Afternoon,High,Mixed,2.3,2,Low
S06262,DBMS,Yes,No,No,Yes,Yes,No,Yes,Morning,High,Notes,1.1,4,High
S06263,DSA,Yes,No,Yes,Yes,Yes,No,Yes,Evening,Medium,Notes,3.4,8,High
S06264,OS,No,Yes,Yes,Yes,Yes,No,Yes,Morning,High,Videos,4.2,6,High
S06265,OS,Yes,No,Yes,Yes,Yes,No,Yes,Night,Medium,Mixed,4.1,6,High
S06266,ML,No,Yes,No,Yes,No,No,No,Evening,High,Videos,4.1,4,Medium
S06267,DSA,Yes,No,No,No,Yes,No,No,Evening,High,Notes,2.4,4,Low
S06268,DSA,No,Yes,No,Yes,Yes,No,Yes,Evening,High,Mixed,4.0,3,Medium
S06269,DSA,Yes,No,No,Yes,No,No,Yes,Evening,Medium,Mixed,3.1,6,Low
S06270,DBMS,Yes,No,Yes,No,Yes,No,Yes,Night,Medium,Mixed,4.1,4,Medium
S06271,DBMS,Yes,No,Yes,No,No,No,Yes,Evening,High,Notes,2.3,6,Medium
S06272,ML,Yes,No,Yes,Yes,Yes,Yes,Yes,Afternoon,High,Videos,2.9,7,High
S06273,DSA,Yes,Yes,Yes,No,No,No,No,Evening,High,Mixed,4.3,4,Medium
S06274,DBMS,Yes,No,No,Yes,Yes,No,Yes,Afternoon,Low,Videos,3.0,6,Medium
S06275,CN,Yes,Yes,No,No,No,No,Yes,Night,High,Mixed,1.4,3,Low
S06276,CN,No,Yes,No,No,No,Yes,No,Evening,High,Videos,0.6,2,Low
S06277,CN,Yes,Yes,Yes,Yes,No,Yes,Yes,Afternoon,High,Notes,3.9,6,Medium
S06278,DSA,No,No,Yes,Yes,Yes,No,Yes,Morning,Medium,Notes,1.4,5,High
S06279,ML,No,No,No,No,No,No,Yes,Afternoon,Medium,Mixed,0.5,3,Low
S06280,DSA,Yes,Yes,Yes,Yes,Yes,No,No,Evening,High,Mixed,2.4,8,High
S06281,ML,No,No,No,Yes,No,No,No,Morning,High,Videos,1.2,6,Low
S06282,DBMS,Yes,No,Yes,No,Yes,No,Yes,Night,High,Videos,2.8,6,Medium
S06283,CN,Yes,Yes,No,Yes,No,Yes,Yes,Evening,Low,Mixed,2.9,4,Low
S06284,OS,Yes,Yes,No,Yes,No,Yes,No,Night,High,Videos,2.1,4,Medium
S06285,DSA,No,No,Yes,Yes,No,No,Yes,Morning,Medium,Mixed,4.2,7,Low
S06286,CN,Yes,No,Yes,Yes,Yes,No,Yes,Evening,High,Mixed,5.9,8,High
S06287,ML,Yes,Yes,Yes,Yes,Yes,No,Yes,Evening,High,Videos,4.1,8,High
S06288,DBMS,No,No,Yes,No,No,Yes,Yes,Evening,High,Mixed,3.4,4,Medium
S06289,ML,Yes,Yes,No,No,No,No,Yes,Evening,Medium,Videos,2.2,5,Low
S06290,OS,No,No,Yes,No,Yes,No,Yes,Afternoon,High,Videos,3.5,4,Low
S06291,ML,No,Yes,Yes,Yes,No,Yes,No,Night,High,Videos,2.1,8,Medium
S06292,ML,No,Yes,Yes,Yes,Yes,No,No,Evening,High,Mixed,3.9,8,High
S06293,DBMS,No,Yes,Yes,No,No,Yes,No,Evening,Low,Videos,1.7,6,Low
S06294,DSA,No,No,Yes,Yes,Yes,Yes,No,Night,High,Videos,4.3,5,High
S06295,DSA,Yes,Yes,No,Yes,No,No,Yes,Morning,High,Mixed,2.6,3,Medium
S06296,DSA,No,Yes,No,No,No,No,Yes,Evening,Low,Videos,1.1,2,Low
S06297,DSA,No,Yes,No,Yes,No,No,Yes,Night,Medium,Videos,2.9,3,Low
S06298,OS,No,No,Yes,Yes,No,No,Yes,Evening,High,Mixed,3.0,5,High
S06299,CN,Yes,Yes,Yes,Yes,Yes,No,Yes,Evening,High,Mixed,4.2,5,Medium
S06300,ML,No,Yes,Yes,No,Yes,No,Yes,Morning,Medium,Mixed,2.0,5,Low
S06301,DSA,Yes,Yes,Yes,Yes,Yes,No,Yes,Morning,High,Notes,2.5,6,High
S06302,ML,Yes,No,Yes,No,No,No,Yes,Evening,High,Mixed,3.9,6,Low
S06303,CN,Yes,Yes,Yes,No,Yes,Yes,No,Evening,Medium,Notes,4.1,4,Low
S06304,DBMS,Yes,Yes,Yes,No,Yes,Yes,Yes,Evening,High,Videos,3.6,7,Medium
S06305,DSA,No,No,Yes,Yes,Yes,No,No,Evening,High,Notes,3.1,8,High
S06306,DSA,Yes,No,Yes,Yes,Yes,No,Yes,Morning,Medium,Mixed,3.1,8,High
S06307,DSA,No,No,No,No,No,No,Yes,Evening,High,Notes,0.5,4,Low
S06308,OS,No,Yes,No,No,No,Yes,No,Evening,High,Notes,1.4,5,Low
S06309,ML,Yes,No,Yes,Yes,No,No,Yes,Morning,Medium,Mixed,3.7,5,Medium
S06310,ML,No,No,No,Yes,Yes,Yes,No,Night,Low,Videos,2.5,5,Low
S06311,DSA,Yes,No,Yes,No,No,Yes,Yes,Evening,High,Notes,3.9,6,Low
S06312,CN,No,No,Yes,No,No,No,Yes,Afternoon,Medium,Videos,0.5,4,Low
S06313,ML,No,No,Yes,No,Yes,No,Yes,Evening,Medium,Notes,3.8,5,Medium
S06314,ML,Yes,No,Yes,No,No,No,No,Night,High,Notes,2.4,6,Low
S06315,DBMS,No,Yes,No,Yes,Yes,No,Yes,Afternoon,Low,Videos,3.0,3,Medium
S06316,DBMS,Yes,No,No,No,No,No,Yes,Night,High,Videos,0.5,2,Low
S06317,DBMS,Yes,No,No,No,No,No,No,Evening,Medium,Mixed,0.8,3,Low
S06318,DBMS,No,No,Yes,Yes,No,No,No,Afternoon,Medium,Notes,2.2,7,Medium
S06319,DSA,Yes,Yes,Yes,Yes,No,No,No,Evening,High,Mixed,4.5,7,Medium
S06320,DSA,Yes,Yes,Yes,Yes,No,No,Yes,Evening,Medium,Mixed,2.7,7,Medium
S06321,CN,Yes,No,No,Yes,No,Yes,No,Night,Medium,Mixed,0.6,5,Low
S06322,OS,Yes,No,Yes,No,Yes,No,Yes,Night,Medium,Mixed,3.4,5,Medium
S06323,DSA,No,Yes,Yes,Yes,Yes,Yes,Yes,Evening,Medium,Notes,4.8,7,High
S06324,OS,Yes,No,Yes,No,No,Yes,Yes,Evening,High,Mixed,3.1,6,Low
S06325,CN,Yes,Yes,No,Yes,No,No,Yes,Afternoon,Medium,Videos,2.3,3,Low
S06326,DBMS,Yes,Yes,Yes,Yes,Yes,No,No,Night,High,Videos,4.6,7,High
S06327,ML,No,No,Yes,Yes,Yes,No,Yes,Night,High,Videos,3.0,8,High
S06328,DSA,Yes,No,Yes,Yes,Yes,No,Yes,Night,High,Mixed,4.2,5,High
S06329,CN,Yes,Yes,No,No,No,No,No,Afternoon,High,Videos,1.9,5,Low
S06330,CN,Yes,Yes,Yes,Yes,Yes,No,No,Evening,Low,Mixed,3.9,8,Medium
S06331,DBMS,Yes,Yes,No,No,No,Yes,Yes,Night,High,Notes,1.1,3,Low
S06332,OS,No,No,No,No,No,Yes,No,Evening,High,Mixed,0.6,2,Low
S06333,ML,Yes,No,Yes,Yes,No,No,No,Afternoon,High,Mixed,2.7,7,Medium
S06334,CN,Yes,No,No,Yes,No,No,No,Morning,Medium,Videos,3.3,4,Low
S06335,OS,No,No,No,No,No,No,Yes,Night,High,Notes,0.8,4,Low
S06336,DSA,Yes,Yes,Yes,Yes,Yes,No,Yes,Evening,High,Videos,3.6,8,High
S06337,OS,Yes,Yes,No,Yes,No,No,Yes,Night,Low,Videos,2.9,3,Low
S06338,DSA,Yes,No,Yes,No,Yes,No,Yes,Morning,Medium,Notes,1.9,5,Medium
S06339,DSA,Yes,Yes,Yes,Yes,Yes,Yes,Yes,Evening,High,Notes,3.1,8,High
S06340,DSA,No,Yes,No,No,No,Yes,Yes,Night,High,Notes,0.5,4,Low
S06341,DBMS,No,No,No,Yes,No,Yes,Yes,Evening,Medium,Notes,4.2,5,Low
S06342,CN,No,No,No,No,No,Yes,Yes,Evening,High,Videos,1.2,4,Low
S06343,DBMS,No,Yes,Yes,No,Yes,Yes,Yes,Afternoon,Medium,Videos,3.6,4,Low
S06344,DSA,Yes,Yes,Yes,Yes,Yes,Yes,No,Morning,High,Mixed,5.9,7,High
S06345,OS,Yes,No,Yes,Yes,No,No,Yes,Morning,High,Notes,2.1,8,Medium
S06346,CN,No,Yes,No,Yes,Yes,No,No,Afternoon,High,Videos,2.8,5,Medium
S06347,CN,No,Yes,Yes,Yes,Yes,Yes,Yes,Evening,High,Notes,3.4,5,High
S06348,OS,No,No,Yes,No,Yes,Yes,Yes,Night,High,Mixed,2.8,4,Medium
S06349,CN,Yes,No,Yes,No,Yes,Yes,No,Night,Low,Notes,3.1,5,Low
S06350,ML,No,Yes,Yes,No,No,No,Yes,Morning,High,Videos,3.8,7,Low
S06351,ML,No,Yes,Yes,No,Yes,No,Yes,Afternoon,Medium,Videos,3.6,5,Medium
S06352,OS,No,No,Yes,Yes,No,No,No,Morning,High,Notes,4.8,5,High
S06353,OS,No,Yes,Yes,Yes,Yes,No,Yes,Afternoon,Low,Notes,4.0,7,High
S06354,CN,Yes,No,No,No,No,Yes,Yes,Evening,Medium,Notes,1.0,3,Low
S06355,ML,Yes,No,Yes,Yes,Yes,No,Yes,Evening,High,Videos,4.9,5,High
S06356,OS,Yes,Yes,Yes,Yes,Yes,Yes,Yes,Night,Medium,Notes,3.4,7,High
S06357,ML,Yes,No,No,Yes,Yes,No,Yes,Morning,Medium,Mixed,3.0,6,Medium
S06358,OS,No,Yes,Yes,Yes,Yes,No,Yes,Evening,Medium,Notes,4.4,5,High
S06359,DBMS,Yes,Yes,No,No,Yes,No,No,Night,High,Notes,2.9,5,Low
S06360,DBMS,Yes,No,No,Yes,No,No,No,Afternoon,High,Videos,2.2,4,Low
S06361,DSA,Yes,Yes,Yes,No,No,No,Yes,Night,High,Notes,3.2,7,Medium
S06362,DBMS,No,Yes,No,No,No,No,No,Night,High,Notes,0.9,2,Low
S06363,DSA,Yes,No,Yes,No,Yes,No,No,Afternoon,High,Videos,2.8,6,Low
S06364,ML,Yes,Yes,Yes,No,No,Yes,Yes,Evening,High,Mixed,3.0,4,Low
S06365,DSA,No,Yes,No,No,Yes,No,No,Morning,Medium,Notes,2.1,4,Low
S06366,ML,Yes,Yes,Yes,Yes,Yes,Yes,Yes,Evening,Medium,Videos,3.3,6,High
S06367,ML,Yes,Yes,Yes,No,No,No,Yes,Evening,High,Mixed,3.3,5,Medium
S06368,DBMS,Yes,Yes,Yes,No,Yes,No,Yes,Afternoon,Medium,Mixed,3.3,7,Low
S06369,DBMS,Yes,Yes,Yes,No,Yes,No,No,Evening,High,Notes,1.8,4,Medium
S06370,OS,No,Yes,Yes,Yes,Yes,No,Yes,Night,High,Notes,4.3,8,High
S06371,DSA,No,Yes,No,No,No,No,Yes,Night,Medium,Videos,2.0,3,Low
S06372,DBMS,Yes,No,Yes,No,No,No,Yes,Night,Medium,Notes,2.5,4,Low
S06373,OS,No,No,No,No,No,No,Yes,Morning,High,Mixed,1.7,3,Low
S06374,DBMS,No,No,No,Yes,Yes,No,No,Evening,High,Mixed,4.0,6,Medium
S06375,OS,Yes,No,No,No,No,Yes,Yes,Evening,High,Mixed,0.5,3,Low
S06376,OS,Yes,No,Yes,Yes,No,No,Yes,Morning,High,Mixed,4.1,5,High
S06377,DBMS,Yes,Yes,Yes,No,Yes,No,Yes,Night,Medium,Mixed,0.9,7,Medium
S06378,DSA,No,Yes,No,No,No,No,No,Evening,High,Notes,0.8,2,Low
S06379,DSA,Yes,Yes,No,No,Yes,No,Yes,Afternoon,High,Notes,0.5,2,Low
S06380,CN,Yes,Yes,No,No,Yes,No,No,Night,High,Mixed,3.4,5,Low
S06381,DBMS,No,No,No,Yes,No,No,No,Evening,Low,Mixed,2.0,6,Low
S06382,DSA,No,Yes,Yes,Yes,Yes,No,Yes,Night,Medium,Videos,3.9,8,High
S06383,CN,No,No,Yes,Yes,Yes,No,Yes,Evening,Low,Videos,3.6,8,Medium
S06384,DSA,No,Yes,No,No,No,No,Yes,Night,Medium,Mixed,1.4,3,Low
S06385,ML,Yes,Yes,Yes,No,No,No,Yes,Night,Medium,Mixed,2.4,5,Low
S06386,DBMS,No,Yes,No,No,Yes,No,Yes,Night,High,Videos,2.9,2,Low
S06387,OS,Yes,Yes,No,No,No,No,No,Night,Medium,Notes,1.7,5,Low
S06388,ML,Yes,Yes,No,No,No,No,Yes,Evening,High,Notes,0.8,2,Low
S06389,CN,No,No,No,No,Yes,Yes,No,Night,High,Notes,0.6,5,Low
S06390,DSA,Yes,Yes,No,Yes,Yes,No,No,Evening,Low,Notes,4.0,4,Low
S06391,OS,Yes,No,No,Yes,No,No,No,Morning,Medium,Videos,2.7,4,Low
S06392,OS,No,No,No,No,No,Yes,No,Evening,Medium,Notes,1.2,3,Low
S06393,CN,Yes,Yes,No,No,No,No,No,Morning,High,Videos,2.4,5,Low
S06394,OS,Yes,No,Yes,Yes,Yes,No,Yes,Afternoon,High,Notes,5.9,8,High
S06395,DBMS,Yes,Yes,No,Yes,No,No,No,Evening,Medium,Notes,2.3,5,Low
S06396,CN,No,Yes,No,No,No,Yes,Yes,Afternoon,Medium,Videos,2.7,4,Low
S06397,DBMS,No,Yes,No,Yes,Yes,No,Yes,Morning,High,Mixed,2.9,4,High
S06398,OS,Yes,No,No,Yes,Yes,No,No,Afternoon,High,Notes,4.5,4,Medium
S06399,CN,Yes,Yes,No,Yes,No,No,No,Evening,Medium,Videos,2.4,3,Low
S06400,OS,No,No,Yes,Yes,Yes,Yes,Yes,Evening,Medium,Notes,3.5,8,High
S06401,DSA,Yes,No,No,No,No,Yes,No,Afternoon,High,Notes,2.7,4,Low
S06402,ML,Yes,Yes,No,No,Yes,Yes,Yes,Evening,High,Mixed,2.2,5,Low
S06403,DBMS,Yes,No,Yes,Yes,No,No,Yes,Afternoon,Low,Mixed,3.3,6,Low
S06404,DBMS,Yes,Yes,Yes,Yes,Yes,No,Yes,Evening,High,Mixed,4.7,5,High
S06405,DSA,Yes,Yes,No,No,No,No,No,Afternoon,Low,Mixed,1.4,3,Low
S06406,DSA,No,Yes,No,Yes,Yes,Yes,No,Morning,High,Notes,1.3,4,Low
S06407,DSA,No,Yes,No,No,Yes,Yes,Yes,Evening,High,Videos,1.8,5,Low
S06408,DSA,Yes,Yes,Yes,Yes,Yes,No,No,Night,Low,Notes,3.4,6,Medium
S06409,DSA,No,No,No,No,No,Yes,Yes,Evening,Medium,Notes,0.7,3,Low
S06410,CN,Yes,Yes,No,No,No,Yes,No,Evening,High,Notes,2.4,2,Low
S06411,DSA,Yes,Yes,Yes,Yes,No,No,No,Morning,Medium,Notes,2.9,5,Medium
S06412,DSA,No,No,Yes,No,Yes,Yes,Yes,Morning,Medium,Notes,2.7,4,High
S06413,DBMS,Yes,No,No,Yes,No,No,Yes,Evening,Medium,Mixed,2.2,4,Low
S06414,ML,No,No,No,Yes,Yes,No,No,Evening,Medium,Mixed,3.2,6,High
S06415,DSA,Yes,Yes,Yes,Yes,No,No,Yes,Evening,Medium,Notes,3.7,6,Medium
S06416,CN,Yes,No,No,No,No,Yes,Yes,Night,High,Notes,1.6,2,Low
S06417,DBMS,Yes,Yes,Yes,No,Yes,No,Yes,Night,High,Mixed,3.2,7,High
S06418,CN,Yes,No,Yes,No,No,Yes,Yes,Morning,High,Videos,1.5,6,Low
S06419,ML,No,Yes,No,No,No,No,No,Afternoon,Low,Notes,1.9,5,Low
S06420,CN,No,Yes,Yes,No,Yes,No,Yes,Night,Low,Videos,2.2,6,Low
S06421,ML,Yes,No,Yes,Yes,No,No,Yes,Night,High,Videos,4.3,7,Medium
S06422,CN,Yes,No,No,No,No,No,No,Afternoon,High,Notes,1.3,3,Low
S06423,CN,No,No,No,Yes,Yes,Yes,Yes,Night,Medium,Videos,1.7,6,Medium
S06424,ML,No,No,Yes,No,Yes,No,Yes,Evening,High,Notes,3.3,5,Low
S06425,DSA,Yes,No,Yes,Yes,Yes,No,Yes,Evening,High,Mixed,4.6,6,High
S06426,OS,Yes,Yes,Yes,Yes,Yes,Yes,Yes,Night,Medium,Mixed,3.6,8,High
S06427,DBMS,Yes,Yes,Yes,Yes,No,Yes,Yes,Afternoon,High,Notes,3.9,5,High
S06428,DBMS,Yes,Yes,Yes,Yes,Yes,No,No,Evening,High,Videos,5.2,6,High
S06429,CN,Yes,Yes,Yes,No,No,No,Yes,Evening,High,Videos,2.8,6,Medium
S06430,CN,Yes,Yes,Yes,Yes,Yes,No,No,Evening,High,Mixed,2.7,5,High
S06431,OS,Yes,No,Yes,Yes,Yes,Yes,Yes,Morning,Low,Mixed,3.9,7,Medium
S06432,OS,Yes,Yes,No,No,No,No,Yes,Evening,High,Videos,1.1,5,Low
S06433,OS,Yes,No,Yes,No,No,No,Yes,Morning,Low,Notes,0.8,7,Low
S06434,DBMS,No,No,No,No,No,Yes,Yes,Evening,Medium,Mixed,0.5,4,Low
S06435,OS,Yes,Yes,No,No,No,Yes,Yes,Night,Medium,Mixed,3.1,3,Low
S06436,DBMS,Yes,No,Yes,Yes,No,No,Yes,Night,High,Notes,3.0,5,High
S06437,DBMS,Yes,Yes,Yes,Yes,Yes,No,Yes,Evening,High,Notes,3.7,5,High
S06438,CN,Yes,No,Yes,Yes,Yes,Yes,Yes,Evening,Medium,Notes,2.8,7,Medium
S06439,DBMS,No,No,No,Yes,Yes,Yes,Yes,Evening,High,Videos,4.7,5,High
S06440,OS,Yes,Yes,Yes,Yes,Yes,No,Yes,Night,High,Mixed,4.3,5,High
S06441,DBMS,Yes,Yes,Yes,No,Yes,No,Yes,Night,High,Notes,2.8,7,High
S06442,DBMS,No,No,No,Yes,No,No,Yes,Evening,Medium,Videos,3.0,4,Low
S06443,ML,No,Yes,No,No,Yes,No,Yes,Evening,High,Videos,3.3,5,Low
S06444,OS,No,No,Yes,No,Yes,Yes,Yes,Afternoon,Low,Notes,1.2,7,Low
S06445,DSA,Yes,Yes,Yes,Yes,Yes,No,Yes,Morning,High,Notes,5.0,8,High
S06446,DBMS,Yes,No,Yes,Yes,No,No,Yes,Morning,High,Mixed,2.5,5,High
S06447,DSA,No,Yes,No,Yes,No,Yes,Yes,Evening,Medium,Videos,0.8,5,Medium
S06448,ML,Yes,Yes,No,No,No,No,No,Morning,Medium,Videos,3.3,5,Low
S06449,CN,No,Yes,No,Yes,No,Yes,No,Evening,Low,Mixed,2.6,6,Low
S06450,CN,No,Yes,No,No,No,No,No,Morning,High,Videos,0.9,3,Low
S06451,DBMS,Yes,No,Yes,Yes,Yes,Yes,Yes,Night,Low,Videos,5.6,6,High
S06452,DSA,Yes,No,No,No,No,No,Yes,Afternoon,High,Mixed,1.1,5,Low
S06453,ML,Yes,Yes,Yes,Yes,No,Yes,No,Night,High,Videos,2.4,6,High
S06454,DBMS,Yes,Yes,Yes,Yes,Yes,Yes,Yes,Morning,High,Notes,4.7,7,High
S06455,CN,No,Yes,Yes,Yes,Yes,Yes,Yes,Morning,High,Mixed,2.5,8,High
S06456,DBMS,No,No,Yes,No,No,No,Yes,Night,High,Videos,2.5,5,Low
S06457,OS,Yes,No,No,No,No,No,No,Evening,Low,Notes,0.5,5,Low
S06458,DBMS,No,No,No,No,No,No,No,Morning,Medium,Mixed,0.5,4,Low
S06459,DBMS,Yes,No,Yes,Yes,Yes,No,Yes,Night,High,Videos,4.4,7,High
S06460,DBMS,No,Yes,No,No,Yes,No,No,Evening,High,Mixed,1.2,5,Low
S06461,OS,Yes,Yes,Yes,No,Yes,No,Yes,Evening,High,Notes,3.8,5,High
S06462,DSA,No,No,No,Yes,No,No,No,Evening,Medium,Mixed,0.5,4,Low
S06463,DSA,No,Yes,Yes,Yes,Yes,No,Yes,Evening,Medium,Notes,3.7,6,High
S06464,DBMS,Yes,Yes,No,No,Yes,No,No,Morning,Medium,Mixed,1.6,2,Low
S06465,ML,Yes,Yes,No,Yes,No,No,No,Night,High,Notes,2.1,5,Low
S06466,DSA,No,No,No,Yes,No,No,No,Night,Medium,Mixed,1.9,5,Low
S06467,CN,Yes,No,No,No,No,No,No,Evening,High,Videos,1.8,2,Low
S06468,CN,No,No,No,No,No,Yes,Yes,Evening,High,Videos,1.9,3,Low
S06469,ML,No,Yes,Yes,Yes,No,Yes,Yes,Night,High,Videos,2.9,6,Medium
S06470,DSA,No,Yes,No,No,No,No,Yes,Morning,Medium,Mixed,1.0,5,Low
S06471,CN,Yes,Yes,Yes,Yes,No,No,Yes,Night,Medium,Notes,3.7,5,High
S06472,DSA,Yes,No,No,Yes,Yes,No,No,Night,High,Notes,3.4,6,Low
S06473,CN,No,Yes,Yes,Yes,Yes,Yes,Yes,Evening,Medium,Videos,1.9,8,High
S06474,CN,Yes,No,Yes,No,No,No,Yes,Evening,Medium,Videos,1.3,5,Low
S06475,CN,Yes,Yes,Yes,No,No,No,Yes,Evening,Low,Videos,1.4,6,Low
S06476,CN,Yes,No,Yes,Yes,Yes,No,Yes,Night,Medium,Notes,3.5,6,Medium
S06477,OS,No,No,No,No,No,No,No,Night,Medium,Notes,0.5,5,Low
S06478,OS,Yes,Yes,No,Yes,No,No,No,Evening,Low,Mixed,2.7,4,Low
S06479,OS,Yes,No,No,Yes,Yes,Yes,No,Night,High,Videos,2.0,5,Medium
S06480,ML,Yes,Yes,No,Yes,Yes,No,No,Afternoon,High,Videos,3.5,5,Medium
S06481,OS,No,No,No,No,No,No,Yes,Evening,High,Notes,0.9,4,Low
S06482,OS,Yes,No,Yes,Yes,No,No,No,Night,High,Notes,4.1,7,Low
S06483,ML,No,No,No,No,No,No,Yes,Evening,High,Notes,1.2,2,Low
S06484,OS,No,Yes,Yes,Yes,No,No,No,Night,High,Mixed,3.1,6,Medium
S06485,DSA,No,No,Yes,No,Yes,No,Yes,Evening,High,Notes,3.7,7,Low
S06486,CN,No,No,Yes,No,Yes,No,Yes,Evening,Low,Videos,2.6,4,Low
S06487,CN,Yes,No,No,Yes,Yes,No,No,Morning,High,Mixed,1.4,4,Medium
S06488,DSA,No,No,No,No,Yes,No,Yes,Evening,High,Notes,0.6,3,Low
S06489,CN,Yes,Yes,Yes,No,No,Yes,Yes,Evening,High,Videos,3.4,5,Low
S06490,DSA,No,Yes,Yes,No,Yes,No,No,Night,High,Videos,1.9,5,Medium
S06491,ML,Yes,Yes,Yes,Yes,Yes,Yes,Yes,Evening,High,Notes,3.5,8,High
S06492,CN,No,Yes,No,Yes,No,Yes,Yes,Evening,Medium,Mixed,3.5,5,Low
S06493,DBMS,No,No,Yes,Yes,No,Yes,Yes,Evening,Medium,Videos,2.7,6,Medium
S06494,DBMS,Yes,No,No,No,Yes,No,No,Night,Medium,Mixed,1.4,4,Low
S06495,ML,No,Yes,No,No,Yes,No,Yes,Evening,High,Videos,2.3,5,Low
S06496,DBMS,Yes,Yes,No,Yes,No,No,Yes,Evening,High,Mixed,3.5,5,Medium
S06497,DSA,Yes,No,No,No,No,No,No,Afternoon,High,Videos,3.0,5,Low
S06498,ML,Yes,No,No,No,No,Yes,Yes,Night,High,Notes,0.8,5,Low
S06499,OS,Yes,No,No,No,No,No,Yes,Evening,High,Mixed,2.0,2,Low
S06500,OS,Yes,Yes,Yes,Yes,Yes,Yes,Yes,Morning,High,Notes,3.8,5,High
S06501,DSA,No,No,No,No,No,Yes,Yes,Morning,Medium,Mixed,1.4,3,Low
S06502,ML,Yes,Yes,Yes,Yes,Yes,Yes,No,Evening,Medium,Videos,4.3,5,High
S06503,OS,Yes,Yes,Yes,Yes,No,No,Yes,Evening,High,Notes,3.6,7,High
S06504,OS,No,No,Yes,Yes,Yes,No,Yes,Afternoon,High,Videos,2.9,5,High
S06505,OS,No,Yes,No,No,No,Yes,No,Morning,Medium,Mixed,0.5,4,Low
S06506,OS,Yes,No,No,No,No,No,No,Evening,Medium,Notes,2.9,5,Low
S06507,OS,No,Yes,No,Yes,No,Yes,No,Morning,High,Notes,1.8,6,Medium
S06508,ML,Yes,Yes,Yes,Yes,Yes,No,Yes,Evening,High,Videos,4.4,5,High
S06509,CN,Yes,Yes,Yes,Yes,Yes,No,No,Night,High,Videos,5.2,5,Medium
S06510,OS,Yes,Yes,No,No,No,Yes,No,Evening,Low,Notes,1.3,2,Low
S06511,ML,No,Yes,No,No,Yes,Yes,No,Morning,High,Videos,3.3,5,Low
S06512,CN,Yes,Yes,Yes,Yes,Yes,No,Yes,Evening,Medium,Videos,3.3,5,High
S06513,DSA,Yes,Yes,Yes,Yes,Yes,No,No,Morning,Medium,Mixed,4.8,7,High
S06514,DBMS,No,No,Yes,Yes,Yes,No,Yes,Night,Medium,Mixed,4.0,6,High
S06515,ML,Yes,Yes,No,No,No,No,No,Evening,High,Videos,1.3,4,Low
S06516,DSA,Yes,No,Yes,No,Yes,Yes,Yes,Evening,Low,Mixed,3.8,6,Medium
S06517,ML,No,No,No,No,Yes,No,No,Evening,High,Mixed,1.9,4,Low
S06518,CN,No,No,Yes,No,No,Yes,Yes,Afternoon,High,Mixed,1.9,4,Low
S06519,DSA,Yes,Yes,No,Yes,No,Yes,No,Afternoon,Medium,Videos,0.8,3,Low
S06520,DBMS,Yes,No,Yes,No,No,No,Yes,Afternoon,High,Mixed,3.0,7,Low
S06521,OS,No,No,No,No,No,No,No,Evening,High,Mixed,2.1,2,Low
S06522,DBMS,Yes,Yes,No,No,Yes,No,Yes,Evening,High,Mixed,3.7,3,Low
S06523,DBMS,Yes,No,No,No,No,Yes,No,Morning,Medium,Videos,1.9,3,Low
S06524,ML,Yes,Yes,No,No,No,Yes,No,Night,High,Notes,0.8,4,Low
S06525,ML,Yes,Yes,Yes,No,Yes,No,Yes,Afternoon,High,Videos,3.2,5,Medium
S06526,DBMS,No,No,Yes,Yes,Yes,No,Yes,Night,High,Mixed,3.8,5,High
S06527,CN,Yes,Yes,Yes,No,Yes,No,Yes,Afternoon,Medium,Videos,4.1,4,Medium
S06528,ML,Yes,Yes,No,Yes,Yes,No,No,Evening,High,Mixed,4.0,3,Medium
S06529,OS,Yes,Yes,No,Yes,Yes,No,No,Evening,Low,Mixed,5.1,3,Low
S06530,CN,Yes,Yes,Yes,Yes,Yes,Yes,Yes,Evening,High,Videos,3.7,6,High
S06531,DBMS,Yes,No,No,No,No,No,Yes,Afternoon,Medium,Notes,2.6,5,Low
S06532,DSA,No,Yes,Yes,No,Yes,Yes,Yes,Evening,High,Notes,4.4,4,Medium
S06533,CN,No,No,Yes,No,No,Yes,Yes,Evening,Low,Videos,3.2,7,Low
S06534,ML,Yes,No,Yes,Yes,Yes,Yes,Yes,Evening,High,Notes,3.5,5,High
S06535,OS,Yes,Yes,No,No,No,No,No,Evening,Medium,Notes,1.1,2,Low
S06536,DSA,Yes,Yes,Yes,Yes,No,Yes,Yes,Night,Medium,Videos,4.0,8,Medium
S06537,CN,Yes,Yes,No,No,No,No,Yes,Night,High,Mixed,2.0,2,Low
S06538,CN,Yes,No,No,Yes,Yes,No,No,Evening,High,Notes,1.8,5,Low
S06539,CN,Yes,Yes,Yes,Yes,Yes,No,No,Afternoon,Medium,Mixed,2.9,6,High
S06540,DBMS,No,Yes,Yes,Yes,Yes,Yes,Yes,Morning,Medium,Mixed,4.4,8,High
S06541,CN,No,No,No,Yes,Yes,No,Yes,Afternoon,Medium,Videos,0.9,5,Low
S06542,DBMS,Yes,Yes,No,No,No,No,Yes,Evening,High,Mixed,1.7,3,Low
S06543,ML,No,Yes,No,No,No,No,No,Evening,Medium,Videos,0.9,2,Low
S06544,OS,Yes,No,Yes,Yes,Yes,Yes,No,Evening,Medium,Notes,3.1,5,High
S06545,DSA,Yes,No,Yes,Yes,No,No,Yes,Afternoon,High,Videos,2.8,7,Medium
S06546,DSA,No,No,Yes,Yes,No,No,No,Evening,Medium,Videos,3.5,8,Medium
S06547,DBMS,Yes,Yes,Yes,No,Yes,No,Yes,Night,High,Mixed,3.1,7,Medium
S06548,ML,Yes,Yes,No,No,No,Yes,No,Night,Low,Videos,0.5,5,Low
S06549,DSA,No,Yes,Yes,No,Yes,No,No,Evening,High,Notes,1.5,5,Low
S06550,CN,Yes,Yes,No,No,No,No,Yes,Morning,Low,Mixed,1.6,4,Low
S06551,OS,No,Yes,No,Yes,No,No,Yes,Evening,High,Videos,2.7,4,Low
S06552,OS,Yes,No,Yes,No,Yes,No,Yes,Morning,Medium,Notes,3.7,6,High
S06553,DBMS,No,No,No,Yes,Yes,Yes,Yes,Evening,High,Videos,1.4,5,Medium
S06554,CN,Yes,No,Yes,No,No,No,No,Evening,Low,Videos,2.7,7,Low
S06555,DSA,Yes,No,Yes,Yes,Yes,Yes,Yes,Afternoon,Medium,Videos,4.4,7,High
S06556,ML,Yes,Yes,Yes,Yes,Yes,No,No,Afternoon,High,Videos,3.4,8,High
S06557,DBMS,No,Yes,No,Yes,No,No,Yes,Morning,High,Videos,1.9,3,Low
S06558,CN,Yes,Yes,No,No,No,Yes,No,Night,Medium,Notes,1.0,3,Low
S06559,DBMS,No,Yes,No,Yes,Yes,Yes,No,Morning,High,Notes,2.3,3,Medium
S06560,ML,Yes,Yes,No,No,No,Yes,Yes,Afternoon,Medium,Videos,2.6,4,Low
S06561,OS,Yes,No,No,Yes,No,No,Yes,Evening,Low,Videos,1.7,6,Low
S06562,DBMS,Yes,Yes,Yes,Yes,Yes,No,Yes,Night,High,Mixed,3.2,5,High
S06563,ML,Yes,Yes,Yes,No,Yes,Yes,Yes,Night,High,Mixed,1.1,6,Medium
S06564,ML,No,No,Yes,Yes,No,No,No,Afternoon,High,Mixed,3.8,6,Low
S06565,DSA,Yes,No,No,Yes,Yes,No,No,Morning,Medium,Videos,2.1,6,Medium
S06566,CN,No,No,Yes,Yes,Yes,No,Yes,Night,High,Notes,3.1,5,High
S06567,ML,Yes,Yes,Yes,Yes,Yes,Yes,Yes,Evening,High,Videos,5.2,8,High
S06568,DBMS,Yes,Yes,No,No,No,No,No,Evening,Low,Notes,0.5,3,Low
S06569,CN,Yes,No,Yes,Yes,No,No,Yes,Evening,Medium,Mixed,1.9,8,Medium
S06570,CN,No,Yes,Yes,No,No,Yes,No,Night,Medium,Notes,1.1,6,Medium
S06571,OS,No,No,Yes,No,No,No,Yes,Afternoon,High,Videos,1.1,4,Low
S06572,CN,Yes,No,Yes,Yes,Yes,No,Yes,Evening,High,Notes,3.2,6,High
S06573,CN,No,No,Yes,No,No,Yes,Yes,Evening,Medium,Notes,2.3,7,Low
S06574,OS,Yes,Yes,Yes,Yes,No,No,No,Evening,Medium,Mixed,2.9,6,High
S06575,ML,Yes,No,Yes,Yes,No,Yes,No,Evening,Medium,Videos,4.0,5,Medium
S06576,OS,No,Yes,No,Yes,No,No,No,Night,Medium,Notes,2.6,6,Medium
S06577,ML,Yes,Yes,Yes,Yes,Yes,No,Yes,Afternoon,High,Mixed,4.0,5,High
S06578,DSA,No,Yes,No,Yes,Yes,No,Yes,Night,High,Notes,3.1,5,Medium
S06579,OS,No,Yes,No,Yes,No,No,Yes,Evening,High,Notes,2.8,4,Low
S06580,DBMS,No,Yes,No,Yes,Yes,No,Yes,Night,High,Videos,2.7,4,Medium
S06581,OS,No,No,No,Yes,Yes,No,No,Night,Low,Notes,4.3,6,Low
S06582,DSA,Yes,No,Yes,Yes,No,No,Yes,Evening,Low,Notes,2.6,6,High
S06583,DBMS,No,Yes,Yes,Yes,No,Yes,No,Morning,High,Mixed,2.7,5,Medium
S06584,DSA,Yes,No,Yes,Yes,Yes,Yes,Yes,Evening,High,Notes,3.0,5,High
S06585,CN,Yes,No,Yes,No,Yes,No,Yes,Afternoon,Medium,Notes,2.3,5,Low
S06586,ML,Yes,Yes,No,Yes,Yes,No,Yes,Afternoon,High,Mixed,1.7,6,Low
S06587,DSA,Yes,No,Yes,Yes,Yes,No,Yes,Evening,High,Videos,2.8,5,High
S06588,DBMS,No,No,Yes,Yes,Yes,No,Yes,Night,High,Videos,3.7,7,High
S06589,ML,No,No,Yes,Yes,Yes,No,No,Night,High,Notes,3.6,6,High
S06590,OS,Yes,Yes,No,No,No,No,No,Night,Medium,Mixed,1.0,4,Low
S06591,DBMS,Yes,No,Yes,No,Yes,No,Yes,Morning,High,Videos,2.3,7,Medium
S06592,OS,No,No,Yes,Yes,Yes,No,Yes,Evening,Medium,Videos,5.0,6,High
S06593,CN,Yes,Yes,No,No,No,No,Yes,Morning,Medium,Mixed,2.8,5,Low
S06594,CN,No,Yes,No,No,Yes,No,Yes,Night,High,Notes,2.7,5,Low
S06595,ML,No,No,No,No,No,Yes,Yes,Morning,High,Mixed,1.7,4,Low
S06596,OS,Yes,Yes,Yes,No,Yes,No,Yes,Evening,High,Notes,4.4,7,Medium
S06597,CN,Yes,Yes,No,Yes,Yes,No,Yes,Evening,High,Videos,3.1,5,Medium
S06598,DSA,Yes,Yes,Yes,No,Yes,No,No,Afternoon,Medium,Notes,1.8,4,Low
S06599,DBMS,Yes,No,No,Yes,Yes,No,No,Evening,High,Notes,2.0,6,High
S06600,CN,Yes,No,No,No,Yes,No,No,Afternoon,High,Notes,2.1,4,Low
S06601,ML,Yes,Yes,Yes,Yes,No,No,Yes,Afternoon,High,Notes,3.8,6,High
S06602,CN,Yes,Yes,No,No,No,Yes,Yes,Morning,High,Notes,2.6,3,Low
S06603,ML,Yes,Yes,No,No,No,No,Yes,Evening,High,Videos,2.6,4,Low
S06604,OS,Yes,Yes,Yes,Yes,No,No,Yes,Night,High,Videos,4.1,5,Medium
S06605,ML,No,No,Yes,No,Yes,No,No,Afternoon,High,Notes,4.0,6,Low
S06606,ML,Yes,Yes,No,Yes,No,No,No,Evening,Medium,Videos,2.0,4,Low
S06607,ML,No,No,Yes,Yes,No,No,Yes,Evening,High,Mixed,2.9,8,Low
S06608,DBMS,Yes,Yes,No,Yes,No,No,No,Afternoon,High,Notes,1.9,6,High
S06609,ML,Yes,Yes,Yes,No,No,No,No,Evening,Low,Mixed,2.5,4,Low
S06610,DSA,Yes,No,Yes,No,No,No,Yes,Afternoon,Medium,Videos,3.2,7,Low
S06611,CN,No,Yes,Yes,Yes,No,Yes,No,Evening,High,Notes,6.2,6,High
S06612,DSA,Yes,Yes,No,No,No,No,Yes,Night,High,Mixed,1.1,2,Low
S06613,ML,Yes,Yes,Yes,Yes,No,Yes,Yes,Evening,Medium,Videos,2.7,6,Medium
S06614,ML,Yes,No,Yes,Yes,No,No,No,Evening,High,Mixed,3.9,5,Low
S06615,OS,No,Yes,Yes,No,No,No,Yes,Afternoon,High,Videos,2.1,4,Medium
S06616,CN,Yes,No,Yes,No,No,No,Yes,Evening,High,Videos,3.7,6,Low
S06617,DBMS,Yes,No,Yes,No,Yes,Yes,Yes,Evening,Medium,Mixed,4.4,6,Low
S06618,ML,No,No,No,Yes,No,No,Yes,Night,High,Mixed,4.0,3,Low
S06619,CN,Yes,No,No,No,No,No,No,Evening,Low,Mixed,1.9,4,Low
S06620,ML,Yes,No,Yes,No,Yes,Yes,Yes,Afternoon,High,Videos,4.5,7,High
S06621,ML,No,No,Yes,No,No,Yes,Yes,Night,High,Videos,1.4,4,Low
S06622,CN,Yes,Yes,No,No,No,No,Yes,Night,Medium,Mixed,2.7,2,Medium
S06623,ML,Yes,No,No,Yes,Yes,No,No,Evening,Low,Mixed,3.6,4,Low
S06624,DSA,Yes,No,No,No,No,No,No,Evening,Medium,Notes,1.7,5,Low
S06625,OS,Yes,Yes,Yes,Yes,No,Yes,Yes,Evening,Low,Mixed,3.1,7,Medium
S06626,ML,No,No,Yes,Yes,Yes,No,Yes,Evening,High,Notes,1.3,5,High
S06627,OS,No,Yes,Yes,Yes,No,Yes,Yes,Evening,High,Notes,4.0,6,High
S06628,DBMS,Yes,Yes,Yes,Yes,Yes,Yes,No,Evening,High,Mixed,3.4,5,High
S06629,OS,Yes,Yes,Yes,No,No,No,Yes,Afternoon,High,Mixed,2.2,7,Low
S06630,CN,No,Yes,No,No,No,Yes,No,Morning,Medium,Notes,1.7,4,Low
S06631,DSA,No,Yes,Yes,No,No,No,Yes,Afternoon,High,Videos,2.8,7,Medium
S06632,DSA,Yes,Yes,Yes,Yes,Yes,No,Yes,Evening,High,Notes,3.2,7,High
S06633,ML,No,Yes,No,No,No,Yes,No,Night,Low,Mixed,0.8,5,Low
S06634,DBMS,Yes,Yes,No,Yes,No,No,Yes,Night,High,Videos,1.5,6,Medium
S06635,CN,No,No,Yes,Yes,Yes,Yes,Yes,Evening,Low,Notes,4.0,5,Low
S06636,OS,Yes,Yes,Yes,Yes,Yes,No,No,Morning,High,Notes,5.0,8,High
S06637,ML,Yes,No,No,No,No,No,No,Morning,High,Notes,1.7,2,Low
S06638,CN,No,No,No,No,Yes,No,Yes,Morning,High,Notes,2.4,5,Low
S06639,DBMS,No,Yes,No,No,No,No,Yes,Evening,Low,Notes,1.3,3,Low
S06640,ML,Yes,Yes,Yes,No,Yes,Yes,Yes,Evening,Low,Mixed,2.7,4,Medium
S06641,CN,Yes,Yes,No,No,No,No,Yes,Night,Medium,Notes,0.9,5,Low
S06642,DSA,No,Yes,No,No,No,No,Yes,Afternoon,High,Mixed,1.2,4,Low
S06643,ML,Yes,Yes,Yes,Yes,Yes,No,Yes,Morning,High,Videos,2.6,7,High
S06644,ML,Yes,No,Yes,No,Yes,No,No,Afternoon,High,Mixed,4.3,4,Medium
S06645,OS,No,No,No,No,No,Yes,Yes,Evening,Medium,Mixed,1.7,3,Low
S06646,CN,Yes,Yes,No,No,No,No,Yes,Morning,High,Mixed,1.7,3,Low
S06647,OS,Yes,No,Yes,Yes,Yes,No,Yes,Night,High,Mixed,4.3,8,High
S06648,ML,Yes,Yes,No,Yes,No,Yes,Yes,Evening,High,Notes,1.9,6,Low
S06649,DBMS,No,No,No,No,Yes,Yes,No,Night,High,Videos,2.4,3,Low
S06650,OS,Yes,No,Yes,Yes,Yes,No,Yes,Night,Medium,Notes,3.3,5,High
S06651,CN,No,Yes,Yes,Yes,Yes,No,Yes,Evening,High,Mixed,3.4,6,High
S06652,OS,No,No,Yes,No,Yes,No,Yes,Night,High,Notes,3.1,5,Low
S06653,OS,No,No,No,Yes,Yes,No,Yes,Evening,High,Mixed,3.0,4,Medium
S06654,DSA,Yes,Yes,Yes,Yes,No,Yes,Yes,Afternoon,High,Mixed,4.6,8,High
S06655,DSA,Yes,Yes,No,No,No,No,Yes,Afternoon,High,Videos,0.7,5,Low
S06656,ML,Yes,No,Yes,Yes,Yes,No,Yes,Night,High,Mixed,3.0,8,High
S06657,OS,Yes,Yes,No,No,No,Yes,Yes,Evening,Low,Videos,1.1,3,Low
S06658,DSA,No,Yes,No,No,No,No,Yes,Evening,High,Mixed,2.4,4,Low
S06659,DSA,No,No,No,No,No,No,No,Afternoon,High,Videos,1.8,3,Low
S06660,OS,Yes,Yes,No,Yes,Yes,Yes,Yes,Morning,Medium,Videos,4.9,3,Medium
S06661,DBMS,Yes,Yes,Yes,Yes,No,No,Yes,Evening,High,Videos,3.2,5,Low
S06662,DBMS,No,No,Yes,No,No,No,Yes,Evening,Medium,Mixed,2.8,4,Medium
S06663,CN,Yes,Yes,Yes,Yes,Yes,No,Yes,Night,Medium,Mixed,4.0,8,High
S06664,DSA,No,No,No,No,Yes,No,Yes,Afternoon,High,Videos,2.4,3,Low
S06665,CN,Yes,No,Yes,No,No,No,Yes,Evening,High,Videos,1.8,5,Low
S06666,DBMS,No,Yes,Yes,Yes,Yes,No,No,Night,Low,Mixed,4.0,8,Medium
S06667,DSA,No,No,Yes,Yes,Yes,No,Yes,Evening,High,Videos,2.9,6,High
S06668,DSA,Yes,No,No,Yes,No,No,No,Afternoon,Medium,Mixed,2.6,3,Low
S06669,OS,Yes,Yes,Yes,No,No,No,No,Night,High,Mixed,2.9,4,Low
S06670,DBMS,No,No,Yes,Yes,No,No,No,Morning,High,Notes,3.1,7,High
S06671,OS,Yes,No,Yes,No,No,Yes,Yes,Evening,Medium,Notes,1.9,5,Low
S06672,OS,Yes,No,Yes,No,Yes,No,Yes,Night,Medium,Mixed,2.4,6,Medium
S06673,DSA,Yes,Yes,No,Yes,No,Yes,Yes,Morning,High,Videos,1.5,5,Medium
S06674,OS,Yes,Yes,No,No,No,Yes,No,Evening,Medium,Mixed,0.8,3,Low
S06675,DBMS,No,No,No,No,No,No,Yes,Evening,Low,Videos,3.7,3,Low
S06676,DSA,Yes,No,Yes,No,Yes,No,Yes,Evening,Medium,Mixed,3.4,6,Medium
S06677,DSA,Yes,No,Yes,Yes,No,Yes,No,Afternoon,High,Mixed,3.1,8,Medium
S06678,DBMS,No,Yes,No,Yes,No,No,Yes,Night,High,Videos,1.6,5,Low
S06679,ML,Yes,No,Yes,No,Yes,No,Yes,Morning,Medium,Videos,3.0,6,Medium
S06680,CN,Yes,Yes,No,Yes,Yes,No,No,Morning,Medium,Mixed,3.4,6,Medium
S06681,CN,No,Yes,No,No,No,No,No,Morning,High,Notes,2.0,5,Low
S06682,DSA,No,No,Yes,No,Yes,Yes,No,Morning,Medium,Mixed,4.0,4,Medium
S06683,CN,Yes,Yes,No,No,Yes,No,Yes,Evening,Low,Videos,3.0,4,Low
S06684,DBMS,No,No,Yes,Yes,Yes,No,Yes,Afternoon,High,Mixed,3.9,7,High
S06685,CN,Yes,Yes,Yes,No,Yes,No,Yes,Night,High,Mixed,2.5,5,High
S06686,OS,Yes,No,Yes,No,Yes,Yes,No,Night,High,Notes,2.9,6,Medium
S06687,CN,No,No,No,Yes,No,No,No,Evening,High,Videos,3.0,4,Low
S06688,OS,No,Yes,No,No,No,No,No,Afternoon,Medium,Videos,0.9,2,Low
S06689,ML,Yes,Yes,Yes,No,No,No,Yes,Night,High,Videos,4.4,6,Low
S06690,DBMS,Yes,No,No,Yes,No,No,No,Morning,Medium,Notes,1.7,5,Low
S06691,CN,Yes,Yes,Yes,Yes,Yes,No,Yes,Night,High,Videos,4.4,5,High
S06692,CN,Yes,No,Yes,No,No,No,Yes,Afternoon,High,Videos,2.8,4,Low
S06693,ML,No,No,No,No,No,No,Yes,Evening,High,Videos,2.2,4,Low
S06694,DBMS,No,Yes,No,No,No,No,No,Evening,High,Notes,0.5,4,Low
S06695,CN,Yes,No,No,Yes,No,Yes,No,Evening,High,Videos,3.2,5,Medium
S06696,DBMS,Yes,Yes,No,No,Yes,No,No,Afternoon,Low,Mixed,1.8,3,Low
S06697,ML,Yes,Yes,Yes,Yes,Yes,No,Yes,Afternoon,Low,Videos,3.1,7,Medium
S06698,OS,Yes,Yes,Yes,Yes,No,Yes,Yes,Evening,High,Videos,4.2,6,High
S06699,DSA,No,No,Yes,No,Yes,No,Yes,Night,High,Notes,1.5,7,Medium
S06700,OS,Yes,No,No,No,Yes,Yes,Yes,Afternoon,Medium,Notes,3.8,3,Low
S06701,ML,Yes,Yes,Yes,No,Yes,No,No,Evening,Medium,Mixed,3.3,5,Medium
S06702,DBMS,No,Yes,Yes,Yes,Yes,No,Yes,Morning,High,Mixed,3.8,5,High
S06703,DBMS,No,Yes,No,No,No,Yes,Yes,Morning,High,Notes,0.5,5,Low
S06704,ML,Yes,No,Yes,No,No,No,Yes,Morning,Medium,Notes,2.3,7,Low
S06705,DBMS,Yes,Yes,No,Yes,Yes,Yes,Yes,Night,High,Mixed,4.0,5,High
S06706,DBMS,Yes,Yes,No,Yes,No,No,Yes,Evening,High,Videos,2.5,6,Low
S06707,DBMS,Yes,Yes,Yes,Yes,No,No,Yes,Night,Medium,Videos,3.8,6,Medium
S06708,DBMS,Yes,Yes,Yes,Yes,No,No,Yes,Evening,High,Notes,4.2,7,Medium
S06709,DSA,Yes,No,No,No,No,No,Yes,Morning,Medium,Mixed,0.7,2,Low
S06710,DSA,Yes,Yes,No,No,Yes,No,Yes,Evening,High,Mixed,0.6,3,Low
S06711,DSA,Yes,Yes,Yes,Yes,No,No,Yes,Night,Medium,Notes,2.4,8,High
S06712,ML,No,No,No,Yes,No,No,Yes,Evening,High,Notes,2.3,5,Low
S06713,CN,Yes,Yes,Yes,Yes,Yes,No,Yes,Evening,High,Mixed,3.7,8,High
S06714,ML,No,No,No,No,Yes,No,No,Evening,High,Mixed,1.9,4,Low
S06715,DSA,No,Yes,No,No,No,No,No,Afternoon,Low,Notes,2.0,4,Low
S06716,DBMS,No,Yes,Yes,Yes,Yes,No,Yes,Evening,High,Videos,3.5,7,High
S06717,OS,No,No,No,No,Yes,No,No,Morning,High,Notes,1.1,4,Low
S06718,DSA,No,Yes,Yes,No,No,No,Yes,Evening,High,Notes,1.6,5,Low
S06719,ML,No,No,No,Yes,No,Yes,No,Afternoon,Medium,Notes,2.9,5,Low
S06720,DBMS,Yes,Yes,No,Yes,No,No,Yes,Evening,High,Videos,3.3,3,Medium
S06721,DSA,Yes,Yes,No,No,No,No,No,Morning,High,Mixed,2.8,3,Low
S06722,OS,Yes,No,Yes,No,Yes,Yes,Yes,Night,Medium,Mixed,2.7,6,Medium
S06723,DSA,Yes,Yes,Yes,No,Yes,No,No,Morning,High,Mixed,3.3,5,Medium
S06724,OS,Yes,Yes,Yes,No,No,Yes,Yes,Evening,Medium,Videos,2.9,6,Low
S06725,DBMS,Yes,No,Yes,No,Yes,Yes,No,Evening,High,Notes,3.4,7,Medium
S06726,OS,Yes,Yes,Yes,Yes,Yes,No,No,Afternoon,High,Notes,4.4,8,High
S06727,ML,Yes,No,Yes,No,Yes,No,No,Night,Medium,Mixed,3.7,5,Low
S06728,DBMS,Yes,Yes,Yes,No,Yes,No,Yes,Afternoon,High,Mixed,2.4,6,Medium
S06729,DBMS,No,No,No,Yes,No,No,No,Afternoon,High,Notes,1.7,6,Low
S06730,DBMS,Yes,No,Yes,No,No,No,Yes,Night,High,Mixed,2.9,7,Low
S06731,DSA,No,Yes,Yes,Yes,Yes,No,Yes,Evening,Medium,Mixed,3.0,6,High
S06732,DBMS,Yes,Yes,No,No,Yes,No,Yes,Evening,Low,Mixed,1.5,5,Low
S06733,DBMS,No,No,Yes,Yes,Yes,Yes,No,Night,Medium,Mixed,4.0,5,High
S06734,DBMS,No,No,No,Yes,No,No,Yes,Afternoon,High,Notes,1.9,4,Low
S06735,DBMS,Yes,Yes,No,No,No,No,No,Evening,Low,Videos,1.8,5,Low
S06736,OS,No,No,No,No,No,Yes,Yes,Afternoon,High,Notes,0.9,5,Low
S06737,DBMS,Yes,No,No,Yes,Yes,No,Yes,Morning,High,Notes,0.8,3,Medium
S06738,DSA,Yes,No,No,Yes,No,No,No,Evening,Medium,Videos,2.6,3,Low
S06739,OS,No,No,No,No,No,Yes,No,Evening,High,Videos,1.4,4,Low
S06740,DSA,Yes,No,Yes,No,Yes,No,Yes,Morning,High,Notes,4.2,4,High
S06741,CN,Yes,No,Yes,No,No,No,Yes,Night,High,Mixed,2.2,7,Medium
S06742,OS,Yes,No,No,Yes,No,No,Yes,Evening,High,Notes,2.4,5,Low
S06743,DSA,Yes,No,Yes,No,No,No,Yes,Morning,High,Videos,2.1,4,Medium
S06744,DBMS,Yes,No,Yes,No,Yes,No,Yes,Evening,Low,Mixed,2.5,6,Low
S06745,OS,Yes,Yes,No,Yes,Yes,Yes,Yes,Evening,High,Videos,2.5,6,High
S06746,OS,Yes,No,Yes,Yes,Yes,Yes,Yes,Afternoon,Medium,Notes,3.0,8,High
S06747,DSA,Yes,Yes,Yes,Yes,Yes,No,Yes,Morning,High,Notes,4.0,5,High
S06748,ML,Yes,No,No,Yes,Yes,Yes,Yes,Night,High,Mixed,3.0,3,Medium
S06749,OS,Yes,No,Yes,No,No,No,No,Evening,High,Notes,1.6,6,Low
S06750,ML,No,No,Yes,Yes,Yes,No,No,Evening,High,Notes,4.7,5,High
S06751,DSA,Yes,Yes,No,No,Yes,No,Yes,Night,Medium,Notes,1.4,5,Low
S06752,DSA,Yes,Yes,No,No,Yes,Yes,Yes,Afternoon,High,Videos,2.1,5,Low
S06753,OS,No,Yes,No,No,Yes,No,Yes,Evening,High,Videos,2.8,4,Low
S06754,DBMS,No,No,Yes,Yes,Yes,Yes,Yes,Morning,Medium,Notes,5.1,8,High
S06755,DSA,Yes,No,Yes,Yes,No,Yes,Yes,Afternoon,Medium,Mixed,1.2,8,High
S06756,CN,Yes,Yes,No,Yes,No,No,Yes,Morning,High,Notes,3.1,5,Low
S06757,ML,No,Yes,Yes,Yes,Yes,Yes,No,Afternoon,High,Notes,4.1,8,High
S06758,OS,No,No,No,No,No,No,Yes,Night,Low,Videos,1.9,3,Low
S06759,CN,Yes,Yes,No,No,Yes,No,Yes,Evening,Medium,Notes,1.7,3,Low
S06760,DSA,Yes,No,Yes,Yes,Yes,No,No,Morning,High,Notes,4.5,6,High
S06761,ML,Yes,No,Yes,Yes,No,No,No,Night,High,Notes,4.2,8,Medium
S06762,ML,Yes,No,No,Yes,No,No,No,Evening,Medium,Mixed,2.8,6,Medium
S06763,ML,No,Yes,No,Yes,Yes,No,No,Afternoon,High,Videos,3.6,4,Medium
S06764,CN,No,Yes,No,No,No,No,No,Afternoon,Medium,Mixed,3.2,2,Low
S06765,CN,Yes,No,Yes,Yes,Yes,Yes,Yes,Morning,High,Mixed,5.1,6,High
S06766,DSA,No,No,No,No,No,Yes,No,Evening,Low,Videos,0.9,5,Low
S06767,DBMS,No,Yes,No,Yes,No,No,No,Evening,Medium,Mixed,2.9,5,Low
S06768,DBMS,Yes,No,Yes,No,No,No,Yes,Night,Low,Videos,3.5,4,Low
S06769,OS,No,Yes,Yes,Yes,No,No,Yes,Evening,High,Notes,3.6,7,Low
S06770,ML,Yes,Yes,No,No,No,No,No,Evening,Medium,Notes,2.1,4,Low
S06771,DBMS,Yes,No,Yes,Yes,No,No,Yes,Night,High,Notes,1.9,8,Medium
S06772,OS,Yes,No,Yes,Yes,Yes,No,Yes,Morning,Medium,Notes,3.8,8,High
S06773,ML,Yes,No,Yes,No,No,No,Yes,Evening,Medium,Mixed,2.2,5,Low
S06774,DBMS,No,Yes,Yes,Yes,No,No,Yes,Evening,Low,Mixed,2.4,6,High
S06775,DBMS,Yes,Yes,Yes,Yes,Yes,No,Yes,Evening,Low,Videos,4.8,5,Medium
S06776,DSA,Yes,No,Yes,Yes,Yes,No,No,Afternoon,High,Notes,2.8,5,High
S06777,OS,Yes,No,Yes,No,No,Yes,No,Afternoon,High,Mixed,3.3,4,Medium
S06778,DSA,Yes,Yes,Yes,No,No,Yes,No,Morning,Medium,Notes,2.4,4,Low
S06779,ML,Yes,Yes,Yes,No,Yes,No,Yes,Afternoon,High,Mixed,4.1,5,High
S06780,CN,No,Yes,Yes,Yes,Yes,No,No,Evening,Medium,Notes,4.2,5,High
S06781,DSA,Yes,No,Yes,Yes,Yes,Yes,Yes,Night,High,Mixed,4.0,6,High
S06782,CN,Yes,No,Yes,No,Yes,No,Yes,Evening,High,Notes,3.1,4,Medium
S06783,DBMS,Yes,Yes,Yes,Yes,Yes,No,Yes,Night,Medium,Notes,3.5,7,High
S06784,CN,Yes,Yes,No,Yes,No,No,Yes,Night,Medium,Videos,2.5,6,Medium
S06785,ML,No,No,No,No,No,No,No,Afternoon,Medium,Videos,0.5,3,Low
S06786,ML,Yes,No,No,Yes,Yes,No,Yes,Evening,High,Mixed,2.6,4,Medium
S06787,CN,Yes,Yes,Yes,No,Yes,No,No,Night,High,Notes,3.7,7,Medium
S06788,ML,No,Yes,Yes,No,Yes,No,No,Morning,Medium,Notes,3.0,4,Medium
S06789,DSA,No,No,Yes,No,No,Yes,Yes,Evening,High,Mixed,3.3,6,Medium
S06790,DSA,No,Yes,No,No,No,Yes,Yes,Night,High,Mixed,0.8,2,Low
S06791,DSA,Yes,No,Yes,Yes,No,No,No,Evening,Medium,Notes,2.4,6,Medium
S06792,DSA,Yes,Yes,No,No,No,Yes,No,Evening,Medium,Mixed,1.6,4,Low
S06793,CN,No,Yes,No,No,No,No,No,Evening,High,Videos,1.0,2,Low
S06794,DSA,Yes,No,Yes,No,Yes,Yes,Yes,Morning,High,Videos,3.6,4,High
S06795,DBMS,No,No,Yes,No,No,Yes,No,Morning,Medium,Videos,2.1,7,Low
S06796,DBMS,Yes,No,No,No,No,No,No,Morning,High,Videos,1.7,3,Low
S06797,DBMS,No,No,Yes,No,No,No,Yes,Evening,High,Mixed,0.5,6,Low
S06798,DBMS,Yes,Yes,Yes,No,No,No,No,Evening,High,Notes,2.2,6,Medium
S06799,OS,Yes,Yes,Yes,Yes,No,No,No,Night,High,Mixed,3.0,7,High
S06800,ML,Yes,Yes,No,No,No,No,Yes,Night,Medium,Notes,0.5,3,Low
S06801,DSA,Yes,Yes,No,No,No,No,Yes,Evening,High,Notes,1.7,5,Low
S06802,OS,No,Yes,Yes,Yes,Yes,No,No,Night,High,Videos,3.8,8,High
S06803,OS,Yes,Yes,Yes,Yes,Yes,No,Yes,Morning,Medium,Notes,3.1,8,High
S06804,CN,Yes,No,No,No,No,No,No,Afternoon,High,Mixed,2.7,3,Low
S06805,DSA,No,Yes,Yes,No,No,No,Yes,Evening,High,Notes,1.6,6,Low
S06806,DSA,No,No,Yes,Yes,No,No,Yes,Evening,High,Notes,4.1,7,High
S06807,OS,Yes,No,Yes,Yes,No,Yes,Yes,Evening,High,Mixed,3.2,6,Medium
S06808,DSA,No,Yes,Yes,Yes,Yes,No,Yes,Morning,High,Mixed,4.7,5,High
S06809,DBMS,Yes,No,Yes,Yes,No,No,Yes,Evening,Medium,Notes,3.8,7,Low
S06810,DSA,No,Yes,No,No,No,No,Yes,Afternoon,High,Mixed,0.5,5,Low
S06811,CN,Yes,No,No,No,No,No,Yes,Afternoon,High,Videos,0.6,4,Low
S06812,DSA,Yes,No,Yes,Yes,Yes,No,Yes,Night,Medium,Mixed,3.2,6,High
S06813,OS,Yes,No,Yes,No,Yes,No,Yes,Night,High,Mixed,5.2,5,Medium
S06814,DBMS,Yes,No,Yes,Yes,Yes,No,Yes,Evening,High,Notes,4.8,5,High
S06815,ML,Yes,No,No,Yes,Yes,No,No,Evening,High,Notes,4.2,4,Medium
S06816,OS,Yes,No,Yes,Yes,Yes,No,Yes,Night,Medium,Videos,2.9,7,High
S06817,OS,No,No,Yes,No,No,No,Yes,Evening,High,Notes,2.7,7,Medium
S06818,CN,Yes,Yes,Yes,No,Yes,Yes,Yes,Morning,Medium,Notes,2.4,6,Medium
S06819,DBMS,Yes,No,Yes,No,No,Yes,Yes,Evening,High,Videos,3.9,6,Low
S06820,CN,No,No,No,Yes,Yes,No,No,Evening,High,Notes,3.3,4,Low
S06821,DBMS,No,Yes,Yes,Yes,Yes,No,No,Evening,High,Mixed,3.7,6,High
S06822,CN,No,No,No,No,Yes,Yes,No,Morning,Low,Notes,1.5,2,Low
S06823,OS,Yes,No,Yes,Yes,Yes,No,Yes,Evening,Medium,Videos,4.5,8,High
S06824,DSA,Yes,No,No,Yes,No,No,Yes,Evening,Medium,Videos,2.6,3,Medium
S06825,DBMS,Yes,Yes,Yes,Yes,No,No,Yes,Night,High,Videos,3.0,7,High
S06826,DSA,Yes,Yes,Yes,No,No,No,Yes,Evening,High,Videos,1.8,4,Medium
S06827,DBMS,Yes,No,No,No,No,Yes,No,Morning,Medium,Videos,2.1,3,Low
S06828,OS,No,Yes,No,Yes,No,No,No,Afternoon,High,Mixed,2.3,3,Low
S06829,OS,Yes,No,Yes,No,No,Yes,Yes,Evening,High,Mixed,1.9,7,Low
S06830,ML,No,No,No,Yes,No,No,No,Evening,Medium,Mixed,2.5,6,Low
S06831,DBMS,Yes,Yes,Yes,No,Yes,Yes,Yes,Evening,High,Videos,3.8,4,Medium
S06832,OS,Yes,No,No,Yes,No,No,No,Morning,High,Mixed,2.3,3,Low
S06833,DSA,Yes,Yes,Yes,No,Yes,Yes,No,Afternoon,Medium,Mixed,3.7,4,Medium
S06834,CN,No,No,Yes,Yes,No,No,Yes,Afternoon,Medium,Mixed,2.5,7,Low
S06835,DBMS,Yes,No,Yes,No,No,No,Yes,Evening,High,Mixed,3.8,5,Low
S06836,ML,Yes,Yes,Yes,No,Yes,Yes,No,Morning,High,Mixed,2.3,4,Medium
S06837,DBMS,Yes,Yes,Yes,Yes,No,Yes,Yes,Afternoon,Medium,Videos,3.8,7,Medium
S06838,OS,No,Yes,No,Yes,Yes,Yes,Yes,Night,Low,Notes,2.8,3,Low
S06839,ML,No,Yes,Yes,No,No,No,No,Evening,High,Videos,1.7,5,Low
S06840,DBMS,No,No,Yes,Yes,No,No,No,Evening,High,Videos,3.0,5,Low
S06841,CN,No,Yes,Yes,Yes,No,No,Yes,Evening,Medium,Mixed,4.9,7,Medium
S06842,CN,No,Yes,Yes,No,Yes,No,Yes,Morning,High,Notes,2.2,4,Medium
S06843,CN,No,Yes,No,Yes,Yes,No,No,Night,Medium,Notes,2.0,5,Low
S06844,OS,Yes,No,No,No,Yes,No,No,Afternoon,Medium,Mixed,1.3,5,Low
S06845,DSA,Yes,No,Yes,Yes,Yes,No,Yes,Afternoon,Medium,Videos,4.8,6,High
S06846,ML,Yes,Yes,Yes,Yes,Yes,No,Yes,Afternoon,High,Mixed,4.1,5,High
S06847,OS,Yes,Yes,Yes,Yes,Yes,No,Yes,Afternoon,Medium,Mixed,3.5,5,High
S06848,OS,Yes,Yes,No,Yes,No,No,Yes,Night,Medium,Videos,2.0,5,Low
S06849,DBMS,Yes,Yes,Yes,No,No,Yes,No,Morning,High,Notes,2.1,5,Low
S06850,ML,No,Yes,Yes,Yes,Yes,No,No,Evening,Low,Videos,3.7,6,Medium
S06851,DBMS,No,No,Yes,No,Yes,No,Yes,Evening,High,Videos,2.1,6,Medium
S06852,OS,Yes,Yes,Yes,No,No,No,No,Morning,Low,Mixed,1.3,7,Low
S06853,OS,No,Yes,Yes,No,No,No,Yes,Evening,Low,Mixed,2.7,4,Low
S06854,ML,Yes,No,No,Yes,No,No,Yes,Evening,High,Mixed,1.7,3,Low
S06855,CN,Yes,No,Yes,Yes,Yes,Yes,Yes,Evening,High,Notes,4.3,5,High
S06856,OS,Yes,Yes,Yes,Yes,Yes,No,Yes,Night,Medium,Videos,4.1,5,High
S06857,ML,Yes,Yes,Yes,No,Yes,Yes,No,Morning,Medium,Notes,4.1,6,Medium
S06858,DBMS,Yes,No,Yes,No,No,Yes,Yes,Afternoon,High,Videos,2.6,7,Low
S06859,DSA,Yes,Yes,No,Yes,Yes,No,Yes,Evening,High,Mixed,3.4,6,Medium
S06860,OS,Yes,No,No,No,Yes,Yes,Yes,Night,High,Notes,1.6,4,Low
S06861,DSA,Yes,No,No,Yes,No,No,Yes,Night,High,Mixed,0.8,3,Low
S06862,DSA,No,No,No,No,No,No,Yes,Night,Medium,Videos,1.3,4,Low
S06863,OS,Yes,Yes,Yes,Yes,Yes,No,Yes,Night,Medium,Videos,3.4,8,High
S06864,CN,Yes,Yes,Yes,Yes,No,No,No,Morning,Medium,Videos,2.4,8,High
S06865,CN,Yes,No,Yes,No,No,Yes,No,Night,Medium,Mixed,3.3,7,Low
S06866,CN,Yes,Yes,No,No,No,No,Yes,Morning,High,Notes,1.2,5,Low
S06867,OS,Yes,Yes,No,Yes,No,No,Yes,Evening,High,Mixed,2.6,3,Low
S06868,ML,Yes,No,Yes,Yes,Yes,Yes,Yes,Evening,High,Videos,2.9,6,High
S06869,OS,No,Yes,Yes,No,No,No,Yes,Evening,High,Videos,2.7,6,Medium
S06870,CN,Yes,No,No,No,No,No,Yes,Morning,Low,Videos,2.4,5,Low
S06871,DSA,No,No,Yes,Yes,No,No,No,Night,High,Videos,5.1,5,Low
S06872,DSA,Yes,No,Yes,Yes,No,No,Yes,Morning,High,Videos,2.1,7,Medium
S06873,DBMS,Yes,Yes,Yes,No,No,No,Yes,Night,Medium,Videos,2.8,5,Medium
S06874,ML,Yes,No,Yes,Yes,Yes,No,No,Evening,High,Notes,2.6,8,High
S06875,OS,Yes,No,Yes,Yes,Yes,No,Yes,Afternoon,High,Notes,2.8,6,High
S06876,OS,Yes,Yes,No,No,No,No,No,Afternoon,High,Notes,1.8,5,Medium
S06877,DSA,Yes,No,No,No,Yes,No,No,Night,High,Notes,2.5,3,Low
S06878,CN,Yes,Yes,Yes,Yes,Yes,Yes,No,Evening,High,Videos,4.6,6,High
S06879,ML,No,Yes,Yes,Yes,Yes,No,Yes,Evening,Medium,Notes,3.8,5,High
S06880,OS,Yes,No,Yes,Yes,Yes,No,Yes,Evening,High,Mixed,5.0,8,High
S06881,DBMS,Yes,Yes,Yes,Yes,Yes,No,Yes,Night,High,Mixed,4.6,5,High
S06882,OS,No,Yes,Yes,No,Yes,Yes,Yes,Evening,Low,Mixed,3.0,5,Medium
S06883,DBMS,Yes,No,No,Yes,No,No,No,Night,High,Mixed,2.9,4,Low
S06884,DBMS,No,Yes,No,Yes,Yes,Yes,No,Afternoon,Low,Videos,2.6,3,Low
S06885,ML,No,No,Yes,No,No,No,Yes,Night,High,Videos,3.5,7,Medium
S06886,CN,No,Yes,No,No,Yes,No,Yes,Evening,High,Videos,2.3,5,Low
S06887,CN,Yes,No,Yes,No,Yes,Yes,Yes,Night,Medium,Notes,2.9,5,Low
S06888,DSA,Yes,No,No,Yes,Yes,Yes,No,Night,High,Mixed,2.3,4,Medium
S06889,OS,Yes,Yes,Yes,No,Yes,Yes,Yes,Night,Low,Mixed,2.9,4,Low
S06890,DSA,No,No,No,No,No,Yes,No,Evening,High,Notes,1.8,3,Low
S06891,DSA,No,Yes,Yes,No,Yes,Yes,Yes,Evening,Low,Notes,3.1,5,Low
S06892,CN,Yes,Yes,Yes,Yes,Yes,No,Yes,Evening,High,Mixed,4.5,7,High
S06893,OS,Yes,Yes,Yes,Yes,No,Yes,Yes,Evening,Medium,Notes,3.0,5,Medium
S06894,OS,Yes,Yes,No,Yes,No,No,No,Evening,Medium,Notes,2.8,3,Low
S06895,OS,Yes,Yes,No,No,No,Yes,Yes,Morning,High,Videos,0.5,4,Low
S06896,OS,Yes,No,Yes,Yes,No,No,Yes,Afternoon,High,Notes,3.1,8,High
S06897,DBMS,No,No,No,No,No,No,Yes,Evening,High,Videos,1.2,5,Low
S06898,CN,Yes,No,Yes,No,Yes,No,Yes,Night,High,Videos,1.3,5,High
S06899,DSA,Yes,No,No,No,No,No,No,Morning,High,Videos,2.4,3,Low
S06900,DSA,No,Yes,No,No,No,No,No,Morning,High,Notes,1.5,4,Low
S06901,DBMS,Yes,Yes,Yes,No,No,Yes,No,Night,Medium,Notes,2.9,6,Low
S06902,CN,Yes,Yes,Yes,Yes,Yes,No,Yes,Evening,Medium,Mixed,3.5,5,High
S06903,OS,No,No,Yes,No,Yes,No,Yes,Evening,High,Notes,3.8,4,High
S06904,CN,Yes,No,Yes,Yes,No,No,Yes,Morning,High,Videos,3.4,8,Medium
S06905,CN,Yes,Yes,Yes,Yes,Yes,Yes,Yes,Evening,Medium,Notes,4.5,6,High
S06906,DBMS,No,Yes,No,No,Yes,Yes,No,Evening,Medium,Notes,2.2,2,Low
S06907,ML,No,Yes,No,No,No,No,Yes,Morning,Medium,Mixed,1.9,2,Low
S06908,CN,No,No,Yes,Yes,No,No,Yes,Evening,High,Mixed,3.4,5,High
S06909,DSA,No,Yes,No,Yes,No,Yes,No,Night,Medium,Notes,2.6,4,Low
S06910,OS,Yes,No,No,Yes,No,No,Yes,Evening,Medium,Videos,2.4,6,Medium
S06911,DSA,No,Yes,No,No,No,Yes,No,Afternoon,Medium,Notes,0.5,4,Low
S06912,OS,Yes,Yes,No,No,No,No,No,Night,High,Videos,0.5,2,Low
S06913,DSA,No,Yes,No,No,Yes,No,No,Morning,High,Videos,1.6,4,Low
S06914,DSA,No,No,Yes,Yes,Yes,No,Yes,Afternoon,Medium,Videos,4.9,6,High
S06915,DBMS,No,No,No,No,No,Yes,No,Night,High,Mixed,1.5,3,Low
S06916,ML,No,Yes,Yes,Yes,No,No,Yes,Night,High,Mixed,2.1,5,Medium
S06917,OS,Yes,Yes,Yes,Yes,Yes,No,Yes,Afternoon,High,Notes,3.6,5,High
S06918,OS,No,Yes,Yes,Yes,Yes,No,Yes,Evening,Low,Videos,3.5,5,Medium
S06919,OS,Yes,Yes,No,No,No,No,Yes,Evening,High,Notes,1.3,5,Low
S06920,ML,Yes,Yes,No,No,No,Yes,Yes,Evening,High,Videos,2.2,3,Low
S06921,ML,No,Yes,Yes,Yes,Yes,Yes,No,Morning,High,Videos,4.4,8,High
S06922,OS,No,No,No,No,Yes,No,Yes,Morning,High,Notes,3.0,3,Low
S06923,CN,Yes,No,Yes,Yes,Yes,No,No,Evening,Medium,Videos,3.7,8,High
S06924,DBMS,Yes,No,No,No,No,Yes,Yes,Night,Medium,Notes,1.8,5,Low
S06925,DSA,Yes,No,Yes,Yes,No,No,No,Night,Low,Mixed,4.2,5,Low
S06926,CN,Yes,No,Yes,Yes,Yes,No,No,Night,Low,Mixed,3.8,7,High
S06927,ML,Yes,No,Yes,Yes,Yes,No,No,Night,High,Mixed,2.1,7,High
S06928,CN,No,Yes,Yes,Yes,Yes,No,Yes,Afternoon,High,Notes,3.6,6,High
S06929,DSA,Yes,Yes,No,No,No,No,Yes,Morning,Low,Videos,3.1,4,Low
S06930,ML,No,Yes,No,No,Yes,No,No,Afternoon,High,Notes,2.4,5,Low
S06931,CN,Yes,No,Yes,No,Yes,Yes,Yes,Evening,Medium,Notes,3.1,5,Low
S06932,CN,No,Yes,No,No,No,No,No,Evening,Medium,Notes,1.0,2,Low
S06933,DSA,Yes,Yes,No,No,Yes,No,No,Night,High,Videos,1.7,2,Low
S06934,CN,No,No,Yes,No,No,No,Yes,Morning,High,Videos,2.6,6,Low
S06935,OS,No,No,Yes,No,Yes,No,Yes,Afternoon,Medium,Mixed,3.8,7,Medium
S06936,DSA,No,No,No,Yes,No,No,No,Morning,High,Mixed,1.0,6,Low
S06937,OS,No,No,No,Yes,No,No,Yes,Afternoon,Medium,Videos,1.4,3,Low
S06938,DSA,Yes,No,No,No,Yes,Yes,Yes,Evening,High,Mixed,2.4,4,Low
S06939,CN,Yes,No,Yes,Yes,Yes,No,Yes,Evening,Low,Videos,4.0,6,High
S06940,OS,Yes,Yes,No,No,Yes,No,No,Morning,Medium,Videos,0.5,5,Low
S06941,DSA,No,No,Yes,Yes,No,No,Yes,Evening,High,Videos,2.9,6,Low
S06942,OS,Yes,No,Yes,Yes,Yes,No,Yes,Afternoon,Low,Mixed,5.1,8,Medium
S06943,OS,Yes,Yes,Yes,Yes,Yes,No,Yes,Morning,Low,Notes,3.9,7,High
S06944,CN,Yes,No,Yes,Yes,Yes,No,Yes,Evening,Medium,Notes,3.1,7,High
S06945,DBMS,Yes,No,No,No,Yes,No,Yes,Night,High,Mixed,2.0,4,Low
S06946,CN,No,No,No,No,No,No,Yes,Night,Medium,Notes,2.6,2,Low
S06947,DBMS,No,No,Yes,Yes,No,No,Yes,Afternoon,Medium,Videos,3.8,5,Medium
S06948,DSA,No,Yes,No,Yes,Yes,No,No,Afternoon,Medium,Notes,2.2,6,Low
S06949,CN,No,Yes,Yes,Yes,Yes,No,Yes,Evening,Low,Videos,4.3,8,High
S06950,ML,No,Yes,No,No,No,No,No,Night,Medium,Notes,1.2,5,Low
S06951,OS,Yes,No,No,Yes,No,Yes,No,Evening,Medium,Mixed,1.2,4,Low
S06952,OS,No,No,Yes,No,Yes,No,Yes,Evening,High,Mixed,4.0,7,Medium
S06953,ML,Yes,No,No,No,No,No,Yes,Evening,Medium,Notes,1.9,4,Low
S06954,CN,No,No,Yes,Yes,No,No,Yes,Evening,Medium,Notes,2.5,7,Low
S06955,CN,No,No,Yes,Yes,Yes,Yes,No,Night,Medium,Mixed,4.7,6,Medium
S06956,CN,Yes,Yes,No,No,Yes,No,Yes,Evening,Low,Videos,0.5,3,Low
S06957,ML,Yes,Yes,No,Yes,Yes,No,No,Morning,Low,Notes,2.9,4,Low
S06958,DBMS,Yes,Yes,Yes,No,Yes,No,Yes,Night,High,Videos,5.1,4,High
S06959,CN,Yes,No,No,Yes,Yes,No,No,Evening,Medium,Videos,4.7,4,Low
S06960,OS,No,Yes,No,Yes,No,No,Yes,Morning,High,Videos,2.0,4,Medium
S06961,ML,Yes,No,Yes,Yes,No,No,Yes,Evening,Medium,Notes,5.7,6,High
S06962,DSA,Yes,No,Yes,Yes,No,No,Yes,Night,Medium,Videos,3.8,8,Medium
S06963,DBMS,Yes,Yes,Yes,No,No,No,No,Evening,Medium,Mixed,2.3,7,Low
S06964,DSA,Yes,No,Yes,No,No,Yes,Yes,Morning,Medium,Videos,2.7,5,Low
S06965,DSA,Yes,No,No,No,No,No,Yes,Evening,High,Mixed,1.1,5,Low
S06966,DSA,Yes,No,Yes,Yes,No,No,Yes,Night,High,Videos,4.0,6,Medium
S06967,CN,Yes,Yes,Yes,No,No,No,No,Evening,Medium,Mixed,2.2,7,Low
S06968,DSA,Yes,Yes,Yes,Yes,Yes,No,No,Afternoon,Medium,Mixed,4.2,8,Medium
S06969,ML,Yes,Yes,Yes,Yes,No,No,Yes,Night,Medium,Mixed,3.1,5,Medium
S06970,CN,Yes,Yes,Yes,Yes,No,No,Yes,Morning,Low,Mixed,1.8,8,Low
S06971,DSA,No,No,No,Yes,Yes,No,No,Morning,High,Videos,2.4,4,Medium
S06972,OS,Yes,No,No,No,No,No,Yes,Evening,High,Notes,1.4,5,Low
S06973,ML,Yes,No,No,No,Yes,No,Yes,Afternoon,High,Mixed,2.0,5,Low
S06974,DBMS,No,Yes,No,No,No,No,Yes,Night,Low,Videos,2.3,5,Low
S06975,DSA,Yes,No,Yes,No,No,No,Yes,Night,Medium,Mixed,3.0,4,Low
S06976,DSA,Yes,Yes,No,No,Yes,No,No,Evening,High,Mixed,1.8,5,Low
S06977,ML,No,Yes,No,Yes,No,No,No,Evening,High,Videos,1.9,4,Medium
S06978,DBMS,Yes,No,Yes,Yes,Yes,No,Yes,Night,Medium,Videos,4.1,7,Medium
S06979,DBMS,No,No,No,Yes,Yes,Yes,No,Night,Low,Mixed,2.7,3,Low
S06980,ML,No,No,No,Yes,No,Yes,No,Evening,High,Videos,1.9,3,Low
S06981,DBMS,No,No,Yes,Yes,No,Yes,Yes,Evening,High,Notes,2.6,7,High
S06982,ML,No,Yes,Yes,No,Yes,No,Yes,Night,High,Videos,2.8,7,Low
S06983,ML,Yes,Yes,Yes,Yes,Yes,No,Yes,Morning,High,Mixed,4.4,6,High
S06984,DBMS,No,Yes,Yes,Yes,Yes,No,Yes,Afternoon,Low,Mixed,3.0,7,High
S06985,OS,Yes,No,No,No,Yes,Yes,Yes,Afternoon,High,Mixed,2.6,5,Low
S06986,CN,No,No,Yes,No,Yes,No,Yes,Evening,Medium,Mixed,5.6,7,Low
S06987,OS,Yes,Yes,Yes,Yes,Yes,No,Yes,Morning,High,Mixed,3.5,6,High
S06988,ML,Yes,Yes,No,No,No,No,No,Evening,Medium,Mixed,1.3,5,Low
S06989,DBMS,Yes,No,No,No,Yes,No,Yes,Evening,High,Notes,1.7,2,Low
S06990,DBMS,Yes,No,Yes,No,No,Yes,Yes,Afternoon,Medium,Videos,2.8,4,Low
S06991,CN,Yes,Yes,Yes,No,Yes,No,Yes,Night,High,Videos,2.8,6,Medium
S06992,DBMS,Yes,Yes,Yes,No,No,No,No,Evening,High,Videos,2.3,4,Medium
S06993,ML,No,No,No,Yes,No,No,Yes,Afternoon,Low,Mixed,0.9,5,Low
S06994,DBMS,Yes,No,No,No,Yes,No,Yes,Night,High,Videos,1.9,4,Low
S06995,CN,No,Yes,Yes,Yes,Yes,No,Yes,Evening,High,Videos,2.9,8,High
S06996,OS,No,Yes,No,Yes,No,Yes,Yes,Evening,High,Notes,1.6,4,Low
S06997,CN,No,No,No,No,No,No,Yes,Evening,Low,Videos,2.6,5,Low
S06998,CN,Yes,No,No,No,No,No,Yes,Night,Low,Mixed,0.7,5,Low
S06999,ML,No,Yes,Yes,Yes,Yes,No,Yes,Evening,Medium,Mixed,3.6,5,High
S07000,DBMS,No,No,No,Yes,No,No,No,Night,Medium,Notes,2.8,4,Low
S07001,DSA,No,No,No,No,Yes,No,Yes,Night,High,Mixed,1.9,3,Medium
S07002,DSA,No,Yes,Yes,No,No,No,No,Night,Low,Notes,3.0,5,Low
S07003,CN,Yes,Yes,Yes,No,Yes,Yes,Yes,Evening,Medium,Notes,4.6,7,Medium
S07004,OS,Yes,No,Yes,Yes,No,No,Yes,Evening,Medium,Mixed,3.7,7,Medium
S07005,OS,No,No,Yes,Yes,No,No,Yes,Evening,High,Mixed,2.2,7,Medium
S07006,DSA,Yes,Yes,Yes,Yes,Yes,Yes,Yes,Evening,Medium,Mixed,4.8,7,Medium
S07007,DSA,No,No,Yes,No,Yes,No,Yes,Evening,High,Mixed,2.8,6,High
S07008,OS,Yes,Yes,Yes,Yes,No,No,No,Evening,High,Mixed,1.6,6,Medium
S07009,DSA,Yes,No,No,No,No,Yes,Yes,Night,High,Notes,0.5,3,Low
S07010,CN,Yes,Yes,No,No,No,Yes,Yes,Night,Low,Mixed,1.3,4,Low
S07011,ML,Yes,Yes,Yes,Yes,Yes,Yes,Yes,Afternoon,High,Notes,4.5,6,High
S07012,DBMS,No,Yes,Yes,Yes,Yes,No,No,Evening,High,Mixed,3.6,7,Medium
S07013,CN,Yes,No,Yes,Yes,No,No,Yes,Night,Medium,Mixed,3.5,7,Medium
S07014,DSA,No,No,No,No,Yes,Yes,Yes,Night,High,Videos,1.7,3,Low
S07015,CN,Yes,No,No,No,No,No,Yes,Morning,High,Notes,3.2,2,Low
S07016,ML,No,Yes,Yes,No,Yes,Yes,Yes,Night,High,Mixed,2.5,4,High
S07017,CN,Yes,No,No,Yes,Yes,Yes,Yes,Night,High,Videos,4.1,4,Medium
S07018,DBMS,Yes,Yes,No,No,No,No,Yes,Afternoon,Medium,Videos,1.5,3,Low
S07019,DSA,Yes,No,No,Yes,No,Yes,No,Night,Medium,Notes,2.7,5,Low
S07020,DBMS,Yes,Yes,No,Yes,No,No,Yes,Evening,High,Mixed,0.5,4,Medium
S07021,DBMS,No,No,Yes,Yes,No,No,No,Night,High,Videos,4.7,8,Medium
S07022,CN,No,Yes,No,Yes,No,No,Yes,Morning,Medium,Mixed,1.4,3,Medium
S07023,ML,Yes,Yes,No,Yes,No,No,Yes,Morning,High,Notes,2.9,6,Medium
S07024,DSA,Yes,No,No,Yes,No,No,Yes,Evening,High,Videos,1.7,3,Medium
S07025,OS,Yes,Yes,No,No,No,No,No,Morning,Medium,Mixed,0.5,5,Low
S07026,CN,Yes,Yes,No,No,Yes,No,Yes,Evening,High,Notes,2.9,3,Low
S07027,CN,Yes,No,No,No,Yes,Yes,Yes,Afternoon,Medium,Videos,1.6,4,Low
S07028,CN,Yes,Yes,Yes,No,Yes,No,No,Afternoon,Medium,Mixed,3.0,5,Medium
S07029,DBMS,Yes,No,Yes,No,Yes,No,Yes,Evening,Medium,Mixed,2.8,5,Medium
S07030,DBMS,No,No,No,No,No,No,No,Evening,Medium,Mixed,0.5,3,Low
S07031,CN,Yes,No,No,Yes,Yes,Yes,Yes,Afternoon,High,Notes,1.8,5,Medium
S07032,DBMS,Yes,Yes,Yes,No,Yes,Yes,Yes,Afternoon,Medium,Notes,1.2,7,High
S07033,OS,Yes,No,Yes,Yes,Yes,No,No,Afternoon,High,Mixed,3.1,8,High
S07034,ML,Yes,Yes,No,No,Yes,No,Yes,Afternoon,High,Notes,3.5,4,Low
S07035,DSA,Yes,Yes,Yes,Yes,Yes,No,Yes,Night,High,Videos,5.0,8,High
S07036,CN,No,No,Yes,Yes,No,No,Yes,Night,High,Mixed,5.0,7,Medium
S07037,CN,Yes,No,No,Yes,No,No,No,Afternoon,High,Mixed,3.2,6,Low
S07038,ML,No,Yes,Yes,Yes,No,Yes,Yes,Night,High,Notes,3.6,7,Medium
S07039,CN,No,Yes,Yes,No,No,No,Yes,Night,High,Videos,3.8,6,Medium
S07040,OS,No,No,No,No,Yes,No,Yes,Night,Low,Mixed,1.7,4,Low
S07041,OS,No,Yes,No,Yes,No,No,Yes,Evening,Medium,Notes,3.7,4,Low
S07042,CN,Yes,No,Yes,Yes,Yes,No,Yes,Night,Medium,Videos,4.0,5,High
S07043,DSA,Yes,Yes,Yes,No,Yes,No,No,Evening,High,Mixed,3.1,6,Low
S07044,DBMS,Yes,Yes,Yes,Yes,No,No,Yes,Afternoon,High,Mixed,3.3,7,Low
S07045,CN,No,No,No,Yes,No,No,No,Evening,Medium,Notes,3.5,5,Low
S07046,OS,No,No,Yes,Yes,Yes,No,Yes,Night,Medium,Notes,5.8,8,High
S07047,ML,Yes,Yes,Yes,No,Yes,Yes,Yes,Evening,High,Mixed,2.0,7,Low
S07048,ML,Yes,No,No,Yes,No,Yes,No,Afternoon,High,Videos,3.2,6,Low
S07049,DSA,Yes,Yes,No,Yes,No,No,Yes,Morning,Medium,Notes,2.1,4,Medium
S07050,CN,Yes,Yes,Yes,Yes,Yes,Yes,Yes,Night,High,Notes,3.9,8,High
S07051,DBMS,No,No,No,No,Yes,No,Yes,Evening,Medium,Mixed,2.2,4,Low
S07052,DBMS,Yes,Yes,No,Yes,Yes,Yes,Yes,Evening,High,Mixed,3.8,5,Medium
S07053,OS,Yes,No,Yes,Yes,Yes,Yes,Yes,Afternoon,High,Mixed,2.7,7,High
S07054,CN,Yes,Yes,No,No,No,No,Yes,Evening,Low,Notes,0.5,3,Low
S07055,CN,Yes,Yes,Yes,Yes,Yes,No,Yes,Morning,Medium,Notes,4.0,5,High
S07056,ML,Yes,Yes,Yes,Yes,No,No,No,Morning,High,Videos,2.0,8,Medium
S07057,OS,No,No,Yes,Yes,No,No,Yes,Afternoon,High,Mixed,3.5,5,Medium
S07058,CN,Yes,No,Yes,No,Yes,No,No,Morning,Medium,Mixed,4.0,7,Low
S07059,DSA,Yes,Yes,No,No,Yes,No,Yes,Morning,High,Mixed,2.5,5,Low
S07060,CN,Yes,Yes,No,No,No,Yes,Yes,Afternoon,Medium,Videos,1.8,5,Low
S07061,CN,Yes,No,No,No,No,No,Yes,Night,High,Notes,0.8,3,Low
S07062,CN,Yes,Yes,No,No,No,No,Yes,Morning,High,Mixed,3.0,2,Low
S07063,OS,Yes,No,Yes,No,No,No,Yes,Night,Medium,Mixed,3.7,4,Low
S07064,CN,Yes,No,No,Yes,No,No,Yes,Evening,Medium,Videos,3.5,5,Low
S07065,ML,Yes,No,No,No,Yes,No,No,Morning,Medium,Mixed,2.6,5,Low
S07066,ML,No,Yes,Yes,No,Yes,No,Yes,Evening,Low,Mixed,2.2,5,Medium
S07067,ML,No,Yes,No,No,Yes,No,No,Evening,High,Mixed,0.9,3,Low
S07068,DSA,No,Yes,No,No,No,No,No,Morning,High,Notes,2.6,3,Low
S07069,DSA,Yes,Yes,Yes,No,Yes,Yes,Yes,Morning,High,Notes,2.7,6,Medium
S07070,DSA,No,Yes,Yes,No,No,No,Yes,Morning,High,Mixed,1.2,4,Medium
S07071,ML,No,No,Yes,No,Yes,No,Yes,Night,High,Videos,0.9,6,Medium
S07072,CN,Yes,Yes,No,No,No,No,Yes,Morning,High,Mixed,2.5,4,Low
S07073,DBMS,Yes,Yes,No,Yes,No,Yes,No,Evening,Medium,Videos,3.3,3,Low
S07074,DSA,Yes,Yes,No,Yes,No,No,Yes,Afternoon,High,Mixed,4.3,6,Medium
S07075,CN,No,Yes,No,No,No,Yes,No,Evening,Medium,Mixed,1.7,5,Low
S07076,CN,Yes,Yes,Yes,No,Yes,No,Yes,Morning,High,Videos,3.2,4,High
S07077,ML,Yes,Yes,No,No,Yes,No,Yes,Evening,Medium,Mixed,0.5,4,Low
S07078,DBMS,No,No,No,Yes,No,Yes,No,Night,Medium,Videos,3.3,4,Low
S07079,ML,Yes,No,No,No,Yes,No,No,Night,Medium,Notes,1.9,2,Low
S07080,CN,No,Yes,Yes,Yes,No,No,Yes,Evening,Medium,Videos,3.3,5,Medium
S07081,OS,No,No,Yes,Yes,No,Yes,Yes,Afternoon,High,Videos,2.6,5,Medium
S07082,ML,No,Yes,Yes,No,Yes,Yes,No,Night,Medium,Videos,3.0,7,Medium
S07083,DBMS,No,Yes,Yes,No,Yes,Yes,Yes,Evening,High,Videos,3.4,7,Medium
S07084,DBMS,Yes,No,Yes,No,Yes,No,Yes,Afternoon,Medium,Mixed,2.8,7,Low
S07085,DSA,No,No,Yes,No,No,Yes,No,Night,High,Mixed,1.2,4,Low
S07086,ML,No,Yes,No,Yes,Yes,No,No,Evening,High,Videos,3.6,4,Medium
S07087,DSA,No,No,No,No,No,No,Yes,Night,High,Mixed,1.9,3,Low
S07088,DSA,Yes,Yes,Yes,Yes,Yes,Yes,Yes,Evening,High,Videos,3.6,7,High
S07089,OS,Yes,Yes,Yes,Yes,Yes,No,Yes,Evening,Medium,Mixed,5.2,6,High
S07090,DBMS,Yes,No,Yes,No,No,No,No,Afternoon,High,Mixed,2.3,5,Low
S07091,CN,Yes,Yes,No,Yes,Yes,No,No,Evening,Low,Mixed,3.1,4,Low
S07092,DBMS,Yes,No,Yes,No,No,No,Yes,Afternoon,Medium,Videos,0.5,7,Low
S07093,ML,No,No,No,No,Yes,No,No,Night,Medium,Notes,1.4,3,Low
S07094,DBMS,No,Yes,Yes,Yes,No,Yes,Yes,Afternoon,High,Notes,3.7,5,High
S07095,DBMS,No,No,No,Yes,No,No,Yes,Afternoon,High,Mixed,2.0,3,Low
S07096,CN,Yes,No,No,Yes,Yes,No,Yes,Night,High,Mixed,3.4,4,Medium
S07097,DBMS,Yes,Yes,Yes,Yes,Yes,No,No,Night,Medium,Videos,2.0,7,High
S07098,DSA,Yes,Yes,Yes,No,No,No,Yes,Evening,High,Videos,3.1,6,Low
S07099,DBMS,Yes,No,No,No,Yes,No,No,Morning,High,Mixed,2.0,4,Low
S07100,OS,Yes,No,Yes,Yes,Yes,No,No,Morning,Medium,Videos,5.1,5,High
S07101,DBMS,Yes,Yes,Yes,No,Yes,No,No,Evening,Medium,Notes,3.0,4,Low
S07102,ML,Yes,No,Yes,No,No,No,Yes,Night,High,Mixed,3.0,7,Medium
S07103,ML,Yes,No,No,No,No,Yes,Yes,Evening,Medium,Notes,2.0,5,Low
S07104,DSA,Yes,No,No,No,No,No,Yes,Night,Medium,Videos,2.4,2,Low
S07105,OS,Yes,Yes,Yes,No,No,No,Yes,Evening,High,Mixed,2.8,6,Low
S07106,OS,Yes,Yes,Yes,Yes,No,Yes,Yes,Night,High,Videos,3.3,5,Medium
S07107,OS,No,No,No,Yes,Yes,No,Yes,Evening,Medium,Notes,2.7,6,Low
S07108,CN,Yes,Yes,Yes,Yes,Yes,Yes,Yes,Night,Medium,Videos,4.9,7,High
S07109,DSA,Yes,Yes,No,No,Yes,No,Yes,Evening,High,Notes,1.8,5,Low
S07110,DBMS,Yes,No,Yes,Yes,No,No,Yes,Morning,High,Mixed,2.8,6,Medium
S07111,OS,No,No,No,No,No,No,Yes,Night,High,Videos,2.2,4,Low
S07112,CN,Yes,No,No,Yes,Yes,Yes,Yes,Afternoon,High,Mixed,3.9,3,Medium
S07113,DBMS,No,Yes,Yes,Yes,Yes,No,Yes,Morning,High,Notes,5.3,7,High
S07114,ML,Yes,No,No,Yes,Yes,Yes,Yes,Night,High,Mixed,4.4,3,High
S07115,CN,No,Yes,No,No,No,Yes,No,Afternoon,High,Notes,1.7,4,Low
S07116,DBMS,No,No,Yes,Yes,Yes,No,Yes,Night,High,Videos,4.5,8,High
S07117,CN,Yes,Yes,Yes,No,Yes,No,Yes,Night,Medium,Mixed,5.0,7,Low
S07118,ML,No,Yes,No,No,Yes,No,No,Evening,High,Notes,3.0,5,Low
S07119,DSA,Yes,No,No,Yes,No,No,Yes,Night,Medium,Videos,3.8,4,Low
S07120,DBMS,No,No,No,No,No,Yes,Yes,Night,Medium,Videos,2.4,4,Low
S07121,ML,Yes,Yes,Yes,No,No,No,Yes,Evening,Medium,Mixed,1.8,6,Low
S07122,DBMS,Yes,Yes,No,No,Yes,No,Yes,Evening,High,Notes,1.9,4,Low
S07123,DSA,No,No,No,Yes,No,No,No,Evening,High,Mixed,0.9,4,Low
S07124,OS,No,No,Yes,No,Yes,Yes,Yes,Afternoon,High,Notes,2.9,4,Medium
S07125,ML,Yes,Yes,Yes,No,No,No,No,Evening,Medium,Mixed,2.0,6,Low
S07126,OS,No,No,Yes,No,No,No,No,Morning,High,Videos,1.9,5,Low
S07127,DSA,Yes,Yes,No,Yes,Yes,No,Yes,Night,Medium,Videos,2.7,3,Medium
S07128,ML,Yes,No,Yes,No,Yes,Yes,No,Evening,Low,Notes,2.3,7,Low
S07129,DBMS,No,Yes,No,No,No,No,Yes,Morning,Medium,Notes,0.5,4,Low
S07130,OS,Yes,Yes,Yes,Yes,Yes,No,Yes,Night,Low,Notes,4.8,8,High
S07131,OS,Yes,No,No,No,No,No,No,Night,Medium,Videos,1.0,2,Low
S07132,OS,No,Yes,Yes,Yes,No,No,Yes,Evening,Medium,Mixed,3.1,8,Medium
S07133,CN,Yes,No,No,Yes,No,No,No,Morning,Medium,Mixed,3.4,3,Low
S07134,DBMS,Yes,Yes,Yes,No,No,Yes,No,Night,Medium,Notes,1.8,5,Low
S07135,DSA,Yes,Yes,No,Yes,No,Yes,Yes,Night,Medium,Notes,3.0,4,Low
S07136,DBMS,No,No,No,Yes,No,Yes,No,Morning,High,Mixed,1.2,5,Low
S07137,ML,Yes,No,Yes,No,No,Yes,No,Evening,Low,Mixed,2.6,5,Low
S07138,CN,Yes,Yes,Yes,No,Yes,No,Yes,Night,High,Notes,3.7,6,Low
S07139,DSA,No,No,Yes,Yes,Yes,No,Yes,Night,High,Videos,3.4,5,High
S07140,DSA,Yes,Yes,Yes,Yes,Yes,Yes,Yes,Night,High,Notes,4.8,8,High
S07141,DSA,Yes,No,No,Yes,No,No,No,Evening,High,Videos,2.8,5,Low
S07142,ML,No,Yes,Yes,Yes,No,Yes,Yes,Afternoon,High,Videos,3.6,7,Medium
S07143,DBMS,No,No,No,No,No,No,Yes,Evening,High,Mixed,2.5,2,Low
S07144,ML,Yes,Yes,Yes,Yes,No,Yes,Yes,Evening,Medium,Notes,4.1,7,Medium
S07145,OS,No,No,No,No,No,No,No,Evening,Low,Notes,1.5,3,Low
S07146,OS,No,No,Yes,Yes,Yes,No,Yes,Evening,High,Videos,2.5,8,High
S07147,DSA,Yes,No,No,No,No,No,Yes,Night,High,Mixed,3.2,5,Low
S07148,DSA,No,Yes,No,No,Yes,No,Yes,Evening,High,Notes,1.6,3,Low
S07149,DSA,No,Yes,No,No,Yes,No,Yes,Evening,Medium,Videos,0.5,2,Low
S07150,DBMS,Yes,Yes,Yes,No,No,No,No,Afternoon,Medium,Videos,4.0,5,Low
S07151,ML,Yes,No,Yes,No,Yes,No,Yes,Evening,Low,Notes,3.7,6,Medium
S07152,DSA,No,Yes,No,No,No,No,No,Night,High,Mixed,1.5,5,Low
S07153,ML,No,No,No,No,No,No,No,Night,Medium,Videos,1.5,5,Low
S07154,DBMS,Yes,Yes,Yes,Yes,Yes,No,No,Night,High,Videos,4.7,8,High
S07155,DSA,No,No,No,No,Yes,No,No,Morning,High,Mixed,4.1,5,Low
S07156,CN,No,No,No,No,No,No,No,Evening,Medium,Mixed,1.2,2,Low
S07157,ML,No,No,No,No,No,No,Yes,Evening,Medium,Mixed,0.8,5,Low
S07158,DSA,No,No,Yes,Yes,No,Yes,No,Afternoon,Medium,Videos,3.1,7,Low
S07159,CN,Yes,No,No,Yes,Yes,Yes,No,Afternoon,High,Mixed,1.7,5,Medium
S07160,DBMS,Yes,No,Yes,No,Yes,No,Yes,Evening,Medium,Videos,3.0,7,High
S07161,CN,Yes,No,Yes,Yes,Yes,No,Yes,Night,Medium,Videos,5.0,8,High
S07162,CN,Yes,No,Yes,Yes,Yes,No,No,Afternoon,Medium,Notes,4.1,7,High
S07163,CN,Yes,Yes,Yes,No,Yes,Yes,Yes,Night,Medium,Notes,3.5,4,High
S07164,ML,No,Yes,No,No,Yes,No,No,Evening,Low,Notes,3.0,3,Low
S07165,DSA,No,No,Yes,Yes,No,No,Yes,Afternoon,High,Notes,3.1,8,Medium
S07166,CN,Yes,No,Yes,Yes,No,No,Yes,Afternoon,Low,Mixed,2.3,6,Low
S07167,CN,No,Yes,Yes,Yes,Yes,No,Yes,Night,High,Videos,3.7,7,High
S07168,CN,Yes,Yes,No,No,No,No,Yes,Morning,Medium,Videos,1.4,4,Low
S07169,ML,Yes,No,Yes,Yes,No,Yes,Yes,Night,High,Mixed,4.0,8,Low
S07170,DSA,Yes,Yes,Yes,Yes,Yes,No,Yes,Afternoon,Medium,Mixed,4.6,8,High
S07171,CN,Yes,No,No,No,No,No,Yes,Afternoon,High,Mixed,0.5,3,Low
S07172,CN,Yes,No,Yes,Yes,Yes,No,Yes,Evening,Medium,Notes,2.5,6,High
S07173,ML,No,Yes,No,No,No,No,Yes,Evening,High,Notes,2.5,5,Medium
S07174,DBMS,No,Yes,Yes,No,Yes,No,Yes,Morning,Medium,Videos,2.0,5,Medium
S07175,CN,Yes,Yes,Yes,No,No,Yes,No,Night,High,Notes,3.4,4,Medium
S07176,CN,Yes,Yes,Yes,Yes,Yes,No,Yes,Evening,Low,Videos,1.6,5,Medium
S07177,DBMS,Yes,No,Yes,Yes,No,No,No,Evening,High,Mixed,4.9,8,Medium
S07178,DBMS,No,No,Yes,Yes,Yes,No,Yes,Evening,High,Mixed,4.0,5,High
S07179,DSA,No,No,No,Yes,No,No,Yes,Evening,High,Mixed,3.3,4,Low
S07180,OS,Yes,Yes,Yes,Yes,No,No,No,Night,Medium,Mixed,3.5,6,Medium
S07181,DBMS,Yes,No,Yes,Yes,Yes,No,Yes,Morning,High,Videos,5.3,6,High
S07182,ML,Yes,Yes,Yes,Yes,Yes,No,Yes,Evening,High,Mixed,5.2,7,High
S07183,DSA,No,No,No,Yes,No,No,Yes,Morning,High,Notes,2.2,6,Low
S07184,DSA,Yes,Yes,No,Yes,No,No,Yes,Morning,High,Notes,1.0,6,Low
S07185,ML,Yes,Yes,Yes,Yes,No,No,Yes,Night,Medium,Videos,1.8,7,High
S07186,CN,Yes,Yes,No,No,No,No,Yes,Night,Medium,Notes,0.7,3,Low
S07187,DSA,Yes,Yes,No,Yes,No,No,No,Afternoon,Medium,Notes,1.5,6,Low
S07188,CN,Yes,No,Yes,No,No,No,No,Evening,High,Mixed,3.9,4,Low
S07189,OS,Yes,Yes,Yes,No,No,No,Yes,Evening,Medium,Videos,2.0,4,Low
S07190,DBMS,No,Yes,No,No,Yes,No,Yes,Evening,Medium,Notes,2.4,5,Low
S07191,DSA,Yes,No,Yes,No,No,Yes,Yes,Night,Medium,Videos,1.2,5,Low
S07192,OS,Yes,Yes,No,No,No,No,Yes,Afternoon,Medium,Notes,1.2,5,Low
S07193,DBMS,Yes,Yes,No,Yes,No,Yes,No,Evening,High,Mixed,2.3,5,Low
S07194,DBMS,Yes,Yes,Yes,Yes,No,No,Yes,Morning,High,Notes,3.3,6,Medium
S07195,CN,No,Yes,Yes,No,Yes,No,Yes,Night,Medium,Notes,1.9,5,High
S07196,CN,No,No,No,No,No,No,No,Evening,Medium,Notes,2.1,3,Low
S07197,OS,Yes,No,Yes,Yes,Yes,No,Yes,Evening,High,Videos,4.6,5,High
S07198,CN,No,Yes,No,No,No,No,No,Morning,Medium,Notes,1.3,3,Low
S07199,DBMS,No,Yes,No,No,No,No,Yes,Morning,High,Mixed,0.5,3,Low
S07200,OS,No,No,Yes,No,Yes,No,Yes,Morning,High,Mixed,3.7,7,Medium
S07201,CN,Yes,No,Yes,Yes,Yes,No,Yes,Afternoon,High,Videos,4.2,5,High
S07202,ML,Yes,Yes,No,No,No,No,No,Evening,High,Mixed,2.7,2,Low
S07203,DBMS,Yes,No,Yes,Yes,Yes,No,No,Evening,Low,Notes,3.0,6,High
S07204,DBMS,No,Yes,Yes,Yes,No,No,Yes,Morning,High,Mixed,4.9,5,Medium
S07205,DSA,Yes,Yes,No,Yes,No,No,Yes,Evening,Medium,Notes,1.8,5,Low
S07206,DBMS,Yes,No,Yes,Yes,Yes,No,Yes,Evening,High,Videos,5.9,5,High
S07207,OS,Yes,No,Yes,No,Yes,No,Yes,Morning,High,Videos,2.5,6,Medium
S07208,CN,Yes,Yes,Yes,Yes,Yes,No,Yes,Morning,Medium,Mixed,4.3,8,High
S07209,OS,Yes,No,No,No,Yes,No,Yes,Night,High,Mixed,0.5,5,Low
S07210,DBMS,No,No,No,Yes,No,No,Yes,Night,High,Mixed,2.1,5,Low
S07211,DSA,Yes,No,Yes,No,Yes,No,Yes,Afternoon,Low,Videos,2.9,7,Low
S07212,OS,No,No,Yes,No,Yes,No,Yes,Evening,High,Mixed,3.5,4,Medium
S07213,OS,No,No,Yes,No,Yes,No,Yes,Afternoon,High,Videos,2.8,5,Medium
S07214,OS,Yes,No,No,Yes,No,No,No,Morning,High,Notes,2.1,5,Medium
S07215,DBMS,No,Yes,No,Yes,No,No,Yes,Afternoon,High,Notes,3.3,3,Medium
S07216,ML,Yes,Yes,Yes,Yes,No,No,Yes,Afternoon,Medium,Videos,2.7,6,High
S07217,DSA,No,Yes,No,No,Yes,No,Yes,Evening,Medium,Notes,1.7,2,Low
S07218,DBMS,No,No,No,No,No,No,No,Evening,High,Videos,1.9,3,Low
S07219,DSA,Yes,Yes,No,Yes,Yes,No,No,Evening,High,Mixed,3.0,5,High
S07220,CN,Yes,Yes,Yes,Yes,Yes,No,No,Afternoon,Medium,Notes,3.8,7,High
S07221,DSA,Yes,No,Yes,Yes,Yes,No,Yes,Evening,High,Videos,4.0,8,High
S07222,ML,Yes,Yes,No,Yes,No,No,No,Morning,Low,Notes,1.1,6,Low
S07223,CN,Yes,Yes,Yes,No,Yes,No,No,Afternoon,High,Mixed,4.9,6,Low
S07224,DBMS,Yes,Yes,Yes,Yes,Yes,No,Yes,Morning,High,Mixed,3.4,5,High
S07225,CN,No,No,Yes,No,Yes,No,No,Evening,High,Mixed,2.3,6,Low
S07226,CN,Yes,Yes,Yes,Yes,Yes,No,Yes,Evening,Low,Mixed,4.1,6,High
S07227,OS,Yes,Yes,Yes,Yes,No,No,No,Afternoon,High,Mixed,2.2,5,Medium
S07228,CN,Yes,Yes,Yes,Yes,Yes,Yes,Yes,Morning,Medium,Videos,3.5,6,High
S07229,OS,Yes,No,Yes,No,Yes,Yes,Yes,Evening,High,Notes,4.2,4,High
S07230,CN,No,No,Yes,No,Yes,No,Yes,Night,Medium,Videos,3.1,5,High
S07231,CN,Yes,Yes,Yes,No,No,Yes,Yes,Afternoon,High,Notes,1.8,4,Medium
S07232,ML,Yes,No,Yes,Yes,Yes,Yes,Yes,Evening,Low,Videos,2.8,7,Medium
S07233,CN,Yes,No,No,Yes,Yes,No,Yes,Morning,Medium,Mixed,3.2,6,Medium
S07234,OS,Yes,No,Yes,No,No,Yes,Yes,Afternoon,High,Videos,1.7,5,Medium
S07235,DBMS,Yes,Yes,Yes,No,Yes,No,Yes,Afternoon,High,Videos,2.2,7,Medium
S07236,DSA,No,Yes,No,Yes,Yes,No,Yes,Evening,Medium,Mixed,3.2,5,Low
S07237,DSA,Yes,No,Yes,Yes,Yes,Yes,Yes,Morning,High,Mixed,4.7,7,High
S07238,OS,No,No,Yes,Yes,Yes,No,Yes,Evening,Medium,Notes,3.2,8,High
S07239,ML,Yes,Yes,Yes,No,No,Yes,Yes,Night,High,Videos,1.1,4,Low
S07240,DSA,No,Yes,Yes,Yes,Yes,Yes,Yes,Morning,High,Videos,3.6,8,High
S07241,DSA,Yes,Yes,Yes,Yes,No,No,Yes,Evening,Low,Videos,3.8,8,Low
S07242,DSA,Yes,No,Yes,Yes,Yes,No,Yes,Morning,High,Mixed,4.2,6,High
S07243,CN,No,Yes,No,No,No,No,No,Evening,High,Notes,0.9,3,Low
S07244,OS,No,No,Yes,Yes,Yes,No,No,Night,High,Notes,4.2,5,High
S07245,DSA,Yes,No,Yes,Yes,No,Yes,Yes,Afternoon,High,Mixed,2.7,6,Medium
S07246,DBMS,No,Yes,No,No,No,No,Yes,Evening,Medium,Notes,0.5,5,Low
S07247,DBMS,No,Yes,Yes,Yes,No,No,Yes,Evening,Medium,Videos,4.6,6,High
S07248,DBMS,Yes,Yes,Yes,Yes,Yes,Yes,No,Night,Medium,Mixed,5.0,8,High
S07249,ML,No,Yes,Yes,Yes,No,No,Yes,Morning,Medium,Notes,2.5,8,Low
S07250,DSA,Yes,No,No,Yes,No,No,Yes,Afternoon,Medium,Videos,2.8,4,Low
S07251,OS,Yes,No,Yes,Yes,No,No,Yes,Morning,Medium,Mixed,2.1,5,Medium
S07252,ML,Yes,No,No,Yes,No,Yes,No,Evening,High,Videos,3.6,5,High
S07253,OS,No,No,No,Yes,No,Yes,No,Evening,Low,Mixed,2.9,6,Low
S07254,CN,Yes,Yes,No,No,No,No,Yes,Evening,High,Videos,1.7,4,Low
S07255,DBMS,Yes,No,Yes,No,Yes,No,Yes,Morning,Medium,Mixed,1.9,4,High
S07256,CN,Yes,Yes,No,Yes,No,Yes,Yes,Evening,High,Notes,3.3,3,Medium
S07257,DSA,Yes,Yes,Yes,No,Yes,No,No,Night,Medium,Videos,3.4,4,Medium
S07258,DSA,No,Yes,Yes,Yes,No,Yes,Yes,Evening,High,Notes,3.8,6,Medium
S07259,DSA,No,Yes,No,No,No,Yes,Yes,Night,Low,Notes,2.6,2,Low
S07260,DBMS,Yes,No,No,Yes,No,Yes,No,Evening,Medium,Mixed,2.8,6,Low
S07261,DBMS,No,No,No,Yes,Yes,No,No,Evening,High,Notes,1.8,3,Low
S07262,CN,No,Yes,Yes,Yes,No,Yes,Yes,Night,Medium,Notes,4.3,5,High
S07263,ML,Yes,Yes,Yes,Yes,No,No,Yes,Evening,Medium,Videos,2.6,8,Medium
S07264,DBMS,Yes,No,Yes,Yes,Yes,No,No,Evening,Medium,Videos,3.6,7,High
S07265,OS,Yes,No,Yes,Yes,Yes,No,No,Morning,Low,Videos,3.6,7,Low
S07266,ML,Yes,Yes,Yes,No,No,No,Yes,Afternoon,Medium,Videos,1.3,5,Low
S07267,CN,Yes,Yes,Yes,Yes,Yes,No,No,Evening,Medium,Notes,3.2,5,High
S07268,ML,No,Yes,Yes,Yes,No,Yes,Yes,Afternoon,Medium,Videos,2.3,7,Medium
S07269,OS,No,No,No,No,No,No,Yes,Afternoon,Low,Mixed,0.6,3,Low
S07270,OS,Yes,No,Yes,Yes,Yes,No,Yes,Afternoon,High,Notes,3.8,6,High
S07271,DSA,No,Yes,Yes,Yes,Yes,No,Yes,Evening,High,Videos,4.6,5,High
S07272,DSA,No,Yes,Yes,Yes,No,No,Yes,Evening,High,Videos,5.0,5,Medium
S07273,DBMS,Yes,Yes,Yes,Yes,Yes,No,Yes,Morning,Medium,Videos,4.4,6,High
S07274,DBMS,Yes,No,Yes,No,No,No,Yes,Night,High,Notes,4.0,5,Low
S07275,OS,No,Yes,No,Yes,Yes,No,Yes,Evening,High,Notes,1.8,4,Medium
S07276,DSA,No,No,Yes,Yes,Yes,No,No,Afternoon,High,Mixed,5.5,7,High
S07277,CN,Yes,No,Yes,No,Yes,No,No,Morning,High,Notes,2.8,7,Medium
S07278,DBMS,No,Yes,Yes,No,No,No,Yes,Night,Medium,Videos,4.5,4,Low
S07279,DBMS,Yes,Yes,Yes,No,Yes,No,No,Evening,High,Notes,2.2,4,Medium
S07280,ML,No,Yes,No,Yes,No,Yes,Yes,Afternoon,Medium,Mixed,3.3,3,Low
S07281,CN,No,Yes,Yes,Yes,No,No,Yes,Afternoon,Low,Notes,2.2,6,Low
S07282,DBMS,Yes,No,No,No,Yes,No,No,Afternoon,Medium,Videos,1.1,2,Low
S07283,DSA,Yes,No,Yes,Yes,No,No,Yes,Night,Medium,Notes,5.3,8,Medium
S07284,ML,Yes,Yes,Yes,No,No,No,No,Evening,High,Mixed,1.7,6,Medium
S07285,ML,No,No,Yes,No,No,No,Yes,Afternoon,High,Notes,2.7,4,Low
S07286,ML,No,Yes,No,No,No,No,No,Afternoon,High,Videos,0.5,3,Low
S07287,DBMS,No,No,Yes,Yes,Yes,Yes,No,Night,High,Mixed,3.9,6,High
S07288,ML,Yes,No,Yes,No,Yes,No,No,Evening,Medium,Videos,4.9,6,Low
S07289,CN,Yes,Yes,No,No,No,No,Yes,Evening,High,Notes,1.8,5,Low
S07290,ML,Yes,Yes,Yes,No,Yes,No,Yes,Afternoon,Medium,Mixed,2.6,5,Medium
S07291,DSA,Yes,No,Yes,No,No,Yes,Yes,Night,Medium,Videos,2.1,4,Medium
S07292,DSA,Yes,Yes,Yes,No,Yes,No,Yes,Night,Medium,Notes,3.0,5,Medium
S07293,DBMS,No,No,Yes,Yes,Yes,No,Yes,Afternoon,High,Mixed,3.9,7,High
S07294,CN,Yes,Yes,Yes,No,Yes,No,Yes,Night,Medium,Mixed,3.5,6,Medium
S07295,DSA,No,Yes,No,No,No,No,Yes,Evening,High,Videos,2.2,2,Low
S07296,OS,No,No,No,No,No,Yes,No,Morning,High,Mixed,0.9,3,Low
S07297,DSA,No,Yes,No,No,No,No,No,Evening,Low,Videos,2.0,2,Low
S07298,DBMS,Yes,Yes,Yes,Yes,Yes,No,Yes,Night,High,Notes,2.4,5,High
S07299,ML,No,Yes,No,No,No,No,No,Evening,High,Mixed,1.7,5,Low
S07300,ML,No,Yes,No,Yes,Yes,Yes,No,Evening,High,Notes,2.2,6,Medium
S07301,CN,Yes,Yes,Yes,No,Yes,No,Yes,Evening,Medium,Mixed,2.9,7,Medium
S07302,ML,No,Yes,No,No,No,No,Yes,Night,Low,Notes,2.0,2,Low
S07303,CN,No,No,No,No,No,Yes,No,Morning,Medium,Videos,2.7,4,Low
S07304,DBMS,Yes,Yes,Yes,Yes,Yes,No,Yes,Afternoon,Medium,Videos,3.7,7,High
S07305,OS,Yes,No,Yes,Yes,No,No,Yes,Night,High,Mixed,3.6,5,Medium
S07306,ML,Yes,No,Yes,Yes,Yes,Yes,Yes,Morning,High,Notes,4.1,8,High
S07307,CN,Yes,Yes,Yes,No,No,Yes,No,Afternoon,Medium,Mixed,0.9,5,Low
S07308,ML,No,No,Yes,No,No,No,No,Night,High,Mixed,2.7,5,Low
S07309,OS,Yes,No,Yes,No,Yes,No,No,Morning,Medium,Notes,4.9,7,Medium
S07310,ML,Yes,No,Yes,Yes,No,No,Yes,Morning,Medium,Notes,4.2,8,Low
S07311,ML,Yes,No,Yes,Yes,No,No,Yes,Afternoon,Medium,Notes,2.9,5,Medium
S07312,DBMS,Yes,Yes,Yes,No,Yes,No,Yes,Evening,High,Notes,2.7,5,Medium
S07313,ML,Yes,Yes,No,No,Yes,No,Yes,Evening,High,Videos,1.6,4,Low
S07314,DSA,Yes,No,No,No,No,No,No,Night,High,Videos,2.1,4,Low
S07315,ML,Yes,Yes,No,Yes,No,No,No,Morning,Low,Mixed,2.4,5,Low
S07316,DSA,Yes,No,Yes,Yes,Yes,No,Yes,Morning,High,Mixed,2.6,8,High
S07317,OS,No,No,No,No,Yes,Yes,No,Night,Low,Mixed,2.7,2,Low
S07318,DSA,No,Yes,No,No,Yes,Yes,Yes,Evening,High,Notes,2.6,2,Medium
S07319,DSA,Yes,Yes,No,No,No,No,Yes,Evening,High,Notes,1.5,2,Low
S07320,DBMS,Yes,No,Yes,No,No,No,No,Night,Medium,Videos,2.7,6,Low
S07321,OS,Yes,Yes,No,No,No,No,No,Morning,Medium,Mixed,0.7,5,Low
S07322,DBMS,Yes,No,Yes,Yes,Yes,Yes,Yes,Evening,High,Videos,5.3,7,High
S07323,DSA,Yes,No,No,No,No,No,No,Night,Low,Mixed,0.5,5,Low
S07324,ML,No,Yes,No,No,No,No,Yes,Evening,Medium,Notes,1.5,5,Low
S07325,CN,No,Yes,No,No,Yes,No,Yes,Afternoon,Medium,Videos,2.1,2,Low
S07326,DBMS,Yes,Yes,Yes,Yes,No,Yes,No,Morning,High,Mixed,3.0,5,Medium
S07327,OS,No,No,Yes,Yes,Yes,Yes,Yes,Evening,High,Videos,4.0,5,High
S07328,ML,Yes,Yes,Yes,Yes,Yes,No,Yes,Afternoon,High,Notes,3.0,6,High
S07329,OS,Yes,Yes,Yes,Yes,No,No,Yes,Afternoon,High,Mixed,2.8,8,High
S07330,CN,Yes,Yes,Yes,Yes,Yes,No,Yes,Afternoon,High,Notes,3.0,5,High
S07331,DSA,Yes,Yes,Yes,No,No,Yes,Yes,Evening,High,Mixed,2.3,4,Medium
S07332,DSA,No,Yes,No,Yes,No,No,No,Night,Medium,Notes,3.6,6,Low
S07333,OS,Yes,Yes,Yes,Yes,Yes,No,Yes,Night,Medium,Notes,4.4,8,High
S07334,ML,No,No,No,Yes,No,No,Yes,Evening,High,Mixed,1.2,6,Low
S07335,DBMS,Yes,Yes,No,Yes,Yes,No,No,Morning,High,Mixed,2.7,4,Medium
S07336,DBMS,No,No,Yes,Yes,No,Yes,No,Afternoon,High,Notes,3.3,5,Medium
S07337,CN,No,No,No,Yes,Yes,No,Yes,Afternoon,High,Videos,2.3,6,Medium
S07338,CN,Yes,No,Yes,Yes,Yes,No,Yes,Evening,Medium,Videos,3.5,5,High
S07339,DSA,Yes,No,Yes,Yes,Yes,Yes,Yes,Evening,Medium,Mixed,5.1,6,High
S07340,CN,No,Yes,Yes,Yes,Yes,No,Yes,Afternoon,Medium,Notes,2.4,7,High
S07341,OS,Yes,No,No,No,Yes,Yes,Yes,Evening,Medium,Videos,2.5,4,Low
S07342,DBMS,Yes,Yes,No,No,No,No,No,Evening,Medium,Videos,0.5,3,Low
S07343,DBMS,No,Yes,No,No,No,No,Yes,Evening,High,Videos,1.8,5,Low
S07344,ML,Yes,No,No,Yes,Yes,Yes,No,Night,High,Notes,2.1,4,Medium
S07345,CN,Yes,Yes,No,Yes,No,No,Yes,Afternoon,Medium,Mixed,2.9,4,Low
S07346,ML,Yes,Yes,No,No,No,No,Yes,Evening,High,Mixed,3.3,3,Low
S07347,ML,Yes,No,No,Yes,No,No,No,Morning,Medium,Videos,2.3,5,Low
S07348,CN,Yes,Yes,Yes,No,No,No,No,Morning,Low,Mixed,3.7,5,Low
S07349,DBMS,Yes,Yes,No,No,No,Yes,Yes,Morning,High,Mixed,2.1,2,Low
S07350,ML,Yes,Yes,No,Yes,No,No,No,Afternoon,High,Mixed,2.7,4,Low
S07351,DBMS,Yes,Yes,Yes,Yes,Yes,No,Yes,Morning,High,Notes,3.0,5,High
S07352,DBMS,Yes,Yes,Yes,No,Yes,No,No,Night,Medium,Mixed,4.1,4,Medium
S07353,ML,No,No,Yes,Yes,Yes,No,Yes,Evening,Medium,Videos,4.3,8,High
S07354,CN,Yes,Yes,Yes,No,No,No,Yes,Evening,High,Mixed,1.6,4,Low
S07355,CN,Yes,No,No,No,Yes,Yes,Yes,Evening,Low,Videos,1.3,3,Low
S07356,OS,Yes,No,Yes,Yes,Yes,No,Yes,Night,High,Notes,3.4,5,High
S07357,DBMS,No,No,No,Yes,Yes,No,No,Morning,Low,Notes,2.1,6,Medium
S07358,CN,Yes,Yes,No,No,No,No,No,Morning,Medium,Notes,1.4,5,Low
S07359,CN,Yes,No,Yes,Yes,Yes,Yes,Yes,Evening,High,Notes,4.4,6,High
S07360,CN,No,No,Yes,Yes,No,Yes,Yes,Night,High,Mixed,3.1,8,High
S07361,ML,Yes,No,No,Yes,Yes,No,No,Morning,High,Videos,3.1,3,Low
S07362,CN,No,Yes,Yes,No,Yes,No,Yes,Evening,High,Mixed,2.0,4,Low
S07363,CN,No,Yes,No,No,No,No,No,Evening,High,Videos,2.4,2,Low
S07364,ML,No,Yes,No,Yes,No,No,Yes,Night,High,Videos,3.1,3,Medium
S07365,DSA,Yes,No,Yes,No,No,No,Yes,Evening,High,Mixed,4.4,7,Medium
S07366,DBMS,Yes,Yes,Yes,No,Yes,No,No,Night,High,Mixed,2.2,4,High
S07367,ML,Yes,No,No,No,Yes,No,Yes,Afternoon,Medium,Videos,1.1,3,Low
S07368,DSA,No,Yes,No,Yes,No,No,Yes,Morning,High,Notes,1.1,4,Medium
S07369,CN,No,No,No,No,No,Yes,Yes,Night,High,Videos,2.6,4,Low
S07370,CN,No,Yes,No,No,No,Yes,Yes,Night,High,Notes,0.5,4,Low
S07371,CN,Yes,Yes,Yes,Yes,Yes,No,Yes,Evening,Low,Mixed,3.5,6,Medium
S07372,DSA,No,Yes,Yes,Yes,No,Yes,Yes,Afternoon,High,Mixed,1.9,7,Medium
S07373,ML,Yes,No,Yes,Yes,No,Yes,Yes,Morning,Medium,Notes,3.4,6,Medium
S07374,DBMS,No,No,No,No,Yes,Yes,No,Evening,High,Mixed,2.3,5,Low
S07375,OS,Yes,Yes,No,No,Yes,No,No,Afternoon,High,Notes,2.5,2,Medium
S07376,DSA,Yes,No,Yes,Yes,Yes,No,No,Morning,High,Mixed,3.8,8,High
S07377,DSA,Yes,No,Yes,Yes,No,No,Yes,Evening,Low,Videos,2.3,7,Low
S07378,DBMS,No,No,No,Yes,Yes,No,Yes,Evening,Medium,Notes,3.4,4,Medium
S07379,DSA,Yes,No,No,No,No,No,Yes,Evening,Low,Mixed,1.6,2,Low
S07380,ML,Yes,Yes,No,Yes,No,No,Yes,Night,High,Notes,2.3,5,Medium
S07381,ML,Yes,No,Yes,No,No,No,Yes,Afternoon,Medium,Notes,1.7,4,Low
S07382,CN,Yes,Yes,No,No,No,No,No,Evening,Medium,Videos,1.9,2,Low
S07383,DBMS,No,No,No,Yes,No,No,No,Night,Low,Videos,3.0,3,Low
S07384,DSA,Yes,No,No,No,No,No,Yes,Afternoon,High,Mixed,0.7,5,Low
S07385,OS,Yes,Yes,No,No,Yes,No,Yes,Morning,Low,Videos,0.9,5,Low
S07386,ML,No,Yes,Yes,Yes,Yes,No,Yes,Evening,Medium,Notes,4.6,8,High
S07387,OS,Yes,No,No,No,No,No,No,Evening,Medium,Mixed,0.5,2,Low
S07388,ML,Yes,No,Yes,Yes,No,No,Yes,Night,High,Videos,2.4,6,Medium
S07389,CN,Yes,No,No,Yes,No,Yes,No,Evening,Medium,Videos,1.6,4,Low
S07390,CN,Yes,No,Yes,No,Yes,No,Yes,Evening,Medium,Videos,2.3,6,Low
S07391,DSA,Yes,Yes,No,No,Yes,Yes,Yes,Evening,High,Notes,2.8,3,Low
S07392,CN,Yes,Yes,Yes,No,Yes,Yes,Yes,Evening,Low,Videos,4.1,7,Low
S07393,DBMS,Yes,No,Yes,Yes,Yes,Yes,Yes,Night,Low,Videos,4.8,8,Medium
S07394,DSA,No,Yes,No,No,No,Yes,Yes,Morning,High,Notes,0.7,5,Low
S07395,OS,No,No,Yes,Yes,No,Yes,No,Night,Medium,Videos,4.6,6,Medium
S07396,OS,No,No,Yes,Yes,No,No,Yes,Evening,Medium,Videos,2.1,5,Medium
S07397,DBMS,Yes,Yes,No,Yes,No,Yes,Yes,Night,Low,Videos,2.5,5,Low
S07398,OS,Yes,No,Yes,No,Yes,Yes,Yes,Afternoon,High,Mixed,3.3,6,Medium
S07399,DBMS,No,No,No,No,No,No,No,Morning,Medium,Mixed,2.9,3,Low
S07400,CN,No,Yes,No,Yes,No,No,No,Afternoon,High,Notes,2.8,6,Low
S07401,DSA,Yes,No,Yes,Yes,Yes,No,Yes,Afternoon,Low,Videos,5.4,5,Medium
S07402,CN,Yes,No,Yes,No,No,No,Yes,Night,High,Notes,1.7,5,Medium
S07403,OS,Yes,Yes,No,Yes,Yes,No,No,Evening,Low,Mixed,3.7,4,Low
S07404,DBMS,Yes,Yes,No,Yes,No,No,No,Evening,Medium,Mixed,3.3,5,Low
S07405,DBMS,Yes,Yes,Yes,Yes,Yes,No,Yes,Night,Medium,Notes,4.4,6,High
S07406,DBMS,Yes,No,Yes,Yes,Yes,No,Yes,Morning,High,Videos,3.2,7,High
S07407,ML,No,Yes,Yes,Yes,Yes,No,Yes,Evening,Medium,Notes,3.7,5,High
S07408,ML,Yes,Yes,Yes,No,Yes,No,Yes,Afternoon,Low,Mixed,3.7,5,Low
S07409,CN,Yes,No,Yes,Yes,Yes,Yes,Yes,Night,High,Mixed,4.6,7,High
S07410,DBMS,Yes,No,No,No,No,No,Yes,Afternoon,Medium,Mixed,0.6,5,Low
S07411,ML,No,No,Yes,No,Yes,No,Yes,Afternoon,High,Videos,2.1,6,High
S07412,DBMS,No,No,Yes,Yes,No,Yes,No,Night,Medium,Videos,4.4,6,High
S07413,OS,Yes,Yes,No,No,Yes,No,Yes,Night,Low,Notes,3.0,2,Low
S07414,CN,Yes,Yes,Yes,No,No,No,No,Evening,High,Videos,3.7,6,Low
S07415,CN,No,No,No,No,Yes,Yes,No,Morning,Medium,Videos,3.8,2,Low
S07416,CN,No,Yes,No,No,No,No,No,Afternoon,Low,Mixed,1.6,4,Low
S07417,DSA,Yes,Yes,Yes,Yes,Yes,No,No,Afternoon,High,Videos,2.5,5,High
S07418,DBMS,No,No,Yes,No,No,No,Yes,Night,High,Videos,3.8,7,Low
S07419,DSA,Yes,Yes,Yes,No,No,Yes,Yes,Night,High,Videos,2.4,5,Medium
S07420,ML,Yes,Yes,Yes,No,Yes,No,Yes,Evening,High,Mixed,4.7,4,Medium
S07421,DSA,Yes,No,Yes,Yes,No,Yes,No,Night,Low,Videos,2.6,7,Low
S07422,DBMS,Yes,No,Yes,No,Yes,No,No,Evening,Medium,Notes,4.0,5,Low
S07423,ML,Yes,Yes,Yes,Yes,Yes,Yes,Yes,Morning,High,Mixed,3.0,7,High
S07424,DBMS,Yes,Yes,No,No,No,No,Yes,Evening,High,Mixed,2.8,4,Low
S07425,ML,No,No,Yes,Yes,No,No,No,Night,Low,Mixed,1.9,6,Low
S07426,DSA,Yes,No,Yes,Yes,Yes,No,Yes,Night,High,Mixed,4.0,7,High
S07427,ML,No,No,Yes,Yes,No,No,No,Afternoon,High,Mixed,3.2,5,Medium
S07428,DBMS,Yes,Yes,Yes,No,Yes,No,No,Night,Medium,Videos,2.5,5,Medium
S07429,CN,Yes,No,No,No,Yes,No,Yes,Evening,Medium,Videos,2.1,3,Low
S07430,CN,No,Yes,No,No,No,No,Yes,Evening,High,Videos,0.8,5,Low
S07431,CN,No,Yes,Yes,No,No,No,No,Evening,Medium,Notes,2.2,6,Low
S07432,DSA,No,Yes,No,Yes,Yes,No,No,Afternoon,Medium,Mixed,3.0,3,Low
S07433,DBMS,No,Yes,No,Yes,Yes,No,Yes,Evening,High,Notes,2.1,4,High
S07434,DSA,Yes,Yes,No,Yes,No,No,No,Evening,Low,Videos,2.2,5,Low
S07435,ML,Yes,Yes,Yes,Yes,Yes,No,Yes,Night,High,Mixed,4.5,7,High
S07436,DBMS,Yes,No,No,No,No,Yes,Yes,Night,High,Notes,0.7,2,Low
S07437,ML,Yes,Yes,Yes,Yes,Yes,No,No,Afternoon,Medium,Mixed,4.0,6,High
S07438,OS,Yes,Yes,Yes,Yes,Yes,No,No,Morning,High,Mixed,2.9,8,High
S07439,ML,Yes,Yes,Yes,Yes,Yes,No,Yes,Afternoon,High,Notes,5.4,7,High
S07440,DBMS,No,No,Yes,Yes,Yes,No,Yes,Afternoon,Medium,Notes,4.3,7,High
S07441,OS,No,Yes,No,No,No,No,Yes,Evening,High,Notes,0.5,5,Low
S07442,DSA,No,Yes,No,No,Yes,Yes,Yes,Evening,Low,Notes,3.8,2,Low
S07443,ML,No,No,Yes,Yes,Yes,Yes,Yes,Morning,High,Notes,4.2,8,High
S07444,CN,Yes,No,No,Yes,Yes,No,No,Morning,Low,Mixed,2.1,5,Low
S07445,DBMS,Yes,No,Yes,No,No,Yes,Yes,Evening,Medium,Notes,4.7,4,Low
S07446,DBMS,No,Yes,No,No,Yes,No,No,Night,Medium,Videos,2.0,4,Low
S07447,CN,No,Yes,No,No,Yes,Yes,Yes,Night,High,Videos,0.6,5,Medium
S07448,DBMS,Yes,Yes,Yes,Yes,No,No,Yes,Morning,High,Mixed,4.4,5,Medium
S07449,CN,Yes,No,Yes,No,No,Yes,No,Evening,High,Notes,2.8,6,Low
S07450,DBMS,Yes,Yes,No,No,No,No,No,Night,High,Mixed,2.7,5,Low
S07451,OS,Yes,Yes,No,Yes,Yes,No,No,Night,High,Notes,3.0,3,Medium
S07452,OS,Yes,Yes,No,No,No,Yes,No,Night,High,Mixed,0.9,5,Low
S07453,DBMS,Yes,No,Yes,Yes,No,No,Yes,Night,Low,Notes,2.2,5,Low
S07454,DBMS,Yes,Yes,Yes,Yes,Yes,No,Yes,Evening,High,Mixed,3.2,6,High
S07455,DBMS,No,Yes,No,No,No,Yes,No,Night,Medium,Notes,0.9,4,Low
S07456,CN,Yes,No,No,No,Yes,No,Yes,Night,High,Mixed,0.6,5,Low
S07457,DBMS,No,No,Yes,No,Yes,No,No,Evening,High,Notes,2.4,5,Medium
S07458,CN,No,No,No,Yes,Yes,No,Yes,Morning,High,Mixed,2.7,5,Medium
S07459,CN,Yes,No,Yes,Yes,Yes,No,Yes,Morning,Medium,Mixed,3.6,5,High
S07460,DSA,No,Yes,No,Yes,No,No,Yes,Evening,High,Notes,0.5,5,Medium
S07461,CN,Yes,No,Yes,No,No,No,Yes,Evening,Medium,Videos,1.5,4,Medium
S07462,DBMS,Yes,Yes,Yes,Yes,Yes,No,Yes,Evening,High,Notes,3.7,6,High
S07463,CN,Yes,No,Yes,Yes,Yes,Yes,Yes,Morning,High,Mixed,3.3,7,High
S07464,OS,No,Yes,No,No,No,Yes,Yes,Afternoon,High,Mixed,2.0,4,Medium
S07465,DBMS,No,No,No,Yes,Yes,No,No,Night,Medium,Notes,2.4,3,Low
S07466,ML,Yes,Yes,Yes,Yes,No,No,Yes,Morning,High,Notes,3.2,6,Medium
S07467,ML,Yes,Yes,Yes,Yes,No,No,Yes,Night,Medium,Videos,3.6,6,High
S07468,DBMS,Yes,Yes,Yes,Yes,Yes,No,Yes,Evening,Medium,Videos,4.8,5,High
S07469,OS,No,No,No,Yes,Yes,No,Yes,Morning,Medium,Mixed,2.9,5,Low
S07470,DSA,Yes,Yes,No,Yes,No,No,No,Evening,High,Mixed,0.7,6,Low
S07471,DSA,Yes,No,Yes,Yes,Yes,Yes,Yes,Night,Medium,Mixed,5.1,6,High
S07472,ML,No,Yes,Yes,Yes,Yes,No,No,Evening,High,Videos,4.8,8,High
S07473,ML,Yes,No,No,No,No,No,Yes,Night,High,Videos,0.6,2,Low
S07474,CN,Yes,No,Yes,Yes,Yes,Yes,Yes,Night,High,Mixed,4.1,6,High
S07475,ML,Yes,Yes,Yes,Yes,Yes,Yes,Yes,Night,High,Mixed,3.1,6,High
S07476,OS,Yes,No,No,Yes,No,No,Yes,Evening,High,Videos,1.8,4,Medium
S07477,DBMS,Yes,No,Yes,No,Yes,No,Yes,Morning,High,Videos,3.7,6,Medium
S07478,OS,Yes,No,Yes,No,Yes,No,Yes,Night,Medium,Videos,3.3,6,Medium
S07479,DBMS,Yes,Yes,Yes,Yes,Yes,No,Yes,Evening,High,Mixed,4.2,5,High
S07480,CN,No,No,Yes,No,Yes,No,Yes,Evening,Medium,Notes,3.5,4,Low
S07481,DBMS,Yes,Yes,No,Yes,No,No,Yes,Night,Low,Videos,3.6,4,Low
S07482,OS,No,Yes,No,Yes,No,No,Yes,Evening,Medium,Notes,2.9,4,Low
S07483,ML,Yes,Yes,Yes,Yes,No,Yes,Yes,Evening,High,Mixed,3.3,8,High
S07484,CN,No,No,Yes,Yes,Yes,Yes,No,Evening,High,Notes,3.6,7,Medium
S07485,DSA,Yes,No,Yes,Yes,No,No,Yes,Night,High,Mixed,3.2,6,Medium
S07486,ML,No,Yes,No,Yes,Yes,Yes,Yes,Afternoon,Low,Mixed,2.6,5,Low
S07487,OS,Yes,Yes,No,No,No,No,No,Afternoon,Medium,Notes,1.6,3,Low
S07488,DBMS,Yes,Yes,Yes,No,Yes,No,Yes,Evening,High,Notes,1.9,7,Medium
S07489,CN,Yes,No,Yes,No,No,No,Yes,Evening,High,Videos,2.5,6,Medium
S07490,CN,Yes,No,No,No,Yes,No,Yes,Night,High,Videos,3.2,4,Low
S07491,DSA,No,No,No,No,No,No,Yes,Night,Medium,Mixed,1.5,2,Low
S07492,CN,No,No,Yes,Yes,No,Yes,No,Night,Medium,Mixed,3.3,8,Low
S07493,OS,No,No,Yes,Yes,Yes,No,No,Evening,High,Videos,2.4,7,High
S07494,DSA,Yes,Yes,Yes,No,No,No,No,Night,High,Videos,1.2,5,Medium
S07495,DSA,No,No,No,Yes,Yes,Yes,Yes,Morning,Medium,Mixed,1.7,4,Low
S07496,ML,No,Yes,Yes,No,Yes,No,Yes,Evening,Medium,Notes,2.8,6,High
S07497,DBMS,Yes,No,Yes,Yes,Yes,Yes,Yes,Night,High,Notes,3.5,7,High
S07498,DBMS,Yes,No,No,Yes,No,No,No,Morning,Medium,Videos,1.8,4,Low
S07499,CN,No,Yes,No,Yes,Yes,No,Yes,Night,Medium,Videos,2.9,4,Medium
S07500,CN,Yes,Yes,Yes,No,No,No,Yes,Evening,High,Videos,3.5,5,Medium
S07501,DSA,Yes,Yes,Yes,Yes,Yes,No,Yes,Morning,Medium,Videos,4.5,5,High
S07502,CN,No,No,Yes,No,No,No,Yes,Afternoon,High,Videos,4.0,7,Low
S07503,OS,Yes,Yes,Yes,Yes,Yes,Yes,No,Morning,Low,Notes,2.4,6,High
S07504,OS,Yes,No,No,No,No,No,Yes,Night,High,Mixed,1.7,4,Low
S07505,DSA,Yes,Yes,Yes,Yes,Yes,Yes,Yes,Night,High,Videos,3.6,7,High
S07506,ML,No,No,No,No,No,No,Yes,Night,High,Mixed,2.1,5,Low
S07507,ML,No,No,No,Yes,Yes,No,Yes,Night,High,Videos,2.3,3,Medium
S07508,OS,No,Yes,No,Yes,No,No,No,Night,High,Notes,2.4,6,Low
S07509,CN,No,No,No,Yes,Yes,No,Yes,Evening,Medium,Videos,2.5,3,Low
S07510,OS,Yes,Yes,Yes,Yes,Yes,Yes,No,Morning,High,Videos,4.3,7,High
S07511,OS,Yes,No,No,No,Yes,Yes,Yes,Evening,Low,Videos,3.2,2,Low
S07512,OS,Yes,Yes,No,Yes,No,No,Yes,Morning,High,Videos,0.5,5,Medium
S07513,OS,Yes,No,No,No,Yes,No,No,Night,High,Videos,1.7,3,Low
S07514,ML,No,Yes,No,Yes,Yes,No,No,Evening,Medium,Videos,4.4,6,Low
S07515,OS,No,No,No,No,Yes,No,No,Night,Medium,Videos,3.0,4,Low
S07516,ML,Yes,Yes,Yes,No,No,No,Yes,Night,Medium,Videos,3.0,6,Low
S07517,DBMS,No,No,Yes,No,Yes,No,Yes,Afternoon,High,Mixed,2.3,4,Medium
S07518,ML,No,Yes,No,No,Yes,No,No,Afternoon,High,Mixed,1.4,4,Low
S07519,CN,Yes,Yes,No,No,No,No,No,Afternoon,High,Videos,1.6,4,Low
S07520,ML,Yes,No,No,Yes,No,No,Yes,Night,High,Mixed,2.2,5,Low
S07521,OS,Yes,Yes,Yes,Yes,Yes,No,No,Afternoon,Medium,Notes,2.9,5,High
S07522,OS,Yes,Yes,Yes,No,No,Yes,No,Afternoon,Medium,Notes,2.1,5,Low
S07523,DSA,Yes,No,Yes,Yes,No,Yes,No,Evening,Medium,Videos,5.5,8,Low
S07524,DBMS,Yes,Yes,Yes,No,No,No,Yes,Evening,Low,Mixed,2.9,6,Low
S07525,DSA,Yes,No,No,Yes,Yes,Yes,No,Afternoon,High,Videos,1.5,6,Medium
S07526,ML,Yes,Yes,No,Yes,No,Yes,No,Evening,High,Notes,3.8,6,Low
S07527,DBMS,No,No,No,No,No,No,Yes,Evening,Medium,Mixed,1.0,2,Low
S07528,DSA,No,No,No,Yes,No,Yes,Yes,Evening,High,Mixed,4.0,4,Low
S07529,CN,Yes,Yes,Yes,No,Yes,No,Yes,Evening,High,Videos,4.0,6,High
S07530,DSA,Yes,Yes,No,No,No,No,Yes,Night,High,Videos,0.5,5,Low
S07531,CN,Yes,No,No,Yes,No,Yes,Yes,Afternoon,Medium,Notes,0.5,5,Low
S07532,OS,Yes,No,Yes,Yes,Yes,Yes,No,Evening,Low,Notes,3.9,6,Medium
S07533,CN,Yes,Yes,No,Yes,Yes,No,Yes,Night,Medium,Notes,3.3,5,Low
S07534,CN,Yes,Yes,Yes,Yes,Yes,Yes,No,Afternoon,Medium,Mixed,4.4,8,Medium
S07535,CN,Yes,Yes,Yes,No,Yes,Yes,Yes,Afternoon,Medium,Notes,4.0,6,Medium
S07536,CN,No,No,Yes,No,No,No,Yes,Evening,High,Mixed,2.3,4,Low
S07537,CN,Yes,No,Yes,Yes,No,No,No,Evening,High,Mixed,2.0,6,Medium
S07538,OS,No,Yes,No,Yes,No,Yes,No,Night,High,Mixed,2.0,6,Low
S07539,DBMS,Yes,Yes,Yes,Yes,No,No,Yes,Night,High,Mixed,1.6,7,Medium
S07540,ML,Yes,No,Yes,Yes,Yes,No,No,Afternoon,High,Videos,3.6,6,High
S07541,DBMS,No,No,No,No,Yes,No,No,Morning,High,Mixed,3.2,2,Low
S07542,CN,Yes,Yes,Yes,No,No,No,Yes,Afternoon,High,Videos,3.9,6,Low
S07543,DSA,No,Yes,No,Yes,No,Yes,Yes,Evening,High,Videos,1.9,5,Low
S07544,ML,No,Yes,No,No,No,No,Yes,Morning,Medium,Mixed,1.9,2,Low
S07545,DBMS,Yes,No,Yes,Yes,Yes,No,Yes,Afternoon,High,Mixed,2.6,7,High
S07546,ML,Yes,Yes,No,No,No,No,Yes,Night,Low,Videos,2.3,2,Low
S07547,ML,Yes,Yes,Yes,No,Yes,No,Yes,Evening,Medium,Notes,2.4,5,Low
S07548,ML,Yes,No,Yes,No,No,No,Yes,Morning,Medium,Mixed,2.1,7,Low
S07549,CN,Yes,Yes,Yes,Yes,Yes,No,Yes,Morning,High,Videos,4.5,5,High
S07550,OS,Yes,Yes,Yes,Yes,Yes,Yes,Yes,Evening,Medium,Mixed,3.5,6,High
S07551,OS,No,Yes,Yes,Yes,Yes,No,Yes,Morning,High,Mixed,4.3,5,High
S07552,DSA,No,Yes,Yes,Yes,Yes,No,No,Afternoon,High,Mixed,3.6,6,High
S07553,CN,Yes,Yes,Yes,No,No,No,Yes,Afternoon,Medium,Mixed,2.9,5,Low
S07554,DBMS,Yes,Yes,No,No,No,Yes,Yes,Evening,High,Notes,1.5,3,Medium
S07555,OS,No,Yes,Yes,No,Yes,No,Yes,Evening,High,Mixed,4.1,6,Medium
S07556,DSA,No,Yes,Yes,Yes,Yes,No,Yes,Evening,High,Videos,3.2,6,High
S07557,DBMS,Yes,No,Yes,Yes,Yes,Yes,No,Evening,Medium,Videos,4.6,8,High
S07558,OS,Yes,No,Yes,No,Yes,No,Yes,Evening,Medium,Mixed,3.1,6,Low
S07559,OS,No,Yes,No,Yes,No,No,No,Evening,Medium,Videos,2.7,6,Low
S07560,DSA,No,No,Yes,Yes,No,No,No,Afternoon,High,Notes,2.7,6,Low
S07561,ML,No,Yes,Yes,Yes,Yes,No,Yes,Afternoon,Medium,Notes,5.3,7,High
S07562,DBMS,Yes,No,Yes,No,No,No,Yes,Evening,Medium,Notes,3.0,4,Low
S07563,CN,Yes,No,Yes,Yes,No,No,No,Afternoon,High,Videos,2.2,7,Medium
S07564,DBMS,Yes,No,Yes,No,No,No,Yes,Morning,Medium,Mixed,3.3,7,Medium
S07565,CN,Yes,No,Yes,Yes,No,No,Yes,Morning,High,Mixed,5.1,5,Medium
S07566,CN,No,Yes,No,No,No,No,No,Afternoon,High,Videos,0.6,3,Low
S07567,DSA,Yes,Yes,Yes,No,Yes,Yes,Yes,Night,Medium,Notes,2.2,4,High
S07568,CN,No,No,Yes,No,No,No,Yes,Evening,High,Notes,3.8,7,Medium
S07569,DSA,No,Yes,Yes,Yes,No,No,Yes,Afternoon,Medium,Mixed,2.7,6,Medium
S07570,ML,No,No,Yes,Yes,Yes,No,Yes,Evening,High,Notes,4.8,6,High
S07571,OS,No,Yes,No,Yes,Yes,Yes,Yes,Morning,High,Videos,3.1,6,High
S07572,DSA,No,Yes,Yes,Yes,Yes,No,Yes,Night,High,Mixed,3.5,8,High
S07573,CN,Yes,No,Yes,Yes,Yes,No,Yes,Night,Low,Notes,3.9,8,High
S07574,CN,Yes,No,Yes,No,Yes,No,No,Evening,High,Mixed,4.1,4,High
S07575,CN,Yes,No,Yes,Yes,No,No,Yes,Morning,High,Notes,3.7,6,Medium
S07576,DSA,No,No,No,No,No,No,Yes,Night,High,Notes,0.6,4,Low
S07577,ML,No,No,Yes,No,No,No,Yes,Morning,Medium,Notes,2.2,6,Low
S07578,DBMS,Yes,Yes,Yes,No,No,No,Yes,Morning,Medium,Notes,3.4,4,Low
S07579,CN,Yes,No,Yes,No,Yes,Yes,Yes,Evening,Medium,Mixed,4.7,7,High
S07580,DSA,Yes,Yes,No,Yes,Yes,No,No,Evening,High,Videos,3.6,4,Medium
S07581,OS,Yes,Yes,No,Yes,Yes,No,Yes,Afternoon,High,Mixed,5.1,6,Medium
S07582,CN,No,No,No,No,No,No,Yes,Evening,Medium,Mixed,1.3,4,Low
S07583,CN,Yes,Yes,Yes,No,No,No,Yes,Night,High,Mixed,3.2,7,High
S07584,DBMS,No,Yes,Yes,Yes,Yes,No,Yes,Night,Medium,Notes,4.2,7,Medium
S07585,DSA,Yes,Yes,No,No,No,Yes,No,Afternoon,High,Notes,3.2,3,Medium
S07586,OS,Yes,No,No,No,No,No,Yes,Afternoon,Low,Mixed,1.6,3,Low
S07587,ML,Yes,No,Yes,Yes,Yes,Yes,Yes,Night,Low,Mixed,4.9,6,Medium
S07588,DSA,No,Yes,No,No,Yes,No,No,Evening,Medium,Notes,2.0,5,Low
S07589,ML,Yes,No,Yes,No,No,No,Yes,Night,High,Mixed,1.9,7,Low
S07590,DSA,Yes,Yes,Yes,Yes,Yes,No,No,Morning,Low,Videos,5.5,8,Medium
S07591,DBMS,Yes,No,No,No,No,No,Yes,Morning,Medium,Notes,1.4,5,Low
S07592,ML,No,No,No,Yes,No,Yes,Yes,Morning,High,Notes,2.5,4,Low
S07593,OS,No,Yes,Yes,Yes,No,No,No,Afternoon,Medium,Videos,2.5,8,Low
S07594,ML,No,No,No,No,No,No,Yes,Night,Low,Videos,2.4,3,Low
S07595,OS,Yes,No,No,Yes,No,No,No,Morning,High,Mixed,1.2,5,Low
S07596,DBMS,No,Yes,Yes,No,No,No,No,Night,Medium,Mixed,1.4,5,Low
S07597,CN,Yes,Yes,Yes,No,No,Yes,Yes,Evening,Medium,Mixed,3.6,7,Medium
S07598,ML,No,No,No,No,No,No,Yes,Evening,High,Videos,1.6,4,Low
S07599,OS,Yes,Yes,Yes,Yes,No,No,Yes,Evening,High,Videos,3.0,7,Medium
S07600,DSA,Yes,Yes,No,Yes,Yes,No,Yes,Evening,High,Videos,1.9,5,Low
S07601,DSA,No,No,Yes,Yes,Yes,Yes,Yes,Afternoon,Medium,Mixed,4.4,6,High
S07602,DSA,No,Yes,No,Yes,Yes,No,Yes,Night,High,Videos,3.7,4,Medium
S07603,DSA,Yes,Yes,Yes,Yes,No,No,No,Morning,Medium,Mixed,3.7,6,Medium
S07604,OS,Yes,Yes,Yes,Yes,Yes,No,No,Morning,High,Videos,2.3,7,High
S07605,CN,No,Yes,No,No,No,Yes,Yes,Evening,High,Mixed,2.5,4,Low
S07606,CN,No,No,Yes,Yes,No,No,Yes,Afternoon,High,Videos,3.6,8,Low
S07607,CN,No,No,Yes,Yes,Yes,Yes,Yes,Morning,Medium,Mixed,3.5,7,High
S07608,DBMS,Yes,Yes,Yes,No,Yes,Yes,No,Evening,Medium,Videos,3.2,4,High
S07609,DBMS,Yes,No,Yes,Yes,No,Yes,Yes,Night,Low,Videos,2.3,8,Low
S07610,OS,No,Yes,Yes,Yes,Yes,No,Yes,Evening,Medium,Videos,4.5,7,High
S07611,ML,No,Yes,Yes,Yes,No,No,Yes,Evening,Low,Videos,3.1,5,Low
S07612,DSA,No,No,Yes,Yes,No,No,No,Evening,Low,Mixed,4.1,6,Low
S07613,DSA,No,Yes,Yes,Yes,Yes,No,Yes,Evening,Medium,Notes,4.3,7,Medium
S07614,ML,Yes,No,Yes,Yes,Yes,No,Yes,Evening,High,Notes,4.2,6,High
S07615,OS,Yes,Yes,No,No,Yes,Yes,Yes,Evening,Medium,Notes,2.6,5,Low
S07616,DSA,No,No,Yes,Yes,No,No,No,Evening,High,Mixed,4.1,7,Medium
S07617,CN,Yes,No,No,Yes,Yes,Yes,Yes,Night,High,Mixed,1.8,3,Medium
S07618,DSA,No,Yes,Yes,No,No,Yes,Yes,Night,Medium,Notes,3.4,4,Medium
S07619,DBMS,No,No,Yes,No,Yes,No,Yes,Evening,Medium,Videos,1.5,4,Medium
S07620,DSA,No,Yes,Yes,Yes,No,Yes,Yes,Morning,Medium,Videos,3.2,7,Medium
S07621,CN,Yes,Yes,Yes,No,No,Yes,Yes,Morning,Medium,Videos,3.8,5,Low
S07622,DBMS,No,Yes,No,No,No,No,Yes,Morning,Medium,Videos,1.7,4,Low
S07623,CN,Yes,No,No,No,No,Yes,Yes,Evening,Low,Notes,1.3,2,Low
S07624,DSA,Yes,No,Yes,Yes,No,Yes,Yes,Afternoon,Medium,Mixed,2.9,5,High
S07625,DSA,Yes,No,Yes,Yes,Yes,No,No,Morning,Medium,Videos,2.9,5,High
S07626,DBMS,Yes,No,No,Yes,No,No,Yes,Afternoon,Low,Mixed,3.9,6,Low
S07627,CN,No,Yes,Yes,Yes,Yes,No,Yes,Night,High,Mixed,2.6,8,High
S07628,DSA,No,No,No,No,Yes,No,No,Afternoon,High,Videos,1.0,4,Low
S07629,DSA,Yes,No,Yes,No,Yes,No,Yes,Evening,Medium,Mixed,1.6,7,Medium
S07630,DBMS,No,No,Yes,Yes,Yes,Yes,No,Night,High,Mixed,5.3,5,Medium
S07631,ML,Yes,Yes,Yes,No,No,Yes,Yes,Morning,High,Mixed,2.3,4,Medium
S07632,DBMS,No,No,Yes,No,No,No,No,Afternoon,High,Videos,3.1,7,Low
S07633,CN,No,Yes,No,No,Yes,Yes,No,Evening,Medium,Videos,2.7,5,Low
S07634,DSA,Yes,No,No,No,No,Yes,Yes,Evening,Medium,Mixed,2.0,2,Low
S07635,ML,Yes,No,Yes,Yes,No,Yes,Yes,Night,Medium,Mixed,3.4,8,Medium
S07636,DSA,Yes,No,No,Yes,Yes,No,Yes,Evening,High,Notes,3.1,4,Medium
S07637,DBMS,Yes,Yes,Yes,No,No,No,No,Morning,High,Mixed,3.7,7,Low
S07638,CN,No,Yes,Yes,Yes,Yes,No,Yes,Afternoon,Medium,Notes,3.9,7,High
S07639,CN,Yes,No,Yes,No,Yes,Yes,No,Evening,High,Notes,2.5,6,High
S07640,CN,Yes,No,No,No,Yes,No,No,Morning,High,Mixed,3.2,3,Low
S07641,DSA,Yes,No,Yes,No,Yes,Yes,Yes,Morning,Medium,Videos,3.6,7,High
S07642,DBMS,No,No,No,Yes,Yes,No,Yes,Night,Low,Videos,0.9,5,Low
S07643,DSA,Yes,Yes,Yes,No,No,No,Yes,Night,Low,Videos,2.1,6,Low
S07644,CN,No,No,No,Yes,Yes,No,No,Afternoon,High,Videos,2.7,3,Low
S07645,DBMS,No,Yes,No,No,Yes,Yes,No,Evening,Medium,Mixed,3.4,4,Low
S07646,OS,Yes,Yes,No,No,No,No,Yes,Night,Medium,Mixed,1.6,2,Low
S07647,OS,Yes,Yes,Yes,No,No,Yes,No,Evening,High,Notes,1.9,4,Medium
S07648,DBMS,Yes,Yes,Yes,No,Yes,No,Yes,Evening,Medium,Videos,2.1,6,Low
S07649,OS,Yes,Yes,No,No,No,No,Yes,Evening,Medium,Notes,1.5,2,Low
S07650,CN,No,No,No,No,Yes,No,Yes,Evening,High,Notes,3.0,4,Low
S07651,CN,No,Yes,Yes,Yes,Yes,No,Yes,Night,High,Videos,5.5,6,High
S07652,ML,Yes,No,No,No,No,No,No,Morning,High,Videos,0.5,5,Medium
S07653,DSA,Yes,Yes,No,No,No,Yes,Yes,Evening,High,Videos,1.7,4,Low
S07654,OS,Yes,No,Yes,No,No,No,Yes,Evening,Medium,Mixed,2.1,5,Low
S07655,ML,Yes,Yes,No,Yes,Yes,No,Yes,Night,Medium,Notes,2.8,5,Medium
S07656,OS,No,No,Yes,Yes,Yes,No,Yes,Evening,High,Mixed,3.2,8,High
S07657,CN,No,No,Yes,Yes,Yes,No,No,Afternoon,High,Videos,2.6,5,High
S07658,OS,No,Yes,Yes,Yes,Yes,No,No,Night,Medium,Videos,4.2,5,High
S07659,DBMS,Yes,Yes,No,No,No,Yes,No,Evening,High,Videos,1.2,5,Low
S07660,DBMS,Yes,Yes,No,No,No,No,Yes,Night,Medium,Mixed,2.2,2,Low
S07661,CN,Yes,Yes,No,Yes,No,No,Yes,Morning,Low,Videos,2.4,5,Low
S07662,CN,No,Yes,Yes,No,Yes,No,Yes,Evening,High,Videos,4.6,5,Medium
S07663,DBMS,No,Yes,No,Yes,No,No,Yes,Evening,High,Mixed,3.5,3,Medium
S07664,CN,No,No,Yes,No,No,No,Yes,Morning,Low,Mixed,4.3,6,Low
S07665,DBMS,Yes,Yes,Yes,Yes,No,No,Yes,Evening,Medium,Mixed,2.5,7,Medium
S07666,CN,Yes,Yes,No,Yes,Yes,No,Yes,Night,High,Mixed,4.1,3,Medium
S07667,DBMS,No,Yes,No,Yes,Yes,No,Yes,Morning,Medium,Mixed,3.0,3,Medium
S07668,ML,Yes,Yes,No,No,No,No,Yes,Evening,Low,Mixed,2.0,3,Low
S07669,CN,No,No,No,No,No,No,Yes,Night,High,Videos,1.5,2,Low
S07670,ML,Yes,No,Yes,No,No,Yes,Yes,Morning,High,Notes,2.7,5,Medium
S07671,ML,No,No,Yes,Yes,Yes,No,No,Morning,High,Videos,3.6,8,High
S07672,ML,Yes,Yes,No,No,No,Yes,Yes,Evening,High,Notes,2.7,2,Low
S07673,DSA,No,Yes,No,No,Yes,No,No,Night,High,Mixed,1.4,2,Low
S07674,CN,Yes,Yes,No,No,No,No,Yes,Evening,High,Notes,1.5,3,Low
S07675,DBMS,Yes,No,Yes,Yes,Yes,No,Yes,Night,High,Notes,4.5,7,High
S07676,DBMS,Yes,Yes,Yes,No,No,No,No,Night,High,Mixed,2.2,4,Low
S07677,CN,Yes,No,No,No,No,Yes,No,Evening,High,Videos,2.4,5,Low
S07678,CN,No,No,No,No,Yes,Yes,Yes,Morning,Medium,Videos,1.8,4,Low
S07679,ML,No,No,Yes,Yes,No,No,Yes,Morning,Low,Notes,3.2,5,Medium
S07680,ML,No,No,Yes,Yes,Yes,No,No,Evening,High,Notes,5.0,5,High
S07681,CN,No,No,Yes,Yes,Yes,No,Yes,Evening,High,Notes,3.5,8,High
S07682,DSA,No,Yes,Yes,No,Yes,No,Yes,Afternoon,Low,Videos,4.1,4,Low
S07683,ML,Yes,Yes,No,No,No,No,Yes,Night,High,Mixed,2.1,4,Low
S07684,DSA,No,No,No,No,No,No,Yes,Afternoon,High,Notes,3.4,5,Low
S07685,ML,Yes,No,Yes,Yes,Yes,Yes,No,Evening,High,Notes,3.4,8,High
S07686,CN,No,Yes,No,Yes,No,No,Yes,Evening,High,Videos,2.1,6,Medium
S07687,DSA,Yes,Yes,No,Yes,No,Yes,Yes,Evening,High,Notes,2.6,5,Medium
S07688,OS,No,Yes,Yes,No,Yes,No,Yes,Evening,Low,Notes,2.9,4,Medium
S07689,DSA,Yes,No,No,Yes,Yes,Yes,Yes,Night,High,Notes,3.3,6,Medium
S07690,DBMS,Yes,Yes,Yes,No,Yes,No,No,Afternoon,Low,Videos,3.3,6,Low
S07691,DBMS,Yes,Yes,Yes,Yes,Yes,No,Yes,Evening,High,Notes,2.9,6,High
S07692,DBMS,Yes,Yes,No,No,No,No,Yes,Afternoon,Medium,Videos,0.8,5,Medium
S07693,ML,Yes,No,Yes,Yes,No,No,Yes,Evening,Medium,Videos,4.9,5,Medium
S07694,DBMS,Yes,Yes,No,No,Yes,No,No,Morning,High,Mixed,1.8,2,Low
S07695,ML,Yes,Yes,Yes,No,No,Yes,Yes,Night,Medium,Notes,2.9,6,Medium
S07696,CN,Yes,No,No,Yes,No,No,Yes,Afternoon,High,Notes,1.8,6,High
S07697,DBMS,Yes,Yes,Yes,Yes,Yes,Yes,Yes,Afternoon,Medium,Notes,3.2,5,High
S07698,CN,No,No,Yes,No,No,No,Yes,Evening,Low,Mixed,3.5,6,Low
S07699,ML,Yes,No,No,No,No,No,Yes,Afternoon,Low,Videos,1.8,5,Low
S07700,DBMS,Yes,Yes,No,Yes,No,No,No,Evening,High,Mixed,1.5,3,Low
S07701,DBMS,Yes,No,No,No,Yes,No,No,Night,High,Mixed,2.3,2,Low
S07702,OS,Yes,No,Yes,Yes,Yes,No,Yes,Evening,High,Videos,4.3,7,High
S07703,DBMS,Yes,Yes,Yes,Yes,Yes,No,Yes,Night,High,Mixed,5.5,6,High
S07704,DSA,No,Yes,Yes,No,No,No,Yes,Afternoon,High,Mixed,0.7,7,Medium
S07705,CN,Yes,No,Yes,No,No,No,Yes,Evening,High,Notes,3.5,4,Medium
S07706,DSA,Yes,Yes,Yes,Yes,Yes,No,Yes,Night,Low,Notes,3.6,6,High
S07707,DSA,Yes,Yes,No,Yes,No,No,Yes,Morning,Medium,Mixed,4.1,3,Low
S07708,DSA,Yes,Yes,Yes,Yes,Yes,No,Yes,Evening,High,Mixed,5.4,6,High
S07709,OS,Yes,No,Yes,No,Yes,No,Yes,Night,High,Videos,4.8,6,Medium
S07710,OS,No,No,No,No,No,No,No,Evening,High,Notes,1.2,4,Low
S07711,ML,Yes,No,No,No,No,Yes,Yes,Morning,Medium,Notes,0.5,2,Low
S07712,ML,No,Yes,Yes,Yes,No,No,Yes,Morning,High,Mixed,3.3,7,Medium
S07713,DBMS,Yes,No,No,Yes,Yes,No,Yes,Night,Medium,Notes,2.1,3,Low
S07714,DBMS,Yes,Yes,No,No,Yes,Yes,Yes,Evening,Medium,Videos,2.1,3,Low
S07715,DSA,Yes,No,Yes,Yes,Yes,Yes,Yes,Evening,High,Videos,2.7,8,High
S07716,CN,Yes,No,No,Yes,No,No,No,Morning,Medium,Notes,2.0,3,Low
S07717,DSA,Yes,Yes,No,Yes,No,Yes,No,Evening,High,Mixed,3.6,4,Low
S07718,OS,No,No,No,No,No,Yes,Yes,Evening,High,Mixed,1.7,5,Low
S07719,OS,No,Yes,Yes,No,No,Yes,Yes,Night,High,Mixed,1.6,6,Low
S07720,OS,Yes,Yes,Yes,No,No,No,Yes,Morning,Medium,Notes,3.0,6,Low
S07721,ML,Yes,No,No,Yes,Yes,Yes,Yes,Evening,High,Notes,2.3,5,Medium
S07722,DSA,No,Yes,No,No,No,No,Yes,Night,High,Mixed,2.6,2,Low
S07723,DBMS,Yes,No,Yes,Yes,Yes,No,Yes,Afternoon,Medium,Notes,4.8,7,High
S07724,DSA,Yes,Yes,Yes,Yes,Yes,No,No,Evening,Medium,Videos,4.5,6,High
S07725,OS,No,Yes,No,No,No,Yes,Yes,Morning,High,Notes,3.1,4,Low
S07726,CN,Yes,No,Yes,No,No,No,Yes,Evening,Medium,Mixed,2.3,4,Low
S07727,DSA,Yes,Yes,No,Yes,Yes,Yes,Yes,Evening,Low,Mixed,4.7,5,Medium
S07728,DBMS,Yes,No,Yes,No,No,No,No,Evening,High,Notes,3.0,7,Low
S07729,DSA,Yes,No,No,No,No,Yes,Yes,Night,High,Mixed,2.2,4,Low
S07730,CN,Yes,Yes,Yes,No,No,Yes,No,Night,High,Videos,0.6,5,Low
S07731,CN,No,Yes,No,No,Yes,Yes,No,Afternoon,High,Mixed,2.0,5,Low
S07732,CN,Yes,Yes,No,No,No,No,Yes,Night,High,Videos,1.3,3,Low
S07733,DBMS,Yes,No,Yes,Yes,Yes,Yes,No,Morning,Low,Videos,2.9,7,Medium
S07734,CN,Yes,Yes,Yes,Yes,No,Yes,Yes,Evening,High,Videos,2.5,5,Medium
S07735,DSA,No,No,No,No,Yes,Yes,Yes,Morning,High,Videos,3.2,3,Low
S07736,CN,Yes,No,No,No,No,No,Yes,Night,High,Videos,2.1,5,Low
S07737,ML,No,Yes,No,No,No,No,Yes,Night,High,Videos,2.1,5,Low
S07738,OS,Yes,No,Yes,No,Yes,No,Yes,Evening,High,Mixed,5.0,5,High
S07739,CN,Yes,Yes,No,No,No,No,No,Afternoon,High,Notes,2.0,4,Low
S07740,OS,Yes,Yes,No,No,No,No,Yes,Afternoon,Low,Videos,2.8,2,Low
S07741,OS,Yes,Yes,Yes,No,Yes,Yes,Yes,Afternoon,Low,Notes,3.4,7,Low
S07742,CN,Yes,No,Yes,Yes,Yes,No,Yes,Afternoon,Low,Notes,3.4,5,Medium
S07743,DBMS,No,Yes,Yes,Yes,Yes,No,No,Evening,Medium,Mixed,3.9,6,Medium
S07744,ML,No,No,No,No,No,No,No,Morning,High,Notes,2.1,4,Low
S07745,OS,No,Yes,No,No,No,No,Yes,Night,High,Mixed,0.5,5,Low
S07746,OS,Yes,No,Yes,Yes,Yes,No,Yes,Evening,High,Videos,4.1,5,High
S07747,DSA,Yes,No,Yes,No,Yes,No,Yes,Evening,High,Mixed,3.6,5,Medium
S07748,ML,No,No,Yes,No,Yes,No,Yes,Evening,Medium,Mixed,2.5,7,Medium
S07749,OS,Yes,Yes,Yes,No,Yes,No,Yes,Morning,High,Videos,1.9,4,High
S07750,DBMS,No,Yes,No,No,No,Yes,Yes,Evening,Medium,Notes,2.0,3,Low
S07751,DBMS,No,Yes,No,No,No,No,No,Evening,Medium,Mixed,1.6,4,Low
S07752,DSA,Yes,Yes,Yes,No,Yes,Yes,No,Evening,High,Videos,4.2,4,High
S07753,DSA,No,No,Yes,Yes,Yes,No,Yes,Evening,High,Videos,4.1,6,High
S07754,CN,No,Yes,Yes,No,No,Yes,Yes,Afternoon,Medium,Videos,0.6,7,Low
S07755,ML,Yes,Yes,No,Yes,Yes,No,No,Morning,Low,Videos,2.9,4,Low
S07756,DBMS,No,No,Yes,No,Yes,No,No,Evening,High,Videos,3.8,5,Low
S07757,DSA,Yes,Yes,Yes,Yes,No,No,Yes,Morning,High,Mixed,2.1,6,High
S07758,CN,Yes,No,No,No,No,No,No,Morning,High,Videos,0.5,3,Low
S07759,ML,Yes,Yes,Yes,Yes,No,No,No,Evening,Low,Notes,3.9,5,Low
S07760,DSA,Yes,Yes,No,No,No,No,Yes,Evening,High,Mixed,2.5,2,Low
S07761,ML,Yes,No,Yes,No,Yes,No,Yes,Morning,Medium,Mixed,2.9,7,Low
S07762,DBMS,No,No,Yes,Yes,No,No,No,Evening,Medium,Notes,3.6,7,Medium
S07763,OS,Yes,No,No,Yes,No,No,Yes,Night,High,Notes,1.5,6,Low
S07764,ML,Yes,Yes,No,No,No,No,Yes,Night,High,Videos,1.0,2,Low
S07765,ML,No,Yes,No,Yes,No,No,Yes,Evening,Medium,Notes,2.7,5,Low
S07766,DBMS,Yes,Yes,Yes,No,No,No,Yes,Night,Low,Mixed,2.7,6,Low
S07767,CN,No,Yes,Yes,No,Yes,Yes,Yes,Night,High,Videos,3.5,4,Medium
S07768,ML,Yes,No,Yes,No,Yes,No,Yes,Morning,High,Videos,3.5,6,Low
S07769,OS,No,Yes,Yes,Yes,No,No,No,Afternoon,High,Videos,5.4,7,Low
S07770,OS,No,No,Yes,No,No,Yes,Yes,Afternoon,High,Notes,0.5,4,Low
S07771,CN,Yes,No,Yes,No,Yes,No,No,Morning,High,Notes,3.7,5,High
S07772,CN,Yes,Yes,Yes,Yes,Yes,Yes,No,Evening,High,Mixed,3.4,5,High
S07773,OS,Yes,No,Yes,No,Yes,No,Yes,Evening,Medium,Notes,2.4,5,Low
S07774,DBMS,No,Yes,Yes,Yes,Yes,No,No,Morning,Low,Mixed,4.3,8,Medium
S07775,DSA,No,No,Yes,No,No,No,Yes,Evening,High,Mixed,2.7,5,Low
S07776,OS,Yes,Yes,No,Yes,Yes,No,Yes,Afternoon,High,Mixed,3.6,4,High
S07777,DSA,Yes,No,No,Yes,Yes,No,Yes,Afternoon,High,Videos,3.0,5,Medium
S07778,OS,No,Yes,Yes,Yes,Yes,No,Yes,Morning,Medium,Mixed,3.1,7,High
S07779,DBMS,Yes,Yes,Yes,No,No,No,Yes,Morning,Medium,Notes,1.4,5,Medium
S07780,CN,No,Yes,No,No,No,No,Yes,Evening,Low,Notes,1.0,3,Low
S07781,DSA,No,Yes,Yes,Yes,Yes,Yes,Yes,Afternoon,High,Mixed,4.5,5,High
S07782,DSA,Yes,No,No,Yes,No,No,No,Night,Medium,Notes,3.2,4,Low
S07783,OS,Yes,Yes,Yes,No,No,Yes,Yes,Night,High,Videos,0.9,4,Medium
S07784,OS,Yes,No,Yes,Yes,Yes,Yes,No,Morning,High,Videos,3.7,8,High
S07785,OS,Yes,Yes,Yes,No,Yes,No,Yes,Night,Medium,Notes,2.8,7,High
S07786,DSA,No,Yes,No,No,No,No,No,Evening,Low,Notes,1.8,5,Low
S07787,CN,No,Yes,No,No,No,No,Yes,Evening,High,Mixed,0.9,4,Low
S07788,CN,No,Yes,Yes,No,Yes,No,No,Afternoon,High,Mixed,1.7,7,Low
S07789,DBMS,Yes,No,Yes,No,Yes,No,No,Evening,Medium,Notes,2.8,4,Medium
S07790,DSA,Yes,Yes,Yes,Yes,Yes,No,Yes,Night,High,Notes,5.0,7,High
S07791,DSA,No,No,No,No,Yes,No,Yes,Morning,High,Videos,0.5,2,Low
S07792,OS,Yes,Yes,Yes,Yes,No,No,Yes,Night,High,Notes,2.2,6,High
S07793,OS,Yes,Yes,Yes,Yes,Yes,No,No,Evening,High,Notes,3.8,8,High
S07794,DBMS,Yes,Yes,Yes,Yes,Yes,Yes,Yes,Morning,High,Notes,3.4,6,High
S07795,CN,No,No,Yes,Yes,Yes,Yes,No,Evening,High,Notes,2.9,6,High
S07796,DBMS,No,No,No,No,No,Yes,Yes,Morning,High,Notes,0.9,4,Low
S07797,DBMS,Yes,No,No,No,Yes,No,No,Evening,Medium,Mixed,2.4,3,Low
S07798,DSA,No,Yes,Yes,Yes,Yes,No,No,Morning,Medium,Mixed,4.1,6,High
S07799,DBMS,Yes,Yes,Yes,No,Yes,No,No,Evening,High,Notes,3.9,7,Medium
S07800,CN,Yes,No,No,No,Yes,No,Yes,Morning,High,Mixed,2.7,4,Low
S07801,DBMS,Yes,No,Yes,No,Yes,No,Yes,Night,High,Notes,1.9,6,High
S07802,DBMS,No,No,No,Yes,No,No,Yes,Afternoon,High,Notes,2.8,3,Low
S07803,DSA,Yes,Yes,Yes,No,No,Yes,Yes,Evening,Medium,Notes,3.1,4,Medium
S07804,OS,Yes,No,Yes,Yes,No,No,Yes,Afternoon,High,Mixed,2.8,6,High
S07805,OS,Yes,Yes,Yes,Yes,No,No,Yes,Evening,Low,Notes,4.4,5,Low
S07806,ML,No,No,No,No,Yes,Yes,Yes,Morning,Medium,Mixed,1.5,4,Low
S07807,CN,No,Yes,No,Yes,No,No,Yes,Evening,High,Notes,3.3,4,Low
S07808,OS,Yes,No,Yes,Yes,No,No,Yes,Morning,High,Videos,3.8,5,High
S07809,OS,No,Yes,No,No,No,Yes,Yes,Night,High,Notes,1.3,3,Low
S07810,OS,Yes,No,Yes,Yes,No,Yes,Yes,Evening,High,Notes,2.4,8,Medium
S07811,OS,Yes,No,No,Yes,No,No,No,Night,High,Mixed,1.8,5,Low
S07812,DSA,Yes,No,Yes,Yes,Yes,No,Yes,Morning,Medium,Mixed,3.3,8,High
S07813,DSA,No,Yes,No,No,No,No,Yes,Afternoon,High,Videos,3.1,4,Low
S07814,CN,Yes,Yes,Yes,No,No,No,Yes,Evening,High,Notes,3.5,6,Low
S07815,CN,Yes,No,Yes,No,No,No,No,Evening,Medium,Mixed,3.4,5,Low
S07816,DBMS,Yes,No,Yes,Yes,Yes,No,Yes,Night,Low,Mixed,4.2,7,High
S07817,OS,Yes,No,Yes,Yes,Yes,No,No,Morning,Low,Notes,3.5,6,High
S07818,OS,No,Yes,Yes,Yes,Yes,Yes,Yes,Evening,High,Videos,4.6,7,High
S07819,OS,No,Yes,Yes,Yes,Yes,Yes,Yes,Evening,High,Videos,3.1,7,High
S07820,OS,Yes,Yes,Yes,Yes,Yes,No,No,Night,Medium,Notes,5.3,7,High
S07821,CN,No,No,No,No,Yes,Yes,No,Night,High,Mixed,0.7,5,Low
S07822,DBMS,Yes,Yes,No,No,Yes,No,No,Afternoon,Medium,Mixed,1.1,4,Low
S07823,ML,Yes,Yes,No,No,No,No,No,Morning,High,Notes,2.1,2,Low
S07824,DSA,Yes,No,No,No,No,Yes,No,Evening,High,Notes,1.2,5,Low
S07825,ML,No,No,No,No,No,No,Yes,Evening,High,Mixed,2.6,2,Low
S07826,CN,Yes,No,Yes,No,Yes,Yes,Yes,Night,Medium,Videos,4.2,7,Medium
S07827,OS,No,Yes,Yes,Yes,Yes,Yes,Yes,Morning,High,Notes,1.7,6,High
S07828,ML,Yes,Yes,Yes,Yes,No,No,Yes,Evening,High,Videos,2.5,6,Medium
S07829,CN,No,No,Yes,Yes,No,Yes,Yes,Night,Low,Notes,2.5,7,Low
S07830,DSA,Yes,Yes,No,Yes,No,No,No,Morning,High,Mixed,3.1,4,Low
S07831,ML,No,No,No,No,No,No,Yes,Morning,High,Mixed,0.5,2,Low
S07832,DBMS,No,Yes,No,No,Yes,Yes,Yes,Morning,High,Mixed,0.5,3,Medium
S07833,DBMS,Yes,Yes,No,No,No,Yes,Yes,Morning,Low,Mixed,0.6,2,Low
S07834,DBMS,No,Yes,No,Yes,No,Yes,No,Afternoon,High,Videos,2.8,3,Low
S07835,DBMS,Yes,No,Yes,Yes,Yes,No,Yes,Evening,High,Notes,5.6,7,High
S07836,DSA,Yes,No,Yes,No,Yes,No,Yes,Evening,Low,Videos,1.6,6,Low
S07837,DSA,Yes,Yes,No,Yes,Yes,No,No,Morning,Medium,Videos,2.1,4,Low
S07838,DBMS,No,Yes,No,No,No,No,Yes,Afternoon,High,Mixed,1.6,2,Low
S07839,CN,No,No,Yes,No,Yes,No,No,Evening,Medium,Mixed,4.1,5,Low
S07840,OS,Yes,No,Yes,Yes,Yes,No,Yes,Evening,High,Videos,5.8,6,High
S07841,CN,No,Yes,No,No,Yes,No,Yes,Afternoon,High,Mixed,2.4,5,Low
S07842,ML,Yes,Yes,No,Yes,Yes,No,Yes,Morning,High,Videos,3.6,5,High
S07843,DBMS,Yes,No,Yes,No,Yes,No,No,Morning,High,Videos,3.2,5,High
S07844,DSA,Yes,Yes,No,Yes,Yes,No,No,Morning,Low,Notes,4.2,3,Low
S07845,CN,Yes,No,Yes,Yes,No,Yes,Yes,Night,High,Notes,2.8,8,Medium
S07846,OS,Yes,Yes,No,Yes,Yes,No,Yes,Morning,Low,Mixed,2.9,3,Medium
S07847,CN,Yes,No,Yes,No,No,No,Yes,Afternoon,High,Mixed,0.5,7,Low
S07848,DBMS,Yes,Yes,No,No,No,No,Yes,Afternoon,Medium,Mixed,2.2,4,Low
S07849,CN,Yes,Yes,No,No,No,No,Yes,Night,High,Notes,2.9,4,Low
S07850,ML,No,No,No,No,No,Yes,Yes,Night,High,Videos,2.1,5,Low
S07851,DSA,Yes,Yes,Yes,No,Yes,No,Yes,Evening,High,Videos,2.4,7,Low
S07852,ML,No,No,No,No,Yes,No,No,Evening,High,Mixed,0.8,5,Low
S07853,CN,Yes,Yes,Yes,Yes,Yes,Yes,Yes,Evening,High,Videos,5.4,8,High
S07854,ML,Yes,Yes,Yes,No,No,No,Yes,Night,Low,Notes,1.6,5,Medium
S07855,DBMS,Yes,No,No,Yes,Yes,No,Yes,Morning,High,Mixed,2.6,6,High
S07856,DBMS,No,Yes,No,No,No,No,Yes,Evening,Low,Notes,0.5,5,Low
S07857,ML,Yes,No,Yes,No,Yes,No,Yes,Evening,High,Mixed,3.5,5,Medium
S07858,DBMS,Yes,No,Yes,Yes,Yes,No,Yes,Evening,High,Mixed,5.5,5,High
S07859,ML,No,Yes,Yes,No,Yes,No,Yes,Night,Medium,Mixed,3.2,5,Low
S07860,DSA,No,No,Yes,Yes,Yes,No,Yes,Night,High,Notes,5.1,6,High
S07861,CN,Yes,No,No,No,Yes,Yes,No,Evening,High,Mixed,1.3,4,Low
S07862,ML,Yes,No,Yes,No,Yes,Yes,Yes,Afternoon,High,Mixed,3.0,5,Medium
S07863,OS,Yes,Yes,Yes,Yes,Yes,No,No,Night,High,Mixed,4.1,6,High
S07864,DBMS,Yes,Yes,Yes,Yes,Yes,No,No,Afternoon,High,Videos,3.2,6,High
S07865,OS,No,No,Yes,No,Yes,No,Yes,Evening,High,Videos,2.2,4,Medium
S07866,CN,Yes,No,Yes,Yes,No,No,No,Afternoon,Low,Notes,2.7,6,Low
S07867,DBMS,Yes,Yes,Yes,Yes,Yes,Yes,Yes,Evening,Medium,Notes,3.7,7,High
S07868,DBMS,Yes,Yes,No,No,No,Yes,No,Evening,High,Notes,1.0,5,Low
S07869,CN,Yes,No,No,Yes,No,Yes,No,Evening,High,Mixed,3.5,5,Medium
S07870,DBMS,No,No,Yes,Yes,Yes,No,Yes,Evening,High,Mixed,2.0,7,High
S07871,DBMS,Yes,No,Yes,No,Yes,No,Yes,Night,High,Videos,3.2,5,Medium
S07872,CN,Yes,No,Yes,No,Yes,No,Yes,Evening,High,Videos,1.7,6,High
S07873,DSA,Yes,Yes,Yes,No,No,Yes,Yes,Evening,High,Mixed,3.4,7,Low
S07874,CN,Yes,No,Yes,Yes,No,No,Yes,Evening,High,Notes,2.6,6,Medium
S07875,DBMS,Yes,Yes,Yes,No,Yes,Yes,Yes,Evening,Medium,Videos,3.1,6,Medium
S07876,DBMS,Yes,Yes,No,Yes,Yes,No,Yes,Night,High,Videos,4.1,3,Medium
S07877,DBMS,No,Yes,Yes,Yes,No,Yes,Yes,Evening,Medium,Videos,1.8,5,Medium
S07878,OS,No,No,No,Yes,Yes,Yes,No,Evening,Medium,Videos,4.1,4,Medium
S07879,OS,No,Yes,Yes,No,No,Yes,No,Morning,High,Videos,2.9,5,Medium
S07880,OS,No,No,Yes,Yes,No,Yes,Yes,Afternoon,High,Mixed,2.9,5,Medium
S07881,OS,Yes,Yes,No,Yes,No,No,No,Night,High,Mixed,0.5,6,Low
S07882,ML,Yes,Yes,Yes,Yes,Yes,No,Yes,Night,Medium,Videos,5.6,6,High
S07883,DBMS,Yes,Yes,Yes,No,Yes,No,Yes,Afternoon,Medium,Mixed,2.8,5,High
S07884,CN,No,Yes,Yes,Yes,Yes,No,Yes,Afternoon,Low,Mixed,4.5,5,High
S07885,CN,Yes,Yes,No,No,No,No,Yes,Night,Low,Notes,1.6,4,Low
S07886,DBMS,Yes,Yes,Yes,Yes,No,No,No,Night,Low,Notes,5.2,6,Medium
S07887,DBMS,Yes,No,Yes,Yes,Yes,No,Yes,Evening,High,Videos,2.9,5,High
S07888,DSA,Yes,No,Yes,Yes,Yes,Yes,No,Evening,Medium,Mixed,4.8,7,High
S07889,CN,No,No,Yes,No,Yes,No,Yes,Evening,Low,Videos,4.8,7,Low
S07890,ML,No,Yes,Yes,No,No,Yes,No,Night,High,Notes,1.4,7,Low
S07891,DSA,Yes,Yes,Yes,Yes,Yes,No,Yes,Morning,High,Notes,3.7,8,High
S07892,DSA,No,Yes,Yes,Yes,Yes,No,No,Morning,High,Mixed,4.2,6,High
S07893,OS,Yes,No,Yes,Yes,Yes,Yes,Yes,Night,High,Mixed,4.6,8,High
S07894,ML,Yes,Yes,No,No,No,Yes,Yes,Evening,High,Notes,2.0,3,Low
S07895,ML,Yes,Yes,Yes,No,No,No,Yes,Evening,High,Videos,3.5,4,High
S07896,DBMS,No,No,No,Yes,Yes,No,No,Morning,Low,Notes,2.9,5,Low
S07897,CN,Yes,No,Yes,No,Yes,No,Yes,Evening,High,Notes,3.5,4,Medium
S07898,OS,Yes,Yes,Yes,Yes,No,No,Yes,Evening,Medium,Notes,2.2,6,Medium
S07899,CN,No,No,No,Yes,No,No,Yes,Afternoon,High,Notes,1.4,3,Low
S07900,CN,Yes,Yes,Yes,Yes,Yes,No,Yes,Evening,High,Videos,3.8,7,High
S07901,ML,Yes,Yes,No,Yes,Yes,No,No,Night,High,Notes,2.6,4,Medium
S07902,OS,No,No,No,No,No,No,Yes,Night,High,Notes,2.1,4,Low
S07903,DSA,No,No,No,No,No,No,Yes,Morning,Low,Notes,0.5,4,Low
S07904,DSA,No,Yes,No,No,No,No,Yes,Morning,High,Mixed,1.9,3,Low
S07905,OS,No,No,Yes,Yes,Yes,No,Yes,Evening,High,Notes,4.6,8,High
S07906,DBMS,Yes,Yes,Yes,Yes,No,No,Yes,Evening,High,Mixed,1.3,8,High
S07907,OS,Yes,No,No,Yes,Yes,No,Yes,Night,High,Videos,4.4,6,Medium
S07908,ML,No,No,Yes,Yes,Yes,No,Yes,Evening,High,Notes,5.7,8,High
S07909,DSA,Yes,No,Yes,Yes,No,No,Yes,Night,Medium,Notes,4.3,8,Medium
S07910,OS,Yes,No,Yes,Yes,Yes,No,Yes,Evening,Medium,Videos,3.7,5,High
S07911,ML,No,No,Yes,No,Yes,No,Yes,Evening,High,Videos,2.8,7,Low
S07912,ML,Yes,No,Yes,No,Yes,Yes,Yes,Afternoon,Low,Mixed,2.6,5,Low
S07913,ML,Yes,Yes,No,Yes,No,No,Yes,Evening,Medium,Mixed,2.3,6,Low
S07914,CN,No,No,No,No,No,Yes,Yes,Evening,High,Videos,1.1,5,Low
S07915,DBMS,No,Yes,No,Yes,No,Yes,Yes,Afternoon,Medium,Videos,2.6,6,Low
S07916,ML,No,Yes,No,No,No,No,Yes,Afternoon,High,Videos,1.5,5,Low
S07917,DBMS,No,No,No,No,No,Yes,No,Morning,Medium,Mixed,2.0,3,Low
S07918,OS,Yes,Yes,Yes,Yes,No,Yes,Yes,Morning,Medium,Mixed,3.0,5,Medium
S07919,OS,No,No,No,No,No,No,Yes,Morning,High,Mixed,0.6,5,Low
S07920,DBMS,Yes,Yes,Yes,Yes,No,No,No,Evening,Medium,Mixed,4.4,7,Medium
S07921,OS,No,Yes,Yes,Yes,Yes,No,Yes,Evening,Medium,Videos,3.0,7,High
S07922,CN,Yes,No,No,No,No,Yes,Yes,Night,Medium,Videos,1.3,3,Low
S07923,CN,No,No,No,No,Yes,Yes,No,Morning,Medium,Videos,2.0,2,Low
S07924,OS,Yes,Yes,No,Yes,No,Yes,Yes,Night,Low,Notes,2.4,4,Low
S07925,OS,No,No,No,Yes,Yes,Yes,Yes,Evening,High,Mixed,2.8,6,Medium
S07926,ML,Yes,Yes,Yes,Yes,Yes,No,Yes,Night,High,Mixed,3.6,5,High
S07927,CN,Yes,Yes,Yes,Yes,Yes,No,No,Afternoon,Low,Videos,4.1,7,Medium
S07928,DBMS,Yes,No,Yes,Yes,No,No,No,Afternoon,High,Notes,2.5,7,Low
S07929,DSA,Yes,No,Yes,Yes,No,No,Yes,Morning,High,Mixed,3.1,8,Medium
S07930,DSA,No,No,No,No,No,No,No,Afternoon,High,Notes,1.6,2,Low
S07931,CN,Yes,Yes,Yes,No,No,Yes,Yes,Evening,High,Videos,0.9,7,Medium
S07932,OS,Yes,Yes,Yes,No,No,Yes,Yes,Afternoon,Low,Mixed,3.7,6,Low
S07933,DSA,Yes,Yes,Yes,Yes,Yes,No,Yes,Night,High,Notes,5.8,7,High
S07934,DBMS,Yes,No,Yes,Yes,No,Yes,Yes,Night,High,Videos,3.9,5,Medium
S07935,DBMS,No,Yes,No,No,Yes,No,Yes,Morning,High,Mixed,1.8,3,Low
S07936,OS,Yes,Yes,Yes,No,No,No,No,Evening,High,Mixed,2.2,5,Low
S07937,DBMS,Yes,Yes,Yes,No,Yes,No,Yes,Afternoon,High,Mixed,2.2,4,Low
S07938,OS,Yes,No,Yes,Yes,No,No,Yes,Night,High,Notes,4.7,8,Medium
S07939,DSA,Yes,Yes,Yes,No,No,No,No,Evening,Medium,Mixed,1.3,4,Low
S07940,DBMS,No,No,Yes,Yes,Yes,No,Yes,Night,High,Mixed,4.7,8,High
S07941,DSA,Yes,Yes,No,Yes,Yes,No,Yes,Evening,Medium,Notes,2.5,6,Medium
S07942,ML,Yes,Yes,Yes,Yes,Yes,Yes,Yes,Evening,Medium,Notes,5.1,5,High
S07943,CN,No,Yes,Yes,Yes,Yes,No,Yes,Morning,High,Mixed,4.5,5,High
S07944,CN,Yes,Yes,Yes,Yes,No,No,Yes,Morning,High,Notes,4.1,8,High
S07945,DSA,Yes,No,Yes,No,No,No,Yes,Evening,High,Videos,2.7,5,Low
S07946,ML,Yes,No,No,No,Yes,No,No,Evening,High,Videos,3.6,5,Low
S07947,DSA,No,Yes,No,Yes,Yes,No,No,Night,High,Notes,1.4,5,Low
S07948,OS,Yes,Yes,Yes,Yes,Yes,No,Yes,Evening,Medium,Notes,2.3,5,High
S07949,ML,Yes,Yes,Yes,Yes,No,No,Yes,Afternoon,Medium,Videos,1.9,7,Medium
S07950,DBMS,No,No,Yes,No,Yes,No,Yes,Evening,High,Notes,2.7,4,Medium
S07951,DSA,No,No,Yes,No,No,No,Yes,Morning,Medium,Videos,1.8,7,Low
S07952,OS,Yes,No,Yes,Yes,No,No,Yes,Evening,High,Mixed,2.8,6,High
S07953,DBMS,No,Yes,No,No,Yes,No,Yes,Morning,High,Notes,3.6,2,Low
S07954,DSA,Yes,Yes,No,Yes,Yes,No,No,Evening,Low,Notes,2.3,4,Low
S07955,CN,No,No,Yes,No,No,Yes,Yes,Morning,Low,Mixed,3.3,7,Low
S07956,OS,No,Yes,No,No,No,Yes,Yes,Evening,High,Mixed,1.6,2,Low
S07957,DSA,Yes,No,Yes,No,Yes,Yes,Yes,Evening,Medium,Videos,4.1,5,Medium
S07958,ML,Yes,No,Yes,No,Yes,No,Yes,Morning,Medium,Mixed,3.4,6,Medium
S07959,DBMS,Yes,No,Yes,Yes,Yes,No,Yes,Morning,Medium,Notes,4.2,8,High
S07960,CN,No,No,Yes,Yes,Yes,No,Yes,Afternoon,High,Notes,3.6,5,Medium
S07961,ML,Yes,Yes,Yes,Yes,Yes,No,Yes,Night,Medium,Notes,3.1,7,High
S07962,ML,Yes,No,No,Yes,No,No,No,Night,High,Videos,0.9,3,Low
S07963,OS,No,Yes,Yes,Yes,Yes,No,Yes,Evening,High,Mixed,4.5,7,High
S07964,DBMS,No,No,Yes,Yes,Yes,No,Yes,Night,High,Videos,5.6,8,High
S07965,ML,Yes,Yes,Yes,Yes,No,No,Yes,Morning,Medium,Mixed,2.8,5,Medium
S07966,DSA,No,No,Yes,Yes,No,Yes,Yes,Morning,Medium,Videos,3.3,5,Low
S07967,DSA,Yes,No,Yes,No,Yes,No,No,Evening,Medium,Notes,2.2,7,Medium
S07968,CN,No,No,Yes,Yes,Yes,Yes,Yes,Night,High,Mixed,3.8,8,High
S07969,DBMS,Yes,Yes,Yes,Yes,Yes,Yes,Yes,Morning,High,Videos,3.6,6,High
S07970,ML,Yes,Yes,Yes,Yes,Yes,No,Yes,Night,Medium,Notes,3.3,8,Medium
S07971,OS,No,No,Yes,No,No,No,Yes,Morning,Medium,Videos,1.6,4,Low
S07972,DBMS,Yes,No,Yes,Yes,Yes,No,Yes,Afternoon,High,Videos,4.8,6,High
S07973,OS,Yes,Yes,No,Yes,Yes,No,Yes,Night,Medium,Mixed,3.8,3,Medium
S07974,OS,Yes,No,Yes,Yes,Yes,No,Yes,Evening,High,Videos,5.2,8,High
S07975,DBMS,No,No,No,Yes,Yes,No,No,Night,High,Videos,3.7,3,Medium
S07976,OS,No,No,No,No,No,No,Yes,Afternoon,Medium,Mixed,0.7,3,Low
S07977,OS,No,No,No,No,No,No,Yes,Evening,Low,Notes,0.9,3,Low
S07978,CN,No,No,No,Yes,No,No,Yes,Night,Low,Videos,2.6,4,Low
S07979,OS,No,No,No,Yes,Yes,No,Yes,Afternoon,High,Videos,2.2,6,Medium
S07980,ML,Yes,Yes,No,Yes,No,No,No,Afternoon,High,Videos,3.6,5,Medium
S07981,ML,Yes,No,Yes,Yes,No,Yes,Yes,Morning,High,Videos,3.3,8,Medium
S07982,CN,No,No,No,No,No,No,No,Evening,High,Videos,0.7,5,Low
S07983,CN,No,No,No,No,No,No,No,Morning,High,Notes,2.1,2,Low
S07984,OS,No,No,No,Yes,Yes,No,Yes,Evening,High,Notes,3.6,4,Medium
S07985,OS,No,No,No,Yes,No,Yes,Yes,Afternoon,High,Mixed,2.7,3,Low
S07986,CN,Yes,Yes,No,No,Yes,Yes,Yes,Night,High,Mixed,2.9,4,Low
S07987,OS,No,Yes,No,No,No,Yes,Yes,Night,Medium,Notes,1.8,4,Low
S07988,CN,No,Yes,No,No,No,No,No,Evening,Medium,Videos,2.9,2,Low
S07989,DBMS,No,No,No,No,No,No,No,Night,High,Notes,2.5,5,Low
S07990,DSA,No,No,No,No,Yes,No,Yes,Night,Medium,Notes,1.5,3,Low
S07991,DBMS,Yes,Yes,Yes,No,No,No,No,Evening,Medium,Videos,1.9,5,Low
S07992,CN,No,Yes,No,Yes,Yes,Yes,No,Afternoon,High,Notes,2.8,5,Medium
S07993,DBMS,Yes,No,Yes,No,Yes,Yes,Yes,Night,High,Mixed,3.1,4,Medium
S07994,ML,No,Yes,No,No,No,No,Yes,Afternoon,Low,Videos,0.9,2,Low
S07995,CN,Yes,Yes,No,No,No,No,Yes,Afternoon,High,Videos,0.6,5,Low
S07996,DSA,Yes,Yes,Yes,Yes,Yes,No,Yes,Evening,Medium,Videos,3.7,7,Medium
S07997,ML,Yes,No,Yes,Yes,No,No,Yes,Morning,Medium,Videos,2.7,6,Medium
S07998,CN,Yes,No,Yes,Yes,Yes,Yes,Yes,Morning,High,Notes,4.0,5,High
S07999,CN,Yes,No,Yes,No,No,Yes,No,Evening,Medium,Videos,0.5,4,Low
S08000,DSA,No,Yes,Yes,No,No,No,No,Morning,Medium,Mixed,3.5,7,Low
S08001,DBMS,Yes,Yes,No,No,No,No,Yes,Night,Medium,Mixed,1.2,3,Low
S08002,OS,No,No,No,No,No,No,Yes,Night,High,Mixed,1.8,4,Low
S08003,OS,Yes,No,No,Yes,Yes,Yes,No,Evening,Low,Notes,0.7,5,Low
S08004,OS,Yes,Yes,Yes,No,No,Yes,Yes,Morning,Low,Videos,2.6,5,Low
S08005,OS,No,No,No,No,No,No,Yes,Afternoon,Medium,Mixed,1.4,2,Low
S08006,DBMS,No,No,No,No,Yes,No,No,Evening,Medium,Mixed,2.0,5,Low
S08007,OS,Yes,No,No,No,Yes,No,No,Morning,Medium,Videos,2.3,4,Low
S08008,DSA,No,Yes,Yes,No,Yes,No,Yes,Afternoon,Medium,Notes,2.6,7,Medium
S08009,CN,No,Yes,No,Yes,No,No,Yes,Morning,High,Videos,2.6,5,Low
S08010,DBMS,Yes,Yes,Yes,Yes,Yes,Yes,Yes,Evening,High,Mixed,1.5,7,High
S08011,ML,No,No,Yes,No,No,No,Yes,Night,Medium,Mixed,2.7,7,Low
S08012,ML,No,No,No,Yes,Yes,Yes,Yes,Night,High,Notes,3.1,6,Medium
S08013,OS,No,Yes,No,No,No,Yes,Yes,Morning,High,Videos,2.9,3,Low
S08014,OS,Yes,Yes,Yes,Yes,Yes,No,No,Morning,High,Notes,4.2,5,High
S08015,DBMS,Yes,Yes,No,No,No,No,Yes,Evening,High,Videos,0.5,3,Low
S08016,DBMS,Yes,No,No,No,No,No,No,Morning,High,Notes,1.1,4,Low
S08017,CN,No,No,No,Yes,No,No,Yes,Evening,Low,Mixed,1.9,5,Low
S08018,ML,No,Yes,Yes,No,Yes,Yes,Yes,Evening,Medium,Videos,3.0,7,Medium
S08019,DSA,Yes,No,Yes,Yes,No,No,Yes,Evening,Medium,Videos,3.0,8,High
S08020,ML,No,No,No,No,No,Yes,Yes,Evening,High,Notes,1.6,2,Low
S08021,OS,Yes,No,No,Yes,No,Yes,Yes,Evening,Medium,Notes,1.4,5,Low
S08022,CN,Yes,No,Yes,Yes,Yes,No,Yes,Afternoon,High,Videos,5.3,7,High
S08023,DSA,No,Yes,Yes,Yes,Yes,Yes,Yes,Evening,High,Mixed,3.8,8,High
S08024,DSA,Yes,No,Yes,Yes,Yes,No,No,Night,Low,Videos,5.9,7,High
S08025,DSA,Yes,No,Yes,No,No,No,Yes,Night,High,Videos,1.3,7,Low
S08026,OS,Yes,No,Yes,Yes,No,Yes,Yes,Evening,High,Mixed,2.9,8,Medium
S08027,DSA,Yes,No,Yes,No,No,No,No,Afternoon,High,Mixed,3.2,5,Medium
S08028,DBMS,No,Yes,Yes,No,Yes,Yes,Yes,Evening,Medium,Notes,1.8,4,Low
S08029,OS,No,No,No,No,No,No,Yes,Evening,Medium,Videos,2.6,4,Low
S08030,DSA,Yes,No,No,No,Yes,No,Yes,Evening,High,Mixed,2.2,4,Low
S08031,CN,Yes,Yes,Yes,No,Yes,Yes,Yes,Morning,High,Videos,3.2,5,High
S08032,ML,Yes,No,Yes,No,Yes,No,Yes,Evening,High,Notes,4.3,7,Medium
S08033,ML,Yes,Yes,Yes,No,Yes,No,Yes,Morning,High,Mixed,2.7,5,Medium
S08034,DSA,Yes,No,No,No,Yes,No,Yes,Night,Medium,Mixed,1.6,3,Low
S08035,OS,Yes,Yes,Yes,No,Yes,No,No,Afternoon,High,Notes,2.7,7,High
S08036,DBMS,No,Yes,Yes,No,Yes,Yes,Yes,Morning,High,Notes,2.8,4,High
S08037,DBMS,Yes,Yes,Yes,Yes,No,No,Yes,Evening,Low,Videos,2.2,6,Medium
S08038,DBMS,Yes,No,Yes,Yes,Yes,No,No,Night,High,Mixed,4.2,6,High
S08039,CN,Yes,No,No,Yes,No,No,No,Evening,Low,Mixed,2.0,6,Low
S08040,DBMS,No,No,No,No,No,No,No,Afternoon,High,Mixed,1.3,4,Low
S08041,OS,Yes,Yes,Yes,No,No,No,Yes,Evening,High,Notes,2.3,5,Low
S08042,DBMS,Yes,No,No,Yes,Yes,No,No,Evening,High,Mixed,3.6,3,Medium
S08043,DBMS,No,No,No,Yes,Yes,No,Yes,Night,Medium,Videos,3.2,5,Low
S08044,OS,Yes,Yes,Yes,No,Yes,No,Yes,Evening,High,Videos,3.5,6,Medium
S08045,DBMS,No,No,Yes,Yes,Yes,No,Yes,Morning,High,Mixed,3.7,6,High
S08046,CN,Yes,Yes,Yes,No,Yes,Yes,Yes,Evening,High,Mixed,3.5,5,Medium
S08047,DBMS,No,Yes,No,No,Yes,No,Yes,Evening,Low,Mixed,3.9,3,Low
S08048,DBMS,No,No,Yes,Yes,No,Yes,Yes,Morning,High,Notes,4.4,7,Medium
S08049,CN,Yes,No,Yes,Yes,No,No,No,Night,High,Mixed,2.5,7,Medium
S08050,CN,No,No,No,Yes,Yes,Yes,No,Morning,High,Notes,3.9,5,High
S08051,DBMS,Yes,No,Yes,Yes,Yes,Yes,No,Morning,High,Mixed,4.3,7,High
S08052,OS,No,Yes,Yes,Yes,Yes,No,Yes,Morning,High,Notes,3.9,6,High
S08053,CN,No,No,Yes,No,No,No,Yes,Afternoon,Medium,Videos,3.2,5,Low
S08054,ML,No,Yes,No,No,No,No,No,Night,High,Videos,2.1,5,Low
S08055,CN,No,Yes,No,No,No,No,Yes,Evening,High,Mixed,1.7,2,Low
S08056,OS,Yes,Yes,Yes,Yes,Yes,No,Yes,Morning,Medium,Mixed,3.6,6,High
S08057,CN,Yes,Yes,Yes,Yes,Yes,Yes,Yes,Night,High,Notes,3.2,6,High
S08058,ML,Yes,Yes,Yes,Yes,Yes,No,Yes,Evening,Low,Notes,4.6,8,Medium
S08059,CN,No,No,No,No,Yes,No,Yes,Evening,High,Notes,2.4,4,Low
S08060,DBMS,No,No,Yes,Yes,Yes,No,Yes,Morning,High,Notes,3.7,8,Medium
S08061,OS,No,No,No,No,No,No,No,Night,High,Mixed,1.5,4,Low
S08062,CN,Yes,Yes,Yes,No,No,No,No,Evening,Medium,Videos,2.2,7,Low
S08063,OS,Yes,No,Yes,Yes,Yes,No,No,Morning,High,Notes,3.0,6,High
S08064,DBMS,No,Yes,Yes,Yes,Yes,Yes,Yes,Evening,Medium,Videos,5.0,7,High
S08065,DBMS,No,No,No,No,No,No,Yes,Morning,Low,Notes,1.6,3,Low
S08066,DSA,Yes,No,No,No,Yes,No,Yes,Morning,Medium,Notes,0.5,4,Low
S08067,DBMS,Yes,Yes,Yes,Yes,Yes,No,No,Afternoon,High,Videos,4.6,7,High
S08068,CN,Yes,Yes,No,No,No,No,No,Evening,Low,Videos,1.8,3,Low
S08069,DSA,Yes,No,Yes,Yes,Yes,No,Yes,Night,Medium,Mixed,4.4,6,High
S08070,CN,No,Yes,No,No,No,No,Yes,Evening,High,Videos,2.5,3,Low
S08071,DSA,Yes,No,No,No,Yes,Yes,No,Evening,High,Mixed,2.0,2,Low
S08072,OS,Yes,No,Yes,No,Yes,Yes,Yes,Morning,Medium,Videos,3.2,7,Medium
S08073,DSA,Yes,Yes,Yes,Yes,Yes,No,No,Afternoon,Low,Mixed,2.7,7,High
S08074,ML,Yes,Yes,Yes,No,No,No,Yes,Evening,Medium,Notes,2.0,7,Medium
S08075,CN,No,Yes,No,No,Yes,Yes,No,Night,High,Mixed,2.9,3,Low
S08076,CN,Yes,No,Yes,Yes,Yes,No,Yes,Evening,High,Videos,3.9,8,High
S08077,DBMS,Yes,Yes,Yes,Yes,Yes,No,No,Afternoon,Medium,Videos,3.6,6,Medium
S08078,OS,Yes,Yes,Yes,Yes,Yes,No,Yes,Morning,High,Notes,4.1,7,High
S08079,CN,No,Yes,No,No,No,No,No,Morning,Medium,Mixed,0.7,3,Low
S08080,OS,No,No,No,No,No,No,No,Morning,Low,Mixed,1.0,5,Low
S08081,ML,Yes,No,Yes,Yes,No,No,No,Evening,Low,Mixed,4.0,6,Low
S08082,CN,Yes,No,Yes,Yes,Yes,No,Yes,Morning,High,Mixed,2.4,7,High
S08083,CN,Yes,No,No,No,No,Yes,Yes,Morning,High,Mixed,1.0,3,Low
S08084,DBMS,Yes,No,Yes,No,Yes,No,Yes,Evening,Medium,Mixed,3.2,7,High
S08085,DBMS,Yes,No,No,No,No,No,Yes,Morning,High,Notes,1.9,3,Low
S08086,DBMS,No,Yes,No,No,No,Yes,No,Afternoon,High,Videos,0.7,5,Low
S08087,DBMS,No,Yes,Yes,Yes,Yes,No,Yes,Night,High,Notes,4.3,6,High
S08088,DBMS,Yes,No,Yes,Yes,No,No,No,Night,Low,Mixed,3.3,6,Low
S08089,OS,Yes,Yes,Yes,No,No,No,Yes,Night,Medium,Videos,3.6,4,Low
S08090,CN,Yes,Yes,Yes,No,Yes,No,Yes,Morning,Low,Mixed,3.7,5,Low
S08091,OS,Yes,No,No,Yes,No,No,No,Night,High,Mixed,2.1,3,Low
S08092,ML,Yes,No,Yes,Yes,Yes,No,Yes,Evening,High,Videos,4.9,5,High
S08093,CN,Yes,Yes,Yes,Yes,Yes,No,No,Morning,Medium,Videos,3.9,7,High
S08094,DSA,No,Yes,Yes,Yes,Yes,No,No,Afternoon,High,Notes,4.3,6,High
S08095,OS,Yes,Yes,Yes,No,No,Yes,No,Morning,Low,Videos,2.0,6,Low
S08096,DBMS,No,Yes,Yes,Yes,No,No,Yes,Afternoon,Medium,Mixed,2.5,7,Medium
S08097,CN,Yes,Yes,Yes,Yes,No,No,No,Morning,Low,Notes,1.9,7,Medium
S08098,DSA,Yes,Yes,Yes,No,Yes,No,Yes,Afternoon,Low,Videos,2.6,6,Low
S08099,CN,Yes,No,No,Yes,No,No,Yes,Morning,High,Videos,2.3,3,Medium
S08100,DSA,No,Yes,No,Yes,Yes,Yes,Yes,Afternoon,Medium,Mixed,2.4,3,High
S08101,OS,Yes,Yes,Yes,No,No,No,Yes,Afternoon,High,Mixed,2.7,6,Medium
S08102,CN,Yes,No,No,Yes,No,Yes,Yes,Night,High,Videos,2.1,3,Low
S08103,OS,No,Yes,No,Yes,No,No,No,Afternoon,High,Videos,2.3,6,Low
S08104,ML,No,Yes,Yes,Yes,Yes,No,Yes,Night,Low,Mixed,5.0,7,Medium
S08105,DBMS,No,Yes,Yes,No,Yes,No,Yes,Night,Medium,Mixed,4.4,7,Low
S08106,CN,Yes,No,Yes,No,Yes,No,No,Evening,High,Mixed,1.8,4,Low
S08107,OS,Yes,Yes,Yes,Yes,Yes,No,No,Evening,High,Mixed,2.9,6,High
S08108,OS,No,Yes,Yes,Yes,No,No,No,Evening,High,Notes,3.5,8,Medium
S08109,DSA,Yes,No,Yes,No,Yes,Yes,No,Night,Medium,Videos,2.8,4,Medium
S08110,ML,Yes,No,Yes,Yes,No,No,No,Night,Medium,Videos,2.0,8,Low
S08111,CN,Yes,No,Yes,Yes,Yes,No,Yes,Evening,Medium,Videos,4.2,8,High
S08112,ML,Yes,No,Yes,Yes,No,No,Yes,Night,Medium,Notes,2.3,5,Low
S08113,ML,No,No,Yes,Yes,No,Yes,Yes,Night,Medium,Videos,3.9,7,Medium
S08114,DBMS,No,Yes,No,No,No,No,Yes,Evening,High,Mixed,2.4,3,Low
S08115,OS,Yes,Yes,Yes,Yes,Yes,Yes,Yes,Afternoon,High,Mixed,4.9,5,High
S08116,DSA,No,Yes,Yes,Yes,Yes,Yes,Yes,Evening,High,Mixed,3.3,5,High
S08117,CN,Yes,Yes,Yes,No,Yes,No,No,Afternoon,High,Mixed,3.1,7,High
S08118,DBMS,Yes,Yes,No,No,No,No,Yes,Night,High,Notes,2.5,2,Low
S08119,DBMS,Yes,Yes,Yes,Yes,Yes,No,No,Afternoon,Medium,Videos,2.0,5,Medium
S08120,CN,No,No,No,No,No,Yes,Yes,Evening,High,Videos,0.5,3,Low
S08121,DBMS,Yes,No,No,No,No,No,Yes,Afternoon,Medium,Mixed,2.0,3,Low
S08122,CN,Yes,Yes,Yes,Yes,Yes,No,No,Morning,Medium,Videos,5.3,5,Medium
S08123,ML,No,No,Yes,No,No,No,Yes,Night,Low,Notes,0.5,5,Low
S08124,OS,Yes,Yes,Yes,No,No,Yes,Yes,Evening,High,Notes,1.5,7,Medium
S08125,OS,No,No,Yes,Yes,No,No,Yes,Afternoon,Medium,Notes,3.0,6,Medium
S08126,DSA,Yes,Yes,No,No,Yes,No,Yes,Evening,Low,Mixed,2.2,5,Low
S08127,OS,Yes,Yes,No,No,No,No,Yes,Morning,High,Videos,3.2,4,Low
S08128,CN,No,Yes,Yes,Yes,Yes,Yes,Yes,Morning,High,Notes,4.8,7,High
S08129,DSA,Yes,No,Yes,Yes,No,No,Yes,Morning,High,Videos,3.7,7,Medium
S08130,OS,Yes,Yes,No,No,No,No,No,Night,Medium,Videos,0.5,4,Low
S08131,CN,No,No,No,No,No,Yes,Yes,Night,High,Notes,1.5,2,Low
S08132,DBMS,No,Yes,Yes,Yes,No,No,Yes,Night,Medium,Notes,4.0,6,Low
S08133,CN,No,Yes,No,No,Yes,No,No,Evening,Medium,Videos,1.1,4,Low
S08134,ML,No,Yes,Yes,No,Yes,No,Yes,Evening,Medium,Notes,2.7,6,High
S08135,ML,Yes,No,No,Yes,No,Yes,Yes,Afternoon,Low,Mixed,2.2,6,Low
S08136,DSA,Yes,Yes,No,Yes,No,No,Yes,Evening,High,Videos,1.7,3,Low
S08137,CN,Yes,Yes,Yes,No,No,No,Yes,Evening,High,Videos,3.1,6,Low
S08138,DBMS,Yes,No,Yes,No,Yes,No,Yes,Night,High,Mixed,3.9,7,Medium
S08139,OS,No,No,Yes,Yes,No,No,Yes,Night,High,Mixed,2.6,7,Low
S08140,DBMS,Yes,Yes,No,Yes,Yes,No,Yes,Night,High,Notes,1.9,4,Medium
S08141,DBMS,Yes,No,Yes,Yes,No,No,Yes,Night,High,Notes,3.2,7,Medium
S08142,ML,Yes,Yes,Yes,Yes,Yes,No,No,Night,Medium,Videos,4.2,6,Medium
S08143,DBMS,Yes,No,No,Yes,No,Yes,Yes,Afternoon,High,Videos,4.0,5,Low
S08144,ML,Yes,Yes,Yes,No,No,No,Yes,Afternoon,High,Mixed,2.5,4,Low
S08145,DBMS,Yes,No,Yes,Yes,Yes,Yes,Yes,Evening,Medium,Videos,3.6,8,High
S08146,CN,Yes,Yes,No,No,No,No,Yes,Morning,Low,Mixed,0.8,4,Low
S08147,ML,Yes,No,Yes,No,No,No,Yes,Night,Medium,Notes,2.7,4,Low
S08148,OS,Yes,No,Yes,No,Yes,No,No,Evening,High,Mixed,2.9,6,Low
S08149,DSA,No,No,Yes,Yes,Yes,Yes,No,Morning,Low,Videos,4.6,6,Medium
S08150,DSA,Yes,No,Yes,No,Yes,Yes,Yes,Evening,Medium,Notes,3.3,6,Medium
S08151,ML,Yes,No,Yes,Yes,Yes,Yes,Yes,Evening,Medium,Notes,3.8,7,High
S08152,ML,Yes,Yes,Yes,Yes,Yes,No,Yes,Evening,Medium,Mixed,3.1,5,High
S08153,CN,Yes,Yes,No,No,Yes,Yes,Yes,Afternoon,High,Mixed,2.5,4,Medium
S08154,DSA,No,Yes,Yes,No,No,Yes,Yes,Evening,High,Mixed,2.4,6,Low
S08155,OS,No,No,Yes,No,No,No,Yes,Afternoon,High,Mixed,3.1,7,Low
S08156,DSA,No,Yes,No,Yes,Yes,No,No,Evening,Medium,Videos,1.6,3,Low
S08157,DBMS,No,No,Yes,No,No,No,Yes,Evening,High,Notes,2.8,5,Low
S08158,OS,Yes,No,No,Yes,Yes,No,No,Night,High,Mixed,3.6,6,High
S08159,ML,Yes,No,Yes,No,No,No,Yes,Morning,Medium,Mixed,2.5,5,Low
S08160,OS,Yes,Yes,Yes,Yes,Yes,No,No,Night,Low,Videos,4.7,8,High
S08161,CN,Yes,No,Yes,No,Yes,No,Yes,Evening,Medium,Videos,3.5,7,Low
S08162,CN,Yes,No,Yes,No,Yes,Yes,No,Night,Low,Mixed,2.5,5,Low
S08163,DSA,Yes,No,No,Yes,No,No,No,Evening,High,Videos,1.3,3,Low
S08164,OS,Yes,No,No,No,No,No,No,Night,High,Mixed,2.4,4,Low
S08165,DBMS,Yes,Yes,Yes,No,No,Yes,Yes,Morning,Medium,Videos,2.0,5,Medium
S08166,OS,No,Yes,Yes,Yes,Yes,Yes,Yes,Morning,Medium,Mixed,3.8,8,High
S08167,ML,No,No,No,No,No,No,Yes,Morning,Medium,Mixed,1.0,4,Low
S08168,OS,No,No,Yes,Yes,Yes,Yes,Yes,Afternoon,High,Notes,4.9,6,High
S08169,CN,Yes,No,Yes,Yes,Yes,No,No,Evening,Medium,Videos,1.9,7,High
S08170,DBMS,Yes,No,Yes,Yes,Yes,Yes,No,Evening,High,Notes,4.7,8,High
S08171,CN,No,No,Yes,No,Yes,Yes,Yes,Evening,High,Videos,2.6,6,High
S08172,DBMS,No,No,Yes,Yes,No,No,Yes,Night,High,Videos,5.2,6,Medium
S08173,CN,Yes,No,No,No,No,No,Yes,Morning,High,Mixed,2.3,5,Low
S08174,DBMS,Yes,No,Yes,No,No,No,Yes,Afternoon,High,Videos,1.8,7,Medium
S08175,DBMS,Yes,Yes,Yes,No,Yes,No,Yes,Afternoon,High,Videos,4.5,7,High
S08176,DSA,No,Yes,Yes,Yes,Yes,Yes,Yes,Evening,Medium,Notes,3.3,5,High
S08177,CN,No,Yes,No,No,No,Yes,Yes,Morning,High,Mixed,2.0,2,Low
S08178,DBMS,Yes,Yes,No,Yes,Yes,No,No,Afternoon,High,Mixed,3.3,3,Medium
S08179,DBMS,Yes,No,Yes,No,Yes,Yes,Yes,Evening,High,Notes,5.1,7,High
S08180,DSA,Yes,No,No,Yes,Yes,No,No,Morning,Medium,Videos,2.0,6,Low
S08181,ML,Yes,Yes,No,Yes,No,No,No,Night,Medium,Videos,0.5,3,Low
S08182,ML,No,Yes,Yes,No,Yes,Yes,Yes,Night,High,Mixed,2.0,5,High
S08183,OS,Yes,Yes,Yes,Yes,Yes,No,No,Night,Medium,Videos,3.9,8,High
S08184,CN,Yes,No,No,Yes,No,No,No,Evening,Medium,Notes,1.3,6,Low
S08185,ML,Yes,No,Yes,Yes,No,Yes,Yes,Evening,High,Mixed,2.0,5,High
S08186,DBMS,No,Yes,Yes,Yes,Yes,No,Yes,Morning,High,Notes,3.6,8,High
S08187,ML,Yes,Yes,Yes,No,Yes,No,Yes,Night,High,Mixed,3.9,4,Medium
S08188,CN,Yes,Yes,Yes,Yes,No,No,Yes,Morning,High,Mixed,0.7,8,High
S08189,OS,No,No,No,Yes,No,No,Yes,Evening,Medium,Mixed,2.5,6,Low
S08190,ML,No,No,No,No,No,No,No,Morning,High,Notes,1.7,3,Low
S08191,DBMS,No,No,No,Yes,Yes,No,Yes,Night,Medium,Videos,3.6,4,Low
S08192,ML,No,Yes,No,Yes,Yes,No,No,Evening,High,Videos,2.0,5,Medium
S08193,CN,Yes,Yes,No,Yes,No,Yes,No,Morning,High,Videos,3.9,4,Low
S08194,CN,No,Yes,Yes,No,No,No,Yes,Morning,High,Mixed,2.7,5,Low
S08195,CN,No,Yes,No,No,No,Yes,No,Afternoon,High,Notes,1.9,3,Low
S08196,DBMS,Yes,Yes,Yes,No,Yes,No,No,Night,High,Notes,2.6,7,Medium
S08197,DSA,No,Yes,Yes,No,Yes,No,Yes,Morning,Medium,Videos,4.1,4,Low
S08198,DBMS,Yes,Yes,No,No,No,Yes,Yes,Evening,Medium,Videos,3.7,2,Medium
S08199,OS,Yes,No,No,No,No,No,Yes,Afternoon,High,Mixed,1.2,4,Low
S08200,ML,Yes,Yes,Yes,No,Yes,Yes,No,Evening,Low,Videos,3.3,5,Low
S08201,DBMS,Yes,No,Yes,No,No,Yes,Yes,Night,Medium,Videos,3.0,7,Medium
S08202,DSA,No,Yes,Yes,No,No,No,Yes,Night,Medium,Notes,3.8,4,Low
S08203,ML,Yes,Yes,No,Yes,No,No,Yes,Evening,Low,Mixed,3.2,4,Low
S08204,ML,Yes,Yes,Yes,Yes,Yes,No,Yes,Evening,High,Videos,4.4,7,High
S08205,DSA,Yes,Yes,Yes,No,No,No,Yes,Afternoon,Medium,Videos,3.0,4,Low
S08206,ML,Yes,Yes,Yes,Yes,Yes,No,Yes,Night,High,Mixed,4.7,5,High
S08207,CN,Yes,No,No,Yes,No,No,No,Night,High,Notes,3.2,3,Low
S08208,OS,Yes,No,No,Yes,Yes,No,No,Afternoon,High,Videos,3.9,3,Medium
S08209,ML,No,Yes,No,Yes,No,No,No,Evening,High,Mixed,1.8,6,Low
S08210,OS,No,Yes,No,No,No,No,Yes,Night,High,Videos,4.0,4,Low
S08211,ML,Yes,Yes,Yes,Yes,Yes,No,Yes,Night,Medium,Videos,4.2,8,Medium
S08212,DSA,No,No,Yes,No,Yes,No,Yes,Evening,Medium,Notes,3.6,5,High
S08213,DSA,No,Yes,Yes,Yes,Yes,No,Yes,Evening,Medium,Mixed,4.8,5,High
S08214,ML,Yes,Yes,Yes,Yes,Yes,No,No,Evening,High,Notes,4.4,6,Medium
S08215,DBMS,Yes,No,No,Yes,Yes,No,No,Morning,Low,Videos,3.8,3,Low
S08216,OS,Yes,No,Yes,Yes,Yes,No,Yes,Night,High,Notes,3.4,6,High
S08217,DSA,No,No,No,No,No,No,Yes,Morning,High,Notes,1.6,2,Low
S08218,DSA,Yes,Yes,Yes,Yes,Yes,No,Yes,Afternoon,High,Videos,3.9,8,High
S08219,OS,Yes,Yes,Yes,Yes,Yes,Yes,Yes,Evening,High,Videos,4.8,7,High
S08220,DBMS,No,Yes,No,No,Yes,No,No,Evening,High,Notes,2.2,3,Low
S08221,OS,Yes,No,Yes,No,No,No,Yes,Morning,High,Mixed,2.7,7,Low
S08222,OS,No,No,Yes,No,No,No,No,Evening,Medium,Mixed,2.8,4,Low
S08223,DBMS,Yes,Yes,No,No,No,No,Yes,Evening,Medium,Mixed,2.8,2,Medium
S08224,OS,No,No,No,No,No,No,Yes,Evening,High,Videos,0.5,4,Low
S08225,DSA,Yes,Yes,Yes,Yes,Yes,No,No,Evening,High,Notes,4.3,6,High
S08226,DBMS,Yes,No,Yes,Yes,No,Yes,No,Morning,High,Videos,3.0,6,Medium
S08227,DSA,No,Yes,No,No,No,Yes,No,Night,Medium,Notes,0.5,3,Low
S08228,OS,Yes,Yes,Yes,Yes,No,No,Yes,Night,Medium,Mixed,2.3,5,Medium
S08229,OS,No,Yes,Yes,No,No,Yes,Yes,Evening,High,Videos,1.5,6,Low
S08230,DBMS,No,No,Yes,Yes,Yes,No,Yes,Evening,Low,Mixed,3.5,6,High
S08231,ML,Yes,Yes,Yes,Yes,No,No,No,Evening,High,Mixed,2.6,6,High
S08232,ML,Yes,Yes,No,No,No,No,Yes,Night,Medium,Mixed,1.6,3,Low
S08233,CN,No,No,Yes,No,No,No,No,Afternoon,High,Mixed,3.2,5,Low
S08234,DSA,Yes,No,No,No,No,No,Yes,Evening,Low,Videos,1.7,4,Low
S08235,DBMS,No,No,No,Yes,No,Yes,Yes,Evening,Medium,Mixed,1.7,3,Medium
S08236,OS,Yes,No,Yes,No,No,Yes,Yes,Morning,High,Notes,2.7,5,Medium
S08237,ML,No,No,No,No,Yes,No,No,Evening,High,Notes,2.7,4,Low
S08238,ML,Yes,No,No,Yes,No,No,Yes,Night,High,Mixed,3.4,6,Low
S08239,DSA,No,Yes,No,No,No,Yes,Yes,Morning,High,Mixed,0.8,3,Low
S08240,OS,Yes,Yes,Yes,Yes,No,Yes,Yes,Afternoon,High,Mixed,4.8,5,Medium
S08241,OS,Yes,Yes,Yes,No,No,No,Yes,Evening,High,Notes,2.7,6,Low
S08242,OS,No,Yes,Yes,Yes,No,No,Yes,Afternoon,High,Mixed,3.4,6,Medium
S08243,DSA,No,Yes,Yes,No,Yes,No,No,Morning,High,Mixed,2.5,6,Low
S08244,OS,Yes,Yes,Yes,Yes,Yes,No,No,Night,Medium,Notes,2.7,6,High
S08245,ML,No,Yes,Yes,Yes,Yes,No,No,Evening,High,Notes,2.6,5,High
S08246,CN,Yes,No,No,Yes,No,No,Yes,Afternoon,Low,Notes,3.9,3,Low
S08247,OS,Yes,No,No,Yes,Yes,No,Yes,Evening,Low,Mixed,4.2,5,Low
S08248,OS,Yes,Yes,Yes,No,Yes,No,Yes,Morning,High,Mixed,3.7,4,High
S08249,DSA,Yes,No,No,Yes,No,No,Yes,Afternoon,High,Videos,1.3,3,Low
S08250,DSA,Yes,Yes,Yes,Yes,Yes,Yes,Yes,Evening,High,Mixed,3.8,6,High
S08251,ML,Yes,Yes,Yes,No,Yes,No,Yes,Afternoon,Medium,Notes,1.8,4,Low
S08252,ML,Yes,Yes,No,Yes,No,Yes,Yes,Night,Medium,Videos,1.8,5,Low
S08253,DBMS,No,No,Yes,Yes,Yes,No,Yes,Afternoon,High,Videos,2.5,6,High
S08254,CN,No,Yes,Yes,Yes,Yes,No,Yes,Afternoon,High,Notes,3.5,7,High
S08255,DBMS,No,No,No,No,No,Yes,Yes,Evening,Medium,Videos,1.2,5,Low
S08256,ML,Yes,Yes,No,No,Yes,No,Yes,Night,High,Videos,1.5,2,Low
S08257,ML,No,No,No,Yes,No,No,Yes,Morning,High,Notes,1.5,5,Low
S08258,DBMS,Yes,Yes,Yes,No,No,No,No,Evening,Medium,Notes,2.4,4,Low
S08259,DSA,No,Yes,Yes,Yes,No,No,No,Evening,High,Videos,3.8,8,Low
S08260,DBMS,Yes,No,Yes,Yes,Yes,No,Yes,Night,High,Mixed,5.1,7,High
S08261,CN,Yes,No,Yes,Yes,Yes,Yes,Yes,Morning,Low,Notes,3.3,8,High
S08262,DSA,Yes,No,No,No,No,No,Yes,Night,High,Videos,2.0,4,Low
S08263,DSA,No,No,Yes,No,No,No,No,Morning,Medium,Videos,3.0,7,Low
S08264,DSA,No,Yes,No,Yes,No,No,Yes,Night,High,Mixed,2.6,4,Low
S08265,DSA,No,Yes,Yes,No,Yes,No,No,Morning,High,Notes,3.9,7,Medium
S08266,OS,No,No,No,Yes,Yes,No,Yes,Evening,Medium,Mixed,3.0,6,Medium
S08267,CN,No,Yes,Yes,No,Yes,No,Yes,Afternoon,High,Mixed,3.1,6,Medium
S08268,CN,Yes,Yes,Yes,Yes,Yes,Yes,No,Afternoon,Medium,Videos,4.4,7,High
S08269,ML,No,Yes,Yes,Yes,No,No,No,Evening,High,Videos,5.0,6,Low
S08270,DSA,Yes,No,No,No,No,Yes,Yes,Evening,Low,Notes,0.5,4,Low
S08271,CN,Yes,Yes,Yes,No,No,No,Yes,Evening,Medium,Videos,2.7,5,Medium
S08272,DSA,Yes,No,No,No,No,Yes,No,Night,High,Notes,1.1,3,Low
S08273,ML,No,Yes,Yes,Yes,Yes,No,No,Afternoon,High,Videos,2.9,7,High
S08274,DBMS,No,Yes,No,No,No,No,No,Morning,Low,Mixed,2.0,4,Low
S08275,DBMS,Yes,Yes,No,No,Yes,No,Yes,Morning,Medium,Videos,1.8,4,Low
S08276,CN,Yes,Yes,Yes,No,No,No,Yes,Night,High,Mixed,2.1,5,Medium
S08277,ML,Yes,Yes,No,Yes,Yes,Yes,No,Evening,Medium,Notes,3.2,5,Medium
S08278,DSA,No,No,No,Yes,No,No,Yes,Evening,High,Notes,3.0,5,Medium
S08279,DSA,No,Yes,No,No,Yes,No,Yes,Night,High,Videos,1.1,5,Low
S08280,CN,Yes,Yes,No,Yes,No,No,Yes,Evening,High,Mixed,2.5,6,Medium
S08281,OS,Yes,Yes,Yes,No,Yes,Yes,Yes,Afternoon,High,Mixed,4.4,6,High
S08282,DBMS,Yes,Yes,Yes,Yes,Yes,No,Yes,Morning,High,Mixed,4.0,8,High
S08283,DBMS,Yes,No,Yes,No,Yes,No,No,Afternoon,Medium,Videos,3.0,7,Medium
S08284,DBMS,Yes,Yes,Yes,Yes,Yes,No,Yes,Evening,High,Notes,3.7,8,High
S08285,ML,Yes,No,Yes,No,No,No,No,Morning,Medium,Mixed,0.7,6,Low
S08286,ML,Yes,Yes,Yes,No,Yes,No,Yes,Night,Low,Videos,1.4,4,Low
S08287,DSA,Yes,Yes,No,Yes,Yes,No,No,Evening,High,Mixed,3.8,3,Medium
S08288,ML,No,No,No,No,Yes,No,No,Night,Medium,Mixed,3.9,3,Low
S08289,DSA,Yes,Yes,Yes,Yes,No,Yes,Yes,Evening,Low,Mixed,4.7,8,Medium
S08290,DSA,Yes,No,No,No,Yes,Yes,No,Evening,High,Notes,3.8,2,Low
S08291,OS,No,No,Yes,Yes,No,No,Yes,Evening,High,Videos,3.0,6,Medium
S08292,OS,No,Yes,Yes,Yes,Yes,No,Yes,Evening,High,Videos,3.8,7,High
S08293,DBMS,Yes,No,No,Yes,No,No,No,Evening,Medium,Mixed,1.2,3,Low
S08294,DBMS,Yes,Yes,Yes,No,Yes,No,Yes,Evening,Medium,Notes,2.2,6,Medium
S08295,DBMS,No,No,No,Yes,No,Yes,Yes,Night,Medium,Videos,3.0,5,Low
S08296,OS,Yes,No,No,No,No,No,Yes,Night,High,Mixed,0.9,4,Medium
S08297,DSA,No,Yes,Yes,No,Yes,Yes,Yes,Evening,Low,Mixed,2.6,5,Low
S08298,DBMS,Yes,Yes,Yes,No,No,No,No,Night,High,Videos,2.2,5,Low
S08299,DBMS,Yes,No,No,No,Yes,Yes,No,Afternoon,High,Mixed,2.9,2,Low
S08300,DSA,Yes,Yes,Yes,Yes,No,No,Yes,Afternoon,High,Mixed,3.3,8,High
S08301,DSA,No,No,No,Yes,Yes,No,No,Evening,Medium,Videos,2.4,5,Low
S08302,OS,Yes,Yes,Yes,Yes,No,No,Yes,Afternoon,High,Videos,3.3,8,Medium
S08303,ML,Yes,Yes,Yes,Yes,No,Yes,No,Evening,High,Mixed,4.1,5,High
S08304,CN,Yes,Yes,Yes,Yes,Yes,No,Yes,Night,High,Mixed,3.4,6,High
S08305,OS,No,No,No,No,No,Yes,Yes,Morning,High,Mixed,0.6,3,Low
S08306,DBMS,Yes,No,Yes,Yes,No,No,No,Evening,High,Notes,2.5,6,Medium
S08307,DSA,No,No,No,No,No,No,No,Morning,Medium,Mixed,3.3,3,Low
S08308,DSA,No,Yes,No,No,No,Yes,No,Morning,Low,Notes,0.8,3,Low
S08309,CN,Yes,Yes,Yes,Yes,No,No,Yes,Morning,High,Notes,3.3,5,Medium
S08310,CN,No,Yes,No,No,Yes,Yes,Yes,Afternoon,Low,Videos,0.5,5,Low
S08311,ML,No,Yes,Yes,Yes,No,No,Yes,Night,High,Videos,5.4,8,Medium
S08312,ML,Yes,Yes,No,No,Yes,No,Yes,Evening,High,Notes,1.6,2,Low
S08313,ML,Yes,No,Yes,No,No,No,No,Morning,High,Mixed,2.9,6,Low
S08314,DBMS,Yes,Yes,No,Yes,No,No,No,Night,Medium,Notes,2.2,5,Low
S08315,CN,Yes,Yes,No,No,No,No,No,Evening,High,Mixed,0.8,3,Low
S08316,ML,Yes,No,Yes,Yes,No,Yes,Yes,Evening,Medium,Videos,3.9,8,High
S08317,DSA,No,Yes,No,Yes,No,No,Yes,Evening,Medium,Videos,1.8,3,Low
S08318,DSA,No,No,No,Yes,No,No,No,Night,High,Videos,3.2,3,Medium
S08319,DBMS,Yes,Yes,Yes,Yes,Yes,No,Yes,Evening,Medium,Notes,6.3,7,High
S08320,DBMS,Yes,Yes,Yes,No,Yes,Yes,Yes,Evening,High,Notes,3.9,4,High
S08321,DBMS,Yes,No,No,No,No,Yes,No,Morning,Medium,Mixed,0.7,2,Low
S08322,DSA,Yes,No,Yes,No,Yes,No,Yes,Morning,High,Notes,2.9,6,Medium
S08323,CN,Yes,No,Yes,Yes,No,No,Yes,Afternoon,High,Videos,1.8,5,High
S08324,CN,No,Yes,No,Yes,Yes,No,No,Evening,Medium,Videos,0.8,6,Medium
S08325,DBMS,No,Yes,No,Yes,No,No,Yes,Night,Low,Mixed,1.1,4,Low
S08326,ML,Yes,No,Yes,Yes,Yes,No,No,Morning,Medium,Mixed,4.0,7,High
S08327,CN,No,Yes,No,No,No,No,Yes,Night,High,Videos,1.8,2,Low
S08328,OS,Yes,Yes,No,Yes,Yes,No,Yes,Afternoon,Low,Videos,3.2,6,Low
S08329,DSA,No,Yes,No,Yes,No,Yes,No,Night,High,Mixed,2.7,3,Medium
S08330,OS,Yes,Yes,Yes,Yes,Yes,No,Yes,Afternoon,High,Notes,4.0,6,High
S08331,CN,Yes,Yes,Yes,Yes,Yes,No,Yes,Evening,High,Notes,4.6,5,High
S08332,OS,No,No,Yes,No,No,No,Yes,Evening,High,Videos,2.7,4,Medium
S08333,ML,Yes,Yes,No,No,Yes,No,Yes,Night,High,Videos,1.4,3,Low
S08334,CN,Yes,No,No,No,No,No,Yes,Afternoon,Low,Mixed,2.3,3,Low
S08335,ML,Yes,Yes,No,No,No,No,Yes,Night,High,Notes,0.5,5,Low
S08336,OS,No,Yes,No,No,No,No,No,Night,High,Notes,0.7,2,Low
S08337,DSA,No,Yes,Yes,No,No,No,Yes,Evening,High,Mixed,4.4,6,Low
S08338,ML,Yes,No,No,No,Yes,No,No,Morning,High,Mixed,1.2,4,Low
S08339,ML,Yes,No,Yes,No,No,No,Yes,Evening,High,Videos,3.3,4,Low
S08340,DBMS,No,No,No,Yes,No,No,Yes,Afternoon,High,Mixed,2.8,3,Low
S08341,DSA,Yes,Yes,No,No,No,No,Yes,Morning,High,Notes,0.5,2,Low
S08342,DBMS,Yes,No,No,Yes,No,No,Yes,Evening,High,Videos,4.7,6,Low
S08343,OS,No,Yes,No,No,No,No,No,Afternoon,High,Notes,1.3,4,Low
S08344,ML,Yes,No,No,Yes,No,Yes,Yes,Afternoon,High,Notes,1.9,6,High
S08345,DBMS,No,No,Yes,No,No,No,Yes,Night,Medium,Mixed,2.2,5,Low
S08346,CN,Yes,Yes,Yes,No,No,No,No,Morning,High,Mixed,2.9,7,Low
S08347,CN,No,No,Yes,Yes,Yes,No,Yes,Evening,High,Videos,3.3,8,High
S08348,DSA,Yes,No,Yes,Yes,No,No,No,Evening,Medium,Mixed,2.0,8,Low
S08349,DSA,Yes,Yes,Yes,No,No,No,No,Evening,High,Notes,3.1,6,Low
S08350,OS,Yes,Yes,Yes,No,No,Yes,No,Evening,High,Mixed,1.4,4,Low
S08351,DBMS,No,Yes,No,No,Yes,No,Yes,Night,Medium,Videos,0.8,5,Low
S08352,ML,No,No,Yes,Yes,Yes,No,No,Afternoon,High,Mixed,3.3,6,High
S08353,CN,No,No,No,No,No,No,No,Evening,High,Mixed,3.6,5,Low
S08354,OS,Yes,Yes,No,No,Yes,Yes,Yes,Afternoon,High,Notes,1.7,4,Low
S08355,DBMS,Yes,Yes,Yes,No,Yes,No,No,Afternoon,High,Videos,4.6,5,Medium
S08356,DSA,No,Yes,Yes,No,Yes,Yes,Yes,Evening,High,Mixed,3.0,5,Medium
S08357,DSA,No,Yes,Yes,Yes,Yes,Yes,No,Afternoon,Medium,Videos,4.0,5,High
S08358,OS,Yes,Yes,Yes,No,No,No,No,Evening,Medium,Notes,2.7,4,Low
S08359,DSA,No,Yes,No,Yes,Yes,No,Yes,Night,Medium,Notes,2.3,5,Medium
S08360,DSA,Yes,Yes,No,Yes,Yes,Yes,Yes,Afternoon,High,Videos,2.9,6,Medium
S08361,DSA,Yes,No,Yes,No,No,Yes,No,Evening,Low,Mixed,3.0,6,Low
S08362,DBMS,No,No,Yes,Yes,Yes,Yes,No,Evening,High,Notes,4.1,8,High
S08363,ML,Yes,Yes,Yes,No,No,No,Yes,Afternoon,Medium,Mixed,1.9,5,Medium
S08364,DSA,Yes,No,Yes,No,Yes,Yes,Yes,Evening,High,Videos,4.0,7,High
S08365,OS,Yes,Yes,No,Yes,No,No,No,Night,High,Videos,0.6,6,Low
S08366,ML,No,Yes,No,No,Yes,Yes,No,Afternoon,Medium,Mixed,2.7,4,Low
S08367,DSA,Yes,No,No,No,Yes,No,No,Evening,Low,Notes,2.5,2,Low
S08368,OS,No,No,No,No,Yes,Yes,Yes,Evening,Medium,Notes,2.2,2,Low
S08369,DSA,Yes,Yes,Yes,Yes,Yes,No,Yes,Evening,High,Mixed,4.9,7,High
S08370,DBMS,Yes,Yes,Yes,Yes,No,No,Yes,Evening,High,Videos,3.7,6,Medium
S08371,ML,Yes,No,No,Yes,No,No,No,Afternoon,High,Mixed,0.5,4,Low
S08372,OS,Yes,Yes,No,No,No,Yes,Yes,Evening,High,Videos,2.2,2,Low
S08373,CN,Yes,No,Yes,No,No,Yes,Yes,Morning,High,Videos,2.5,5,Medium
S08374,OS,Yes,Yes,Yes,Yes,Yes,No,No,Morning,High,Mixed,4.0,8,High
S08375,OS,No,Yes,No,Yes,No,No,No,Morning,High,Videos,2.5,5,Low
S08376,DSA,Yes,Yes,Yes,No,No,No,Yes,Morning,Medium,Mixed,2.6,6,Low
S08377,DBMS,No,No,No,No,Yes,No,Yes,Morning,High,Notes,1.1,4,Low
S08378,OS,No,Yes,Yes,Yes,Yes,No,No,Morning,High,Videos,3.4,7,Medium
S08379,CN,Yes,No,Yes,Yes,Yes,No,Yes,Evening,High,Notes,4.7,5,High
S08380,OS,Yes,No,Yes,Yes,No,No,Yes,Morning,Medium,Videos,3.3,7,Medium
S08381,DSA,Yes,Yes,Yes,No,No,No,Yes,Evening,Medium,Videos,2.7,4,Medium
S08382,CN,Yes,Yes,No,No,No,Yes,No,Afternoon,High,Videos,2.1,5,Low
S08383,OS,Yes,Yes,Yes,No,No,Yes,No,Night,Medium,Notes,2.3,4,Low
S08384,DBMS,Yes,No,No,Yes,Yes,No,No,Morning,Medium,Mixed,3.9,6,Medium
S08385,DBMS,Yes,No,Yes,Yes,Yes,No,No,Evening,Low,Notes,4.1,8,Medium
S08386,ML,Yes,Yes,Yes,Yes,No,No,No,Morning,Medium,Videos,2.3,7,High
S08387,ML,No,No,Yes,Yes,Yes,No,Yes,Night,Medium,Notes,3.6,5,High
S08388,OS,Yes,Yes,Yes,Yes,Yes,No,Yes,Evening,Low,Notes,3.5,6,Medium
S08389,ML,Yes,No,No,No,No,No,Yes,Night,High,Mixed,1.6,2,Low
S08390,DBMS,Yes,No,Yes,Yes,Yes,Yes,No,Morning,Medium,Videos,2.9,5,High
S08391,DSA,No,Yes,No,No,No,No,No,Evening,Medium,Videos,3.1,2,Low
S08392,OS,Yes,Yes,Yes,Yes,No,No,Yes,Morning,High,Notes,4.0,6,High
S08393,CN,Yes,Yes,No,Yes,No,Yes,Yes,Evening,Medium,Notes,2.5,3,Low
S08394,OS,No,No,No,Yes,Yes,No,No,Night,Low,Videos,3.0,4,Low
S08395,DSA,Yes,Yes,No,Yes,Yes,Yes,Yes,Evening,High,Videos,3.8,5,Medium
S08396,DSA,Yes,No,Yes,No,No,No,Yes,Evening,High,Mixed,1.1,6,Low
S08397,DSA,Yes,Yes,Yes,No,No,No,Yes,Evening,High,Videos,2.8,7,Medium
S08398,ML,No,Yes,No,No,No,No,No,Afternoon,Low,Mixed,0.5,2,Low
S08399,DBMS,No,No,No,No,Yes,No,Yes,Morning,High,Mixed,2.9,3,Low
S08400,CN,No,Yes,No,Yes,No,No,Yes,Night,Medium,Notes,1.5,3,Low
S08401,DSA,Yes,No,No,No,No,Yes,Yes,Evening,Medium,Notes,1.8,4,Low
S08402,CN,Yes,Yes,Yes,Yes,No,Yes,Yes,Night,Medium,Mixed,5.0,8,Medium
S08403,OS,Yes,Yes,No,Yes,Yes,Yes,No,Evening,High,Notes,3.9,5,Medium
S08404,ML,No,Yes,Yes,Yes,Yes,No,No,Morning,High,Videos,3.0,8,High
S08405,OS,No,Yes,No,No,Yes,Yes,No,Evening,High,Videos,2.3,5,Low
S08406,OS,No,No,Yes,No,Yes,No,Yes,Afternoon,High,Mixed,3.2,7,Medium
S08407,DBMS,Yes,Yes,No,Yes,No,No,Yes,Night,Medium,Mixed,2.3,5,Low
S08408,ML,No,Yes,No,Yes,No,No,Yes,Afternoon,High,Mixed,3.8,4,Low
S08409,ML,No,Yes,No,No,No,No,No,Evening,Medium,Videos,1.4,3,Low
S08410,DSA,No,No,No,No,No,No,Yes,Night,High,Videos,3.6,2,Low
S08411,DSA,No,No,No,No,Yes,No,No,Morning,Low,Notes,1.5,3,Low
S08412,DBMS,Yes,No,Yes,Yes,Yes,No,Yes,Night,Medium,Mixed,4.0,8,High
S08413,ML,No,No,Yes,Yes,No,No,Yes,Evening,High,Mixed,3.3,8,Medium
S08414,DBMS,Yes,Yes,Yes,No,No,Yes,Yes,Evening,High,Videos,2.8,5,Medium
S08415,DBMS,Yes,Yes,Yes,Yes,Yes,Yes,No,Morning,Medium,Mixed,4.6,6,High
S08416,DSA,No,No,Yes,Yes,No,No,Yes,Night,High,Notes,4.5,7,Medium
S08417,CN,No,Yes,No,Yes,No,Yes,No,Morning,Low,Videos,2.2,5,Low
S08418,CN,No,No,Yes,No,No,No,No,Night,Low,Videos,2.3,4,Low
S08419,OS,Yes,No,Yes,Yes,No,Yes,Yes,Evening,Medium,Notes,3.2,8,High
S08420,DSA,Yes,Yes,Yes,Yes,Yes,No,Yes,Afternoon,High,Videos,4.7,7,High
S08421,ML,Yes,No,No,Yes,No,No,Yes,Evening,High,Notes,1.2,5,Medium
S08422,DBMS,No,Yes,Yes,Yes,No,Yes,No,Evening,Low,Videos,2.9,8,Low
S08423,OS,No,No,Yes,No,No,Yes,Yes,Evening,High,Videos,4.1,6,Medium
S08424,DSA,No,Yes,No,No,No,No,Yes,Night,High,Mixed,0.5,4,Low
S08425,DSA,Yes,No,Yes,Yes,Yes,No,Yes,Night,High,Mixed,4.7,5,Medium
S08426,CN,Yes,Yes,Yes,Yes,Yes,No,Yes,Night,Medium,Mixed,5.0,8,High
S08427,DBMS,No,No,No,No,No,Yes,Yes,Morning,High,Videos,2.4,2,Low
S08428,ML,Yes,No,No,No,No,No,Yes,Afternoon,High,Mixed,1.0,3,Low
S08429,DSA,No,No,No,No,No,Yes,No,Night,High,Videos,2.4,3,Low
S08430,DSA,Yes,Yes,Yes,Yes,Yes,No,Yes,Afternoon,High,Videos,4.5,8,High
S08431,ML,Yes,No,Yes,Yes,Yes,No,Yes,Afternoon,Medium,Notes,4.4,7,Medium
S08432,DSA,Yes,No,Yes,No,No,Yes,Yes,Morning,Medium,Videos,1.5,5,Low
S08433,ML,No,No,No,No,Yes,No,No,Night,High,Mixed,1.9,5,Low
S08434,DSA,No,No,No,Yes,No,Yes,Yes,Afternoon,High,Videos,2.4,4,Low
S08435,OS,No,No,Yes,No,Yes,Yes,No,Evening,High,Notes,5.4,5,Medium
S08436,CN,No,No,No,No,No,No,No,Evening,High,Mixed,0.5,3,Low
S08437,ML,Yes,Yes,No,Yes,No,Yes,Yes,Night,High,Notes,2.2,5,Low
S08438,OS,No,No,Yes,No,Yes,No,No,Evening,High,Videos,3.5,6,Low
S08439,DBMS,No,Yes,No,No,No,No,No,Night,High,Notes,1.5,5,Low
S08440,CN,Yes,Yes,Yes,Yes,Yes,No,No,Afternoon,Low,Notes,4.0,6,Medium
S08441,DBMS,No,No,No,Yes,Yes,Yes,No,Night,High,Notes,1.4,4,Low
S08442,ML,Yes,Yes,Yes,Yes,Yes,Yes,Yes,Afternoon,Low,Videos,4.2,6,High
S08443,DSA,Yes,Yes,No,No,No,No,Yes,Afternoon,High,Videos,0.5,3,Low
S08444,DBMS,Yes,No,No,Yes,Yes,No,No,Night,High,Mixed,2.9,5,Medium
S08445,DSA,No,No,Yes,Yes,No,No,Yes,Evening,High,Videos,3.2,6,High
S08446,DBMS,Yes,Yes,No,No,Yes,No,Yes,Evening,High,Videos,3.3,3,Low
S08447,DSA,Yes,Yes,Yes,Yes,No,No,Yes,Evening,Medium,Notes,1.2,6,Medium
S08448,DSA,No,Yes,Yes,No,Yes,No,No,Night,High,Videos,1.2,5,Medium
S08449,ML,Yes,Yes,Yes,Yes,Yes,No,Yes,Evening,High,Mixed,3.3,6,High
S08450,DBMS,No,Yes,No,No,No,No,Yes,Night,High,Mixed,2.3,5,Low
S08451,OS,No,Yes,Yes,Yes,No,No,Yes,Evening,High,Mixed,3.6,6,Medium
S08452,CN,Yes,No,Yes,Yes,No,Yes,Yes,Night,Medium,Mixed,3.3,8,Medium
S08453,OS,Yes,No,Yes,Yes,No,No,Yes,Night,Low,Videos,4.5,7,Medium
S08454,OS,No,No,Yes,No,No,No,Yes,Evening,Medium,Mixed,1.8,4,Low
S08455,DSA,Yes,No,Yes,Yes,No,No,Yes,Evening,Medium,Notes,2.8,8,High
S08456,CN,Yes,No,Yes,Yes,Yes,Yes,Yes,Morning,Medium,Videos,4.4,8,High
S08457,OS,No,No,No,Yes,No,Yes,No,Night,Medium,Notes,2.6,3,Low
S08458,OS,No,Yes,Yes,No,Yes,No,Yes,Night,High,Mixed,2.5,6,Low
S08459,OS,No,No,No,Yes,Yes,No,No,Evening,High,Videos,2.4,6,Low
S08460,ML,Yes,Yes,Yes,Yes,Yes,No,Yes,Evening,High,Mixed,3.2,6,High
S08461,OS,No,Yes,No,No,No,No,Yes,Evening,Low,Videos,0.5,2,Low
S08462,OS,No,Yes,Yes,No,Yes,Yes,Yes,Afternoon,High,Videos,2.6,7,High
S08463,ML,No,Yes,Yes,No,Yes,Yes,Yes,Morning,High,Mixed,1.3,7,High
S08464,DBMS,No,Yes,No,No,No,No,Yes,Night,High,Videos,1.4,2,Low
S08465,CN,No,No,Yes,Yes,Yes,No,Yes,Morning,High,Mixed,3.7,7,High
S08466,ML,Yes,Yes,Yes,Yes,No,No,Yes,Evening,High,Notes,3.4,7,High
S08467,DSA,Yes,Yes,Yes,Yes,No,Yes,No,Afternoon,High,Mixed,4.4,8,Medium
S08468,CN,Yes,Yes,No,No,No,No,No,Morning,Low,Notes,1.4,5,Low
S08469,DBMS,Yes,No,Yes,No,Yes,No,Yes,Afternoon,Low,Videos,2.3,5,Low
S08470,DBMS,Yes,Yes,Yes,No,No,No,Yes,Night,High,Mixed,2.3,4,Low
S08471,DSA,Yes,Yes,Yes,Yes,No,No,No,Morning,Medium,Mixed,2.4,6,Medium
S08472,DSA,No,No,No,No,No,No,Yes,Afternoon,Medium,Videos,1.9,4,Low
S08473,DBMS,Yes,No,No,No,No,No,Yes,Evening,High,Videos,2.2,4,Low
S08474,CN,Yes,Yes,Yes,Yes,No,Yes,Yes,Night,Low,Notes,4.0,6,Low
S08475,DBMS,Yes,No,Yes,Yes,Yes,Yes,No,Evening,High,Videos,5.1,5,High
S08476,OS,Yes,Yes,Yes,Yes,No,No,Yes,Evening,Medium,Videos,1.9,6,Medium
S08477,DBMS,No,No,No,Yes,No,No,No,Evening,Medium,Mixed,1.9,3,Low
S08478,OS,Yes,No,Yes,Yes,Yes,No,Yes,Evening,Medium,Mixed,6.3,6,High
S08479,DBMS,Yes,No,No,No,No,No,Yes,Afternoon,Medium,Notes,2.4,5,Medium
S08480,DBMS,No,Yes,No,No,No,Yes,Yes,Morning,Low,Notes,2.0,4,Low
S08481,DSA,Yes,No,Yes,No,Yes,No,Yes,Evening,High,Notes,3.0,6,Medium
S08482,CN,Yes,Yes,No,No,No,Yes,Yes,Night,High,Videos,2.6,2,Low
S08483,ML,No,Yes,No,Yes,No,No,Yes,Night,Medium,Mixed,2.0,3,Low
S08484,DSA,Yes,No,Yes,Yes,No,No,Yes,Evening,High,Videos,2.8,7,High
S08485,DBMS,No,No,Yes,Yes,No,No,Yes,Night,High,Videos,3.5,6,Medium
S08486,OS,No,Yes,Yes,Yes,Yes,No,Yes,Morning,Medium,Videos,3.8,6,High
S08487,OS,No,No,Yes,No,Yes,No,Yes,Morning,Medium,Notes,2.5,4,Medium
S08488,ML,Yes,Yes,No,Yes,Yes,No,No,Evening,High,Mixed,2.4,4,High
S08489,DSA,No,No,No,No,No,No,Yes,Evening,High,Mixed,2.4,3,Low
S08490,ML,No,Yes,No,No,No,Yes,Yes,Afternoon,Medium,Videos,2.9,4,Low
S08491,DBMS,Yes,Yes,Yes,Yes,Yes,No,Yes,Evening,Medium,Notes,4.4,7,High
S08492,DBMS,No,No,Yes,No,No,No,Yes,Morning,High,Notes,2.0,5,Medium
S08493,DBMS,Yes,Yes,Yes,No,Yes,No,Yes,Night,High,Notes,3.0,4,High
S08494,OS,No,No,No,No,No,No,Yes,Evening,High,Videos,0.6,3,Low
S08495,OS,Yes,Yes,Yes,Yes,No,No,No,Night,Medium,Mixed,2.2,7,Medium
S08496,ML,Yes,No,Yes,Yes,No,No,No,Evening,High,Notes,3.5,6,Low
S08497,ML,Yes,Yes,No,No,No,No,Yes,Night,Medium,Mixed,1.4,2,Low
S08498,CN,No,No,No,No,Yes,No,No,Night,High,Videos,3.2,5,Low
S08499,CN,Yes,No,Yes,Yes,Yes,Yes,Yes,Evening,Medium,Mixed,4.6,5,High
S08500,DBMS,Yes,Yes,Yes,No,Yes,No,Yes,Afternoon,Medium,Mixed,1.5,7,High
S08501,CN,Yes,Yes,Yes,Yes,Yes,No,Yes,Afternoon,High,Videos,5.2,6,High
S08502,DBMS,No,No,No,No,Yes,Yes,Yes,Evening,High,Mixed,1.7,2,Low
S08503,DBMS,Yes,No,No,Yes,No,No,Yes,Afternoon,Low,Notes,1.8,3,Low
S08504,DSA,Yes,Yes,No,No,No,Yes,Yes,Night,Medium,Videos,1.3,3,Low
S08505,CN,No,No,Yes,Yes,Yes,No,Yes,Evening,High,Notes,3.8,7,High
S08506,ML,Yes,No,Yes,No,Yes,Yes,Yes,Evening,High,Notes,1.8,6,Low
S08507,CN,Yes,No,Yes,No,Yes,No,Yes,Morning,Medium,Notes,3.6,4,Medium
S08508,DSA,Yes,Yes,Yes,Yes,No,No,Yes,Night,High,Videos,2.8,7,High
S08509,OS,No,Yes,No,Yes,Yes,No,No,Morning,High,Mixed,1.9,4,Medium
S08510,DBMS,No,No,Yes,No,Yes,Yes,Yes,Evening,High,Mixed,4.0,5,High
S08511,OS,Yes,No,Yes,No,No,No,Yes,Night,High,Mixed,1.5,7,Low
S08512,DBMS,Yes,Yes,Yes,No,No,No,Yes,Morning,High,Notes,2.8,7,Medium
S08513,OS,Yes,No,Yes,Yes,No,Yes,Yes,Night,High,Mixed,2.9,7,Medium
S08514,ML,No,Yes,No,Yes,No,Yes,No,Evening,Low,Videos,3.4,6,Low
S08515,OS,Yes,Yes,Yes,Yes,No,No,Yes,Evening,Medium,Videos,3.9,8,Medium
S08516,DSA,Yes,No,Yes,No,No,No,Yes,Afternoon,High,Videos,3.4,5,Low
S08517,CN,No,No,No,Yes,No,Yes,Yes,Evening,Medium,Videos,0.5,4,Low
S08518,DSA,Yes,No,No,Yes,No,Yes,No,Night,Medium,Videos,1.8,5,Low
S08519,DBMS,Yes,No,No,No,No,No,Yes,Morning,High,Videos,1.3,3,Low
S08520,ML,Yes,Yes,Yes,No,No,No,Yes,Morning,High,Notes,2.8,5,Medium
S08521,OS,Yes,Yes,No,No,No,Yes,No,Morning,Medium,Videos,2.6,2,Low
S08522,DBMS,Yes,Yes,Yes,No,No,Yes,No,Night,Medium,Mixed,1.0,6,Low
S08523,ML,No,No,Yes,Yes,Yes,Yes,No,Evening,High,Mixed,4.1,8,High
S08524,DSA,Yes,Yes,Yes,Yes,Yes,No,Yes,Evening,High,Videos,3.1,5,High
S08525,DBMS,Yes,Yes,Yes,No,Yes,No,Yes,Afternoon,Medium,Videos,2.9,7,Medium
S08526,OS,No,Yes,No,No,No,No,No,Afternoon,High,Videos,0.5,2,Low
S08527,DBMS,No,Yes,Yes,Yes,Yes,No,Yes,Evening,High,Videos,6.3,5,High
S08528,DBMS,No,Yes,No,Yes,No,No,No,Morning,Medium,Notes,3.0,4,Low
S08529,DSA,No,No,Yes,Yes,Yes,No,Yes,Evening,High,Mixed,3.7,7,Medium
S08530,CN,Yes,Yes,Yes,Yes,Yes,No,Yes,Morning,Medium,Videos,3.3,7,High
S08531,CN,No,No,No,Yes,No,No,Yes,Night,High,Mixed,2.9,4,Low
S08532,ML,Yes,No,Yes,Yes,Yes,No,No,Afternoon,Medium,Mixed,3.7,5,High
S08533,CN,Yes,Yes,Yes,No,No,No,Yes,Night,Medium,Videos,2.8,6,Low
S08534,ML,No,No,No,Yes,No,No,Yes,Night,Medium,Notes,2.6,4,Low
S08535,DBMS,No,Yes,No,No,Yes,Yes,No,Morning,Medium,Videos,1.7,5,Low
S08536,ML,Yes,Yes,Yes,Yes,Yes,No,Yes,Evening,High,Notes,4.4,7,High
S08537,ML,Yes,Yes,Yes,Yes,Yes,Yes,Yes,Afternoon,Low,Videos,3.3,6,Medium
S08538,ML,No,No,No,No,No,Yes,Yes,Evening,High,Videos,0.5,3,Low
S08539,CN,Yes,No,Yes,No,No,No,Yes,Evening,High,Videos,2.7,5,Medium
S08540,ML,Yes,Yes,Yes,No,Yes,No,No,Night,Medium,Mixed,4.0,7,Medium
S08541,ML,Yes,No,Yes,No,Yes,Yes,Yes,Evening,Medium,Notes,1.9,7,Medium
S08542,DBMS,Yes,No,Yes,No,No,No,Yes,Morning,Medium,Mixed,4.5,7,Low
S08543,DBMS,Yes,No,No,No,No,No,Yes,Evening,High,Videos,0.5,2,Low
S08544,CN,No,No,No,No,No,Yes,No,Night,Low,Videos,1.8,5,Low
S08545,DBMS,Yes,No,Yes,Yes,Yes,No,Yes,Morning,High,Videos,6.0,7,High
S08546,DBMS,Yes,No,No,No,Yes,No,Yes,Morning,High,Mixed,0.9,3,Low
S08547,OS,No,Yes,No,No,Yes,No,Yes,Afternoon,High,Mixed,1.1,4,Low
S08548,DBMS,Yes,No,Yes,No,Yes,Yes,No,Night,High,Videos,4.3,7,Medium
S08549,DSA,No,Yes,No,No,No,No,No,Night,Medium,Mixed,2.9,2,Low
S08550,DBMS,No,No,No,Yes,No,No,Yes,Afternoon,High,Mixed,0.8,4,Medium
S08551,DSA,Yes,No,Yes,Yes,Yes,No,Yes,Afternoon,High,Videos,3.2,8,Medium
S08552,CN,No,Yes,Yes,Yes,Yes,No,No,Night,High,Videos,3.5,5,High
S08553,DBMS,No,Yes,No,No,No,Yes,Yes,Evening,Low,Mixed,1.0,4,Low
S08554,DBMS,No,No,No,No,No,No,No,Afternoon,Medium,Videos,1.9,4,Low
S08555,DBMS,No,No,Yes,No,No,No,Yes,Evening,Medium,Videos,2.6,6,Low
S08556,DBMS,Yes,No,Yes,Yes,No,No,No,Morning,Medium,Mixed,1.9,8,Low
S08557,CN,No,No,No,No,No,No,Yes,Evening,High,Mixed,2.8,3,Low
S08558,DBMS,No,Yes,No,No,Yes,No,No,Morning,High,Videos,0.9,2,Low
S08559,DBMS,Yes,Yes,No,Yes,No,No,Yes,Evening,High,Videos,2.8,6,Low
S08560,CN,No,No,No,Yes,Yes,No,Yes,Evening,High,Videos,0.8,6,Low
S08561,ML,Yes,Yes,Yes,No,Yes,Yes,Yes,Evening,High,Mixed,2.2,4,Low
S08562,CN,Yes,No,No,No,No,No,No,Evening,Low,Videos,0.5,3,Low
S08563,DBMS,No,Yes,No,Yes,No,No,Yes,Night,Medium,Videos,4.2,3,Low
S08564,DBMS,Yes,Yes,Yes,Yes,Yes,No,Yes,Evening,Low,Notes,3.3,6,High
S08565,OS,Yes,No,Yes,Yes,Yes,No,Yes,Morning,Medium,Videos,4.3,6,High
S08566,ML,Yes,No,Yes,No,Yes,No,Yes,Afternoon,High,Notes,3.8,4,Medium
S08567,DBMS,No,No,No,Yes,No,No,Yes,Afternoon,High,Videos,2.9,6,Low
S08568,DSA,Yes,Yes,No,Yes,No,No,Yes,Evening,Medium,Notes,1.8,3,Medium
S08569,OS,No,No,Yes,Yes,No,No,Yes,Afternoon,High,Videos,3.0,6,Medium
S08570,DBMS,No,No,No,No,Yes,Yes,Yes,Afternoon,High,Videos,2.7,5,Low
S08571,ML,No,No,No,Yes,No,Yes,No,Night,Medium,Notes,2.5,3,Low
S08572,DSA,No,No,Yes,No,No,No,Yes,Night,High,Mixed,4.0,4,Medium
S08573,DBMS,No,Yes,Yes,No,Yes,No,Yes,Evening,Medium,Videos,1.0,5,Medium
S08574,OS,Yes,No,No,No,Yes,No,Yes,Evening,Low,Videos,3.1,3,Low
S08575,DBMS,No,No,Yes,No,No,No,No,Evening,High,Notes,2.7,4,Medium
S08576,ML,Yes,Yes,No,No,No,No,No,Evening,High,Notes,3.1,5,Low
S08577,ML,Yes,No,Yes,Yes,No,No,Yes,Night,High,Notes,5.4,5,High
S08578,DSA,Yes,Yes,Yes,Yes,Yes,No,Yes,Night,Low,Notes,3.8,8,High
S08579,ML,No,No,No,No,Yes,No,Yes,Evening,Medium,Notes,2.5,4,Low
S08580,OS,Yes,Yes,Yes,No,Yes,Yes,Yes,Morning,High,Videos,2.8,6,Medium
S08581,ML,Yes,Yes,No,No,No,No,Yes,Morning,Medium,Notes,2.5,2,Low
S08582,CN,Yes,No,Yes,Yes,No,No,Yes,Evening,Medium,Videos,4.3,7,Low
S08583,CN,Yes,Yes,Yes,Yes,Yes,Yes,Yes,Morning,High,Notes,3.6,6,High
S08584,OS,Yes,No,Yes,No,Yes,No,Yes,Night,High,Videos,3.8,5,Medium
S08585,CN,No,Yes,No,No,No,No,No,Evening,Medium,Notes,1.4,3,Low
S08586,ML,Yes,Yes,Yes,Yes,Yes,No,No,Morning,High,Mixed,3.2,8,High
S08587,DSA,Yes,Yes,No,No,Yes,No,Yes,Afternoon,Medium,Mixed,2.4,4,Low
S08588,OS,Yes,Yes,Yes,No,No,No,Yes,Afternoon,Medium,Mixed,3.0,6,Low
S08589,CN,Yes,Yes,Yes,Yes,Yes,No,Yes,Evening,High,Videos,4.5,6,High
S08590,DBMS,No,Yes,No,No,No,Yes,Yes,Evening,Low,Notes,0.7,2,Low
S08591,OS,Yes,Yes,Yes,No,No,No,Yes,Evening,High,Videos,2.3,6,Medium
S08592,DSA,Yes,Yes,Yes,Yes,No,Yes,Yes,Evening,High,Notes,1.9,5,High
S08593,DSA,No,Yes,No,Yes,No,No,No,Evening,Low,Notes,2.4,3,Low
S08594,OS,Yes,Yes,No,No,No,No,No,Evening,High,Mixed,1.6,5,Low
S08595,DBMS,Yes,Yes,Yes,Yes,No,No,Yes,Afternoon,Medium,Videos,2.0,6,Medium
S08596,DSA,No,Yes,No,Yes,No,No,Yes,Morning,High,Notes,1.0,4,Low
S08597,DBMS,No,Yes,Yes,Yes,Yes,No,Yes,Night,High,Mixed,4.4,8,High
S08598,CN,No,Yes,Yes,No,No,Yes,Yes,Evening,High,Mixed,3.7,7,Low
S08599,DSA,Yes,Yes,Yes,Yes,No,No,Yes,Afternoon,Low,Notes,2.6,5,Low
S08600,CN,Yes,Yes,Yes,No,Yes,Yes,No,Evening,High,Notes,3.0,7,Medium
S08601,DSA,Yes,No,Yes,Yes,No,No,Yes,Afternoon,High,Notes,2.0,5,Medium
S08602,DBMS,Yes,Yes,No,Yes,Yes,No,No,Afternoon,High,Videos,3.7,5,Medium
S08603,OS,Yes,Yes,Yes,Yes,Yes,Yes,Yes,Evening,High,Videos,5.2,6,High
S08604,OS,No,No,Yes,Yes,Yes,No,Yes,Evening,High,Notes,2.9,8,High
S08605,CN,No,No,Yes,No,No,No,Yes,Evening,Medium,Mixed,1.2,5,Low
S08606,CN,Yes,Yes,Yes,Yes,Yes,No,Yes,Evening,Medium,Mixed,3.7,5,High
S08607,DSA,Yes,No,Yes,No,No,No,Yes,Evening,High,Videos,2.7,7,Low
S08608,OS,No,No,No,Yes,Yes,No,No,Night,Low,Videos,1.7,4,Low
S08609,ML,Yes,No,Yes,Yes,Yes,No,No,Evening,High,Mixed,2.8,6,High
S08610,DBMS,Yes,No,No,No,Yes,No,Yes,Evening,High,Notes,3.0,2,Low
S08611,CN,Yes,No,Yes,No,No,No,No,Evening,Medium,Mixed,1.0,6,Low
S08612,ML,No,No,No,No,No,No,Yes,Morning,High,Notes,0.5,2,Low
S08613,CN,No,Yes,Yes,No,No,No,Yes,Night,High,Notes,2.4,7,Medium
S08614,ML,Yes,No,Yes,Yes,No,No,Yes,Morning,Medium,Mixed,5.0,6,High
S08615,DSA,Yes,Yes,No,No,No,No,Yes,Afternoon,Medium,Mixed,1.0,5,Low
S08616,OS,No,Yes,No,No,No,No,No,Night,High,Videos,0.5,5,Low
S08617,DSA,Yes,Yes,Yes,No,No,Yes,Yes,Evening,Low,Mixed,3.0,6,Low
S08618,DSA,No,No,Yes,Yes,Yes,No,Yes,Evening,Medium,Videos,4.9,7,High
S08619,DBMS,Yes,Yes,No,Yes,No,No,Yes,Evening,Medium,Videos,3.5,4,High
S08620,OS,No,No,Yes,No,Yes,Yes,Yes,Evening,High,Videos,3.4,5,Medium
S08621,ML,No,Yes,No,No,No,No,Yes,Evening,High,Notes,2.0,5,Low
S08622,ML,Yes,No,Yes,No,No,No,Yes,Night,High,Mixed,3.1,7,Low
S08623,ML,Yes,Yes,Yes,Yes,No,No,Yes,Evening,Low,Mixed,3.5,6,Low
S08624,CN,No,No,Yes,Yes,No,Yes,Yes,Evening,Medium,Mixed,4.9,7,Medium
S08625,DSA,Yes,Yes,Yes,Yes,Yes,Yes,Yes,Morning,High,Mixed,4.0,5,High
S08626,CN,Yes,Yes,Yes,Yes,Yes,No,Yes,Night,High,Mixed,3.8,6,High
S08627,ML,Yes,Yes,Yes,Yes,Yes,Yes,Yes,Afternoon,Medium,Videos,4.7,5,High
S08628,OS,No,Yes,No,No,No,Yes,Yes,Evening,High,Mixed,1.7,4,Low
S08629,OS,Yes,Yes,Yes,Yes,No,No,No,Evening,High,Notes,5.0,5,Low
S08630,DBMS,No,No,No,No,No,No,Yes,Evening,High,Notes,3.3,2,Low
S08631,CN,Yes,Yes,Yes,Yes,Yes,No,Yes,Evening,Medium,Videos,3.0,8,High
S08632,DBMS,Yes,No,Yes,Yes,Yes,No,No,Night,High,Mixed,4.6,6,High
S08633,DBMS,Yes,No,Yes,Yes,No,Yes,No,Night,Low,Notes,3.3,6,Low
S08634,OS,No,Yes,No,Yes,No,No,No,Morning,High,Notes,2.6,4,Medium
S08635,CN,Yes,No,No,No,No,No,No,Night,High,Videos,2.6,3,Low
S08636,DSA,Yes,No,No,Yes,Yes,Yes,Yes,Evening,High,Mixed,2.7,6,Medium
S08637,ML,Yes,No,No,No,No,Yes,Yes,Evening,Medium,Notes,0.8,4,Low
S08638,ML,Yes,No,Yes,No,No,No,Yes,Evening,Medium,Videos,2.0,6,Low
S08639,CN,Yes,No,Yes,No,Yes,No,Yes,Evening,High,Videos,3.0,7,Low
S08640,DBMS,Yes,No,Yes,Yes,Yes,No,Yes,Evening,Medium,Mixed,2.1,8,High
S08641,ML,Yes,Yes,No,No,No,Yes,Yes,Evening,Medium,Videos,1.2,5,Low
S08642,OS,No,Yes,Yes,Yes,No,No,Yes,Evening,High,Mixed,3.3,5,High
S08643,ML,Yes,No,No,Yes,No,No,No,Evening,Low,Videos,3.1,5,Low
S08644,CN,Yes,Yes,No,No,Yes,No,Yes,Morning,Low,Mixed,1.6,2,Low
S08645,DSA,Yes,No,Yes,Yes,Yes,Yes,Yes,Evening,High,Videos,4.3,7,High
S08646,DBMS,Yes,Yes,Yes,Yes,Yes,No,Yes,Evening,Medium,Notes,4.0,5,High
S08647,ML,No,Yes,No,No,No,No,No,Afternoon,High,Videos,2.3,4,Low
S08648,ML,Yes,No,Yes,Yes,No,Yes,Yes,Evening,High,Mixed,4.3,8,Medium
S08649,DSA,Yes,Yes,Yes,Yes,Yes,No,Yes,Night,High,Videos,3.5,8,High
S08650,DSA,No,Yes,Yes,No,No,Yes,Yes,Evening,Low,Mixed,3.5,7,Low
S08651,OS,Yes,No,No,Yes,No,No,No,Afternoon,Medium,Mixed,3.2,5,Low
S08652,CN,No,No,No,No,No,Yes,Yes,Morning,High,Notes,1.2,4,Low
S08653,OS,No,No,Yes,Yes,No,No,Yes,Afternoon,High,Mixed,4.3,7,Low
S08654,OS,Yes,Yes,Yes,No,Yes,No,Yes,Afternoon,Medium,Mixed,3.3,5,Medium
S08655,CN,Yes,No,No,No,No,No,Yes,Evening,Low,Videos,2.1,5,Low
S08656,DBMS,Yes,No,Yes,Yes,Yes,No,Yes,Morning,Medium,Notes,4.4,7,High
S08657,CN,Yes,No,No,No,No,No,Yes,Evening,High,Videos,1.0,3,Low
S08658,DBMS,Yes,Yes,Yes,Yes,No,Yes,No,Night,High,Mixed,2.7,5,Medium
S08659,CN,Yes,Yes,No,No,Yes,No,Yes,Evening,High,Mixed,3.3,3,Low
S08660,DSA,Yes,Yes,No,No,No,No,No,Evening,High,Videos,1.1,4,Low
S08661,DSA,Yes,No,No,Yes,No,No,Yes,Evening,High,Videos,0.5,3,Low
S08662,DSA,Yes,Yes,No,No,No,No,Yes,Night,Medium,Videos,0.9,5,Low
S08663,ML,No,No,No,Yes,Yes,No,Yes,Afternoon,Low,Mixed,4.0,4,Low
S08664,CN,No,No,Yes,Yes,Yes,Yes,No,Night,High,Notes,5.2,5,High
S08665,ML,Yes,Yes,No,No,No,Yes,No,Night,Medium,Videos,2.5,3,Low
S08666,DSA,No,No,No,Yes,Yes,No,Yes,Evening,High,Mixed,2.5,3,Medium
S08667,CN,Yes,Yes,Yes,No,No,No,No,Night,Medium,Notes,2.2,7,Low
S08668,ML,No,No,No,No,No,No,No,Night,Medium,Mixed,1.9,3,Low
S08669,DBMS,Yes,No,Yes,Yes,Yes,Yes,Yes,Night,Low,Mixed,4.4,6,High
S08670,DBMS,No,No,Yes,No,No,No,Yes,Evening,High,Videos,0.7,7,Low
S08671,ML,Yes,No,Yes,Yes,No,No,Yes,Night,High,Mixed,2.5,6,Medium
S08672,ML,Yes,No,Yes,No,No,No,Yes,Evening,Medium,Notes,2.6,6,Medium
S08673,ML,No,Yes,No,No,Yes,Yes,Yes,Morning,Medium,Notes,1.8,2,Low
S08674,ML,Yes,No,No,No,No,No,Yes,Morning,Medium,Notes,0.8,4,Low
S08675,OS,Yes,No,Yes,No,Yes,No,Yes,Evening,Medium,Mixed,3.5,4,Medium
S08676,OS,No,Yes,No,Yes,No,No,No,Evening,Medium,Videos,1.8,5,Low
S08677,ML,No,No,No,Yes,No,Yes,Yes,Night,Medium,Mixed,0.6,4,Low
S08678,CN,No,Yes,Yes,Yes,Yes,Yes,Yes,Morning,High,Mixed,4.8,5,High
S08679,ML,No,No,No,Yes,Yes,Yes,No,Afternoon,High,Mixed,2.8,6,Medium
S08680,OS,No,No,Yes,Yes,No,Yes,Yes,Night,High,Mixed,3.6,7,Low
S08681,CN,Yes,No,No,Yes,Yes,No,No,Evening,High,Notes,1.9,3,High
S08682,DBMS,Yes,No,Yes,No,Yes,No,Yes,Evening,Medium,Videos,2.2,7,Low
S08683,DBMS,No,Yes,Yes,No,Yes,Yes,No,Evening,High,Mixed,1.5,6,Low
S08684,ML,No,No,Yes,Yes,No,No,Yes,Afternoon,Medium,Mixed,3.6,5,Medium
S08685,ML,Yes,No,No,No,No,No,Yes,Morning,High,Videos,1.3,4,Low
S08686,ML,Yes,Yes,Yes,Yes,Yes,No,Yes,Evening,High,Notes,5.0,6,High
S08687,ML,No,Yes,Yes,Yes,No,No,Yes,Afternoon,Medium,Videos,2.7,5,Medium
S08688,DBMS,Yes,No,No,Yes,No,No,Yes,Morning,Medium,Videos,1.4,6,Low
S08689,ML,Yes,Yes,Yes,Yes,No,No,Yes,Afternoon,Medium,Mixed,2.4,6,Medium
S08690,DBMS,No,Yes,No,Yes,Yes,Yes,No,Night,High,Videos,3.6,4,Low
S08691,DBMS,Yes,Yes,No,Yes,No,No,No,Evening,Medium,Notes,4.4,4,Low
S08692,CN,Yes,Yes,Yes,Yes,Yes,No,Yes,Afternoon,High,Videos,3.6,5,High
S08693,DSA,Yes,No,Yes,Yes,No,Yes,Yes,Evening,High,Notes,3.8,7,High
S08694,DSA,Yes,Yes,Yes,Yes,Yes,No,Yes,Night,Medium,Notes,3.4,6,High
S08695,CN,No,No,No,No,No,Yes,No,Night,Low,Mixed,1.1,3,Low
S08696,CN,Yes,No,No,Yes,No,No,Yes,Night,High,Videos,1.2,3,Low
S08697,CN,Yes,Yes,Yes,Yes,Yes,No,Yes,Evening,Medium,Videos,4.0,5,High
S08698,DBMS,Yes,No,No,Yes,Yes,Yes,No,Evening,High,Notes,2.3,5,Medium
S08699,OS,Yes,Yes,Yes,Yes,Yes,No,Yes,Evening,High,Mixed,3.1,5,High
S08700,DBMS,Yes,Yes,Yes,Yes,Yes,Yes,Yes,Morning,High,Videos,4.9,8,High
S08701,OS,Yes,Yes,Yes,Yes,Yes,No,Yes,Evening,High,Videos,4.7,6,High
S08702,DBMS,Yes,No,No,No,Yes,No,Yes,Afternoon,Low,Videos,3.2,3,Low
S08703,DBMS,Yes,No,Yes,No,Yes,No,Yes,Evening,High,Mixed,3.3,7,Medium
S08704,OS,Yes,Yes,Yes,No,Yes,Yes,Yes,Evening,Medium,Videos,2.4,5,Low
S08705,ML,Yes,Yes,Yes,No,Yes,No,Yes,Afternoon,High,Mixed,3.4,6,Medium
S08706,OS,Yes,Yes,No,Yes,No,No,No,Night,Medium,Mixed,2.5,5,Low
S08707,DSA,Yes,Yes,No,Yes,Yes,No,No,Night,Low,Notes,2.1,5,Low
S08708,CN,Yes,Yes,Yes,Yes,Yes,No,Yes,Evening,Medium,Videos,5.6,7,High
S08709,OS,Yes,No,Yes,Yes,Yes,No,No,Night,High,Notes,3.9,7,High
S08710,OS,Yes,No,Yes,Yes,Yes,No,Yes,Night,High,Mixed,4.1,8,High
S08711,DBMS,No,No,Yes,Yes,Yes,Yes,No,Afternoon,Medium,Videos,4.1,5,High
S08712,ML,Yes,Yes,Yes,No,Yes,Yes,No,Evening,Medium,Mixed,3.5,6,Medium
S08713,OS,No,Yes,No,No,Yes,Yes,No,Night,High,Notes,1.9,4,Low
S08714,DSA,No,No,No,No,No,Yes,Yes,Morning,Medium,Notes,2.6,4,Low
S08715,CN,Yes,No,No,No,No,No,Yes,Evening,High,Videos,2.8,3,Low
S08716,DBMS,Yes,No,Yes,Yes,No,No,Yes,Evening,High,Notes,1.6,7,Medium
S08717,CN,Yes,Yes,Yes,Yes,No,No,No,Evening,Medium,Videos,3.1,5,High
S08718,ML,Yes,Yes,Yes,Yes,No,Yes,Yes,Morning,High,Mixed,4.3,6,Medium
S08719,DSA,Yes,Yes,No,Yes,Yes,Yes,Yes,Afternoon,Medium,Mixed,3.3,6,High
S08720,DSA,Yes,Yes,Yes,No,Yes,No,Yes,Night,High,Videos,2.1,5,Medium
S08721,CN,No,No,Yes,No,No,Yes,Yes,Morning,High,Notes,2.1,6,Medium
S08722,CN,Yes,No,Yes,Yes,Yes,No,Yes,Afternoon,High,Notes,5.3,8,High
S08723,ML,No,No,No,Yes,Yes,Yes,No,Night,Medium,Mixed,1.5,5,Low
S08724,DSA,No,No,No,No,No,Yes,Yes,Morning,High,Mixed,1.6,5,Low
S08725,OS,Yes,Yes,Yes,Yes,Yes,No,Yes,Night,High,Notes,3.8,6,High
S08726,DBMS,No,No,No,No,No,No,Yes,Night,High,Mixed,1.1,2,Low
S08727,CN,No,No,Yes,Yes,No,No,No,Night,High,Videos,3.0,6,Medium
S08728,ML,Yes,Yes,Yes,Yes,No,No,Yes,Night,High,Notes,3.9,5,High
S08729,DBMS,Yes,Yes,No,Yes,No,Yes,No,Night,Low,Notes,2.9,6,Low
S08730,DBMS,Yes,No,Yes,Yes,No,No,Yes,Afternoon,High,Videos,3.6,6,Medium
S08731,OS,Yes,No,Yes,Yes,Yes,No,Yes,Night,Medium,Mixed,4.5,6,High
S08732,DSA,Yes,Yes,Yes,Yes,Yes,No,Yes,Evening,Low,Notes,3.8,8,High
S08733,DBMS,Yes,No,Yes,Yes,Yes,No,Yes,Morning,Medium,Mixed,5.1,5,High
S08734,DBMS,Yes,No,Yes,No,Yes,No,Yes,Night,Low,Notes,3.7,7,Low
S08735,CN,No,No,No,Yes,No,Yes,No,Morning,Low,Videos,1.8,5,Low
S08736,DBMS,Yes,Yes,Yes,No,Yes,Yes,No,Morning,Medium,Notes,3.6,4,Low
S08737,DBMS,Yes,Yes,Yes,Yes,Yes,No,No,Morning,High,Videos,4.8,5,High
S08738,CN,Yes,No,Yes,No,No,No,Yes,Evening,High,Videos,2.7,4,Medium
S08739,DSA,No,Yes,No,Yes,Yes,No,Yes,Evening,Medium,Notes,2.0,4,Low
S08740,OS,No,Yes,Yes,No,Yes,Yes,Yes,Afternoon,High,Videos,1.5,4,Medium
S08741,ML,Yes,No,Yes,Yes,No,No,No,Night,High,Videos,3.9,5,High
S08742,ML,No,Yes,Yes,Yes,Yes,No,No,Night,High,Notes,2.9,7,High
S08743,DSA,Yes,Yes,Yes,No,No,No,Yes,Afternoon,Low,Mixed,1.8,4,Low
S08744,ML,No,No,Yes,Yes,Yes,No,Yes,Evening,High,Mixed,3.2,6,High
S08745,CN,Yes,Yes,No,No,Yes,Yes,No,Night,High,Videos,1.2,2,Low
S08746,ML,Yes,No,Yes,No,Yes,No,Yes,Afternoon,Medium,Notes,2.8,7,Medium
S08747,DSA,No,Yes,No,Yes,Yes,No,Yes,Afternoon,Medium,Mixed,3.0,3,Medium
S08748,ML,No,Yes,Yes,Yes,Yes,Yes,Yes,Evening,High,Videos,3.2,6,High
S08749,OS,No,Yes,No,No,No,No,No,Afternoon,High,Videos,0.7,5,Low
S08750,CN,Yes,Yes,Yes,No,Yes,Yes,Yes,Morning,High,Videos,2.8,7,Medium
S08751,DBMS,No,Yes,Yes,Yes,Yes,No,Yes,Night,Medium,Notes,3.7,7,High
S08752,DBMS,Yes,No,No,No,Yes,No,No,Morning,Low,Mixed,2.3,5,Low
S08753,DSA,No,No,Yes,No,No,No,No,Evening,Medium,Mixed,2.7,6,Low
S08754,ML,No,Yes,No,No,Yes,No,Yes,Morning,High,Mixed,1.0,5,Low
S08755,ML,Yes,Yes,No,No,Yes,No,No,Afternoon,High,Mixed,2.9,3,Low
S08756,DBMS,Yes,No,No,Yes,No,No,Yes,Morning,High,Notes,1.1,5,Low
S08757,CN,Yes,Yes,No,No,No,No,No,Morning,High,Videos,1.7,2,Low
S08758,ML,Yes,Yes,Yes,No,Yes,No,No,Evening,High,Mixed,3.0,4,Medium
S08759,CN,Yes,Yes,Yes,No,Yes,No,Yes,Evening,Medium,Videos,4.6,4,High
S08760,ML,Yes,Yes,Yes,Yes,Yes,No,Yes,Afternoon,Low,Videos,3.5,8,High
S08761,DBMS,Yes,Yes,Yes,No,Yes,No,Yes,Night,High,Mixed,3.1,6,Medium
S08762,CN,Yes,Yes,Yes,Yes,No,No,Yes,Night,Medium,Mixed,3.4,6,High
S08763,ML,Yes,No,No,Yes,No,No,Yes,Evening,Medium,Mixed,2.8,6,Low
S08764,CN,No,Yes,No,Yes,Yes,Yes,Yes,Afternoon,Medium,Videos,4.0,6,Medium
S08765,ML,Yes,Yes,Yes,Yes,Yes,Yes,No,Night,High,Mixed,4.1,7,High
S08766,ML,Yes,Yes,Yes,Yes,Yes,No,No,Evening,Medium,Notes,6.0,7,High
S08767,ML,No,Yes,Yes,Yes,Yes,No,Yes,Evening,Medium,Videos,3.7,6,High
S08768,ML,No,No,Yes,No,No,No,Yes,Evening,Medium,Notes,3.6,5,Low
S08769,DBMS,Yes,No,No,No,No,No,Yes,Night,High,Videos,1.7,5,Low
S08770,CN,Yes,No,Yes,Yes,Yes,Yes,Yes,Evening,High,Videos,4.0,5,High
S08771,OS,Yes,Yes,Yes,Yes,No,No,Yes,Evening,High,Mixed,2.2,5,Medium
S08772,ML,No,Yes,No,No,Yes,No,Yes,Night,High,Mixed,2.6,5,Low
S08773,DSA,No,Yes,No,Yes,No,No,No,Evening,Medium,Notes,2.1,6,Low
S08774,OS,No,No,No,No,No,No,Yes,Evening,Medium,Videos,1.5,4,Low
S08775,CN,No,No,No,Yes,Yes,No,No,Afternoon,High,Videos,2.9,5,Low
S08776,ML,Yes,Yes,Yes,No,Yes,No,Yes,Evening,High,Notes,3.6,7,High
S08777,OS,Yes,Yes,Yes,Yes,No,Yes,No,Morning,Medium,Videos,4.4,5,Low
S08778,CN,No,Yes,Yes,No,Yes,No,Yes,Evening,High,Mixed,2.9,5,Medium
S08779,DBMS,No,Yes,Yes,No,No,Yes,No,Evening,Medium,Notes,2.2,7,Medium
S08780,ML,Yes,Yes,No,No,No,No,Yes,Evening,High,Mixed,1.7,5,Low
S08781,OS,Yes,No,Yes,No,No,No,Yes,Morning,High,Notes,1.6,7,Medium
S08782,DBMS,Yes,No,Yes,No,No,Yes,Yes,Morning,High,Videos,1.7,7,Low
S08783,DSA,No,Yes,No,No,Yes,No,Yes,Morning,High,Mixed,2.6,5,Low
S08784,DBMS,Yes,Yes,Yes,Yes,Yes,Yes,No,Evening,Medium,Mixed,3.4,7,High
S08785,DBMS,No,Yes,Yes,No,Yes,No,Yes,Afternoon,Medium,Notes,3.8,5,Medium
S08786,DBMS,Yes,Yes,Yes,Yes,Yes,No,Yes,Night,High,Videos,3.8,7,High
S08787,ML,Yes,No,Yes,Yes,Yes,No,No,Night,Medium,Mixed,3.6,6,High
S08788,CN,No,Yes,No,Yes,Yes,No,Yes,Afternoon,Medium,Videos,3.9,4,High
S08789,OS,Yes,No,Yes,No,No,No,Yes,Evening,Low,Mixed,1.9,6,Low
S08790,OS,No,No,Yes,Yes,Yes,No,Yes,Evening,High,Videos,3.9,8,High
S08791,CN,No,No,No,No,Yes,Yes,No,Afternoon,High,Videos,1.5,2,Low
S08792,DSA,No,No,No,No,No,Yes,No,Evening,High,Videos,1.5,5,Low
S08793,DSA,Yes,No,Yes,No,No,No,Yes,Evening,High,Notes,3.1,4,Low
S08794,DBMS,No,No,No,Yes,No,No,Yes,Night,High,Mixed,2.4,3,Low
S08795,CN,Yes,Yes,Yes,Yes,No,Yes,Yes,Afternoon,Medium,Mixed,3.3,8,Medium
S08796,ML,Yes,No,Yes,No,No,No,Yes,Morning,High,Videos,2.4,5,Medium
S08797,ML,Yes,Yes,Yes,No,No,No,Yes,Night,Medium,Mixed,2.7,4,Low
S08798,CN,Yes,Yes,Yes,No,No,No,Yes,Night,Low,Notes,2.9,4,Low
S08799,OS,Yes,No,Yes,Yes,Yes,Yes,Yes,Afternoon,High,Notes,4.3,5,High
S08800,CN,Yes,Yes,No,Yes,No,No,Yes,Morning,Medium,Videos,2.5,4,Low
S08801,DBMS,Yes,Yes,Yes,No,No,Yes,No,Evening,High,Videos,2.0,7,Medium
S08802,DSA,Yes,Yes,Yes,Yes,Yes,No,Yes,Evening,High,Notes,3.8,7,High
S08803,CN,Yes,Yes,Yes,No,Yes,Yes,Yes,Night,Low,Mixed,2.7,7,Medium
S08804,OS,Yes,Yes,No,No,No,Yes,No,Morning,Medium,Mixed,1.8,3,Low
S08805,DBMS,No,Yes,Yes,Yes,Yes,No,Yes,Evening,High,Mixed,3.7,8,High
S08806,ML,Yes,Yes,No,No,No,Yes,No,Afternoon,High,Mixed,1.3,2,Low
S08807,ML,Yes,No,Yes,Yes,No,No,Yes,Evening,High,Mixed,4.6,6,High
S08808,ML,No,Yes,No,No,No,Yes,Yes,Evening,Medium,Videos,1.4,4,Low
S08809,CN,No,No,Yes,Yes,No,No,Yes,Night,High,Notes,1.7,6,Medium
S08810,ML,No,No,Yes,No,Yes,Yes,Yes,Afternoon,Medium,Mixed,4.6,7,Medium
S08811,DSA,No,No,Yes,Yes,No,No,Yes,Morning,Medium,Notes,3.3,7,Low
S08812,ML,No,No,Yes,Yes,Yes,Yes,Yes,Night,Low,Videos,3.6,5,Medium
S08813,DSA,Yes,No,Yes,Yes,Yes,Yes,Yes,Evening,Medium,Videos,3.6,7,Medium
S08814,DBMS,No,Yes,Yes,No,No,No,No,Night,High,Notes,2.2,5,Low
S08815,OS,No,No,No,No,No,No,Yes,Night,High,Mixed,2.6,3,Low
S08816,OS,Yes,No,Yes,No,No,No,Yes,Evening,Low,Videos,2.0,4,Low
S08817,DSA,No,No,Yes,No,No,No,Yes,Morning,High,Videos,2.0,5,Low
S08818,CN,No,Yes,No,Yes,No,No,No,Afternoon,Medium,Mixed,2.1,4,Low
S08819,OS,No,No,No,No,No,No,Yes,Evening,Medium,Videos,0.5,5,Low
S08820,DBMS,No,No,No,Yes,No,No,No,Evening,Medium,Videos,1.9,5,Low
S08821,DSA,Yes,Yes,Yes,No,Yes,No,Yes,Afternoon,Medium,Notes,4.0,7,Medium
S08822,CN,Yes,No,Yes,Yes,No,No,Yes,Evening,Medium,Mixed,3.6,5,Medium
S08823,CN,No,No,No,No,No,No,Yes,Morning,High,Mixed,2.0,2,Low
S08824,CN,No,No,No,Yes,No,No,Yes,Afternoon,High,Notes,1.8,3,Low
S08825,CN,No,Yes,No,Yes,Yes,No,No,Morning,High,Videos,1.5,3,Medium
S08826,OS,No,No,No,Yes,No,No,No,Afternoon,Low,Notes,2.9,6,Low
S08827,DSA,No,No,No,No,Yes,No,No,Morning,Low,Notes,1.2,4,Low
S08828,ML,No,Yes,No,Yes,Yes,No,Yes,Evening,High,Videos,1.5,6,Medium
S08829,OS,Yes,No,Yes,No,Yes,No,Yes,Night,High,Notes,2.4,4,Medium
S08830,CN,No,Yes,Yes,No,No,No,Yes,Night,High,Videos,1.9,5,Low
S08831,DBMS,Yes,No,No,No,No,No,No,Evening,High,Mixed,0.5,4,Low
S08832,DSA,Yes,No,No,Yes,No,No,No,Night,Low,Videos,2.3,6,Low
S08833,OS,Yes,No,Yes,No,No,Yes,Yes,Morning,High,Mixed,4.4,4,Low
S08834,DSA,Yes,Yes,Yes,Yes,Yes,No,Yes,Evening,High,Mixed,3.9,5,High
S08835,DBMS,Yes,Yes,No,No,Yes,Yes,No,Evening,High,Notes,1.5,2,Low
S08836,ML,Yes,No,Yes,Yes,No,No,Yes,Evening,High,Videos,3.4,6,Medium
S08837,OS,No,Yes,No,Yes,Yes,No,Yes,Morning,Medium,Notes,3.7,4,Medium
S08838,DBMS,No,No,Yes,Yes,No,No,Yes,Afternoon,Low,Mixed,1.4,6,Low
S08839,DSA,Yes,Yes,Yes,Yes,Yes,Yes,Yes,Morning,High,Notes,3.5,6,High
S08840,DBMS,No,No,No,No,Yes,Yes,Yes,Night,High,Notes,2.3,3,Low
S08841,ML,Yes,No,No,Yes,No,No,Yes,Night,High,Notes,2.6,3,Low
S08842,OS,Yes,Yes,Yes,No,Yes,Yes,No,Afternoon,Medium,Notes,2.7,5,Medium
S08843,OS,Yes,Yes,Yes,Yes,No,No,Yes,Night,Medium,Mixed,2.1,5,High
S08844,CN,Yes,Yes,Yes,Yes,No,No,Yes,Night,Medium,Mixed,3.5,6,High
S08845,ML,No,Yes,Yes,No,Yes,No,Yes,Afternoon,Medium,Videos,2.4,4,Low
S08846,OS,Yes,Yes,No,No,No,No,No,Evening,High,Mixed,0.5,3,Low
S08847,DBMS,No,No,Yes,No,Yes,No,Yes,Afternoon,Medium,Mixed,3.2,6,Medium
S08848,CN,Yes,No,No,Yes,No,Yes,No,Morning,Medium,Mixed,2.5,5,Low
S08849,DSA,No,No,No,No,No,No,Yes,Evening,Medium,Notes,1.3,4,Low
S08850,OS,No,Yes,No,No,No,Yes,No,Afternoon,Medium,Mixed,3.0,5,Low
S08851,DBMS,Yes,Yes,Yes,No,No,No,Yes,Night,High,Videos,2.9,7,Medium
S08852,ML,Yes,Yes,No,Yes,No,No,No,Night,Medium,Notes,2.4,6,Low
S08853,CN,Yes,No,Yes,Yes,Yes,Yes,Yes,Morning,High,Notes,5.2,7,High
S08854,CN,Yes,No,No,Yes,No,No,Yes,Morning,Medium,Videos,4.0,5,Low
S08855,CN,Yes,No,Yes,No,No,No,No,Afternoon,High,Notes,3.3,5,Low
S08856,OS,Yes,Yes,Yes,No,Yes,No,Yes,Evening,Medium,Videos,2.7,5,High
S08857,DSA,No,No,Yes,No,No,No,Yes,Afternoon,High,Mixed,2.9,5,Low
S08858,CN,No,No,Yes,Yes,No,Yes,No,Evening,High,Notes,4.0,8,Low
S08859,OS,Yes,Yes,No,No,No,No,No,Evening,High,Videos,0.5,3,Low
S08860,DSA,Yes,No,Yes,Yes,Yes,No,Yes,Morning,High,Notes,2.8,8,High
S08861,ML,Yes,No,Yes,No,No,Yes,Yes,Night,High,Videos,3.0,6,Medium
S08862,ML,Yes,Yes,Yes,Yes,No,No,Yes,Afternoon,Medium,Videos,3.2,6,High
S08863,ML,No,No,Yes,No,No,No,Yes,Evening,Medium,Notes,3.0,4,Low
S08864,DBMS,Yes,No,No,Yes,No,No,Yes,Night,Medium,Videos,2.9,4,Low
S08865,DSA,Yes,No,No,Yes,Yes,No,Yes,Morning,Medium,Notes,2.1,6,Medium
S08866,DSA,Yes,Yes,Yes,Yes,Yes,No,No,Evening,Medium,Notes,3.7,5,High
S08867,CN,Yes,Yes,No,No,No,No,No,Night,Medium,Videos,1.6,4,Low
S08868,DBMS,Yes,No,Yes,Yes,Yes,No,Yes,Morning,Medium,Videos,4.7,5,High
S08869,ML,Yes,Yes,Yes,Yes,Yes,No,Yes,Evening,High,Notes,4.7,6,High
S08870,CN,No,Yes,Yes,Yes,Yes,No,No,Afternoon,High,Notes,2.4,8,High
S08871,ML,Yes,Yes,No,No,No,No,No,Evening,High,Videos,0.5,3,Low
S08872,DSA,No,Yes,Yes,Yes,Yes,Yes,Yes,Evening,Medium,Videos,3.4,8,High
S08873,CN,Yes,No,No,No,No,No,Yes,Night,High,Mixed,2.5,5,Low
S08874,DBMS,No,No,No,No,Yes,No,No,Night,Medium,Mixed,1.6,3,Low
S08875,DSA,Yes,Yes,Yes,No,No,No,No,Night,Medium,Notes,4.4,5,Low
S08876,DBMS,Yes,Yes,Yes,Yes,No,Yes,Yes,Night,Medium,Notes,2.1,7,Low
S08877,CN,No,Yes,No,No,No,No,Yes,Morning,Medium,Videos,0.6,3,Low
S08878,DSA,No,Yes,No,No,Yes,Yes,No,Evening,Medium,Mixed,1.5,2,Low
S08879,DSA,Yes,Yes,No,No,No,No,Yes,Evening,High,Notes,0.6,4,Low
S08880,DSA,Yes,Yes,Yes,Yes,Yes,No,Yes,Morning,High,Videos,3.1,8,High
S08881,ML,No,Yes,Yes,Yes,No,No,Yes,Afternoon,High,Notes,3.5,6,Medium
S08882,OS,No,No,No,No,No,No,Yes,Afternoon,Medium,Videos,1.5,4,Low
S08883,DBMS,No,Yes,Yes,Yes,No,No,Yes,Evening,High,Videos,2.4,8,Medium
S08884,DSA,Yes,No,No,Yes,Yes,No,Yes,Evening,High,Notes,3.0,6,High
S08885,DSA,Yes,Yes,Yes,No,Yes,No,Yes,Night,High,Videos,2.5,4,Medium
S08886,ML,Yes,No,No,No,No,No,Yes,Morning,Medium,Videos,2.2,4,Low
S08887,DBMS,Yes,No,Yes,Yes,Yes,No,Yes,Evening,Medium,Notes,4.2,7,High
S08888,DSA,Yes,Yes,Yes,Yes,No,No,No,Morning,Medium,Mixed,3.8,7,Medium
S08889,ML,No,No,No,No,No,No,No,Night,High,Notes,1.6,4,Low
S08890,DSA,Yes,No,Yes,No,Yes,No,Yes,Evening,High,Mixed,3.0,6,Medium
S08891,DBMS,No,Yes,No,Yes,No,No,Yes,Afternoon,High,Videos,2.5,5,Medium
S08892,DBMS,No,No,No,Yes,No,No,Yes,Afternoon,High,Notes,4.7,3,Low
S08893,CN,No,No,Yes,No,No,No,Yes,Morning,Medium,Notes,2.0,5,Low
S08894,CN,Yes,Yes,Yes,No,Yes,Yes,Yes,Afternoon,Medium,Videos,3.7,6,Low
S08895,CN,Yes,No,No,No,Yes,No,Yes,Evening,High,Videos,2.7,3,Low
S08896,CN,Yes,Yes,Yes,No,Yes,No,Yes,Morning,Medium,Videos,5.2,7,Medium
S08897,OS,Yes,No,Yes,No,Yes,No,No,Evening,Low,Mixed,4.2,5,Low
S08898,DSA,Yes,No,Yes,No,No,No,Yes,Afternoon,Medium,Notes,0.9,4,Low
S08899,DSA,Yes,No,Yes,Yes,No,No,Yes,Evening,Medium,Notes,3.0,5,High
S08900,DSA,Yes,No,No,No,No,No,No,Morning,High,Videos,0.5,3,Low
S08901,DSA,Yes,No,No,No,No,No,No,Afternoon,High,Notes,1.8,4,Low
S08902,DBMS,No,Yes,No,Yes,Yes,Yes,Yes,Night,High,Videos,3.1,6,High
S08903,OS,No,Yes,No,Yes,Yes,Yes,No,Night,Medium,Mixed,2.6,3,Low
S08904,ML,Yes,No,Yes,No,Yes,Yes,Yes,Afternoon,Low,Videos,3.4,6,Low
S08905,OS,No,Yes,No,No,No,Yes,Yes,Evening,Medium,Mixed,2.2,5,Low
S08906,OS,Yes,No,No,Yes,No,No,No,Evening,Medium,Mixed,1.8,3,Low
S08907,DBMS,Yes,Yes,Yes,Yes,Yes,No,Yes,Afternoon,High,Mixed,3.0,7,High
S08908,CN,No,Yes,No,No,No,No,No,Afternoon,Low,Mixed,1.0,2,Low
S08909,ML,Yes,Yes,Yes,No,No,Yes,Yes,Evening,Low,Notes,2.9,7,Low
S08910,ML,Yes,Yes,Yes,Yes,Yes,No,Yes,Afternoon,Medium,Mixed,3.9,6,High
S08911,ML,Yes,Yes,Yes,Yes,Yes,No,Yes,Evening,High,Videos,4.7,6,High
S08912,CN,Yes,Yes,Yes,Yes,Yes,No,Yes,Evening,Medium,Notes,2.7,6,High
S08913,OS,No,No,Yes,No,Yes,Yes,Yes,Night,Medium,Mixed,3.9,4,Low
S08914,OS,Yes,No,Yes,No,No,No,No,Night,Medium,Videos,3.6,4,Low
S08915,OS,Yes,No,Yes,No,No,Yes,Yes,Morning,High,Videos,4.2,6,Low
S08916,ML,Yes,Yes,Yes,Yes,No,No,Yes,Evening,Medium,Mixed,3.6,8,High
S08917,CN,Yes,Yes,Yes,Yes,No,No,Yes,Morning,Medium,Mixed,3.4,5,Medium
S08918,DSA,Yes,No,Yes,Yes,Yes,Yes,Yes,Morning,High,Notes,4.6,7,High
S08919,OS,No,Yes,No,No,No,Yes,No,Afternoon,High,Mixed,1.5,2,Low
S08920,DSA,No,Yes,No,No,No,No,Yes,Morning,High,Notes,0.8,3,Low
S08921,CN,Yes,No,Yes,Yes,No,Yes,Yes,Night,Low,Mixed,2.0,7,Medium
S08922,OS,No,Yes,Yes,Yes,Yes,No,No,Evening,High,Mixed,3.2,5,High
S08923,DBMS,Yes,No,Yes,No,Yes,Yes,Yes,Evening,Medium,Notes,4.4,5,Medium
S08924,DBMS,Yes,Yes,Yes,Yes,No,Yes,Yes,Morning,High,Videos,3.6,5,High
S08925,ML,Yes,Yes,Yes,No,No,No,Yes,Night,High,Mixed,1.2,7,Low
S08926,ML,Yes,Yes,Yes,No,No,No,No,Afternoon,High,Notes,2.6,4,Low
S08927,DBMS,No,No,No,No,Yes,No,Yes,Afternoon,Medium,Mixed,2.6,4,Low
S08928,DBMS,No,No,No,Yes,No,Yes,No,Night,Medium,Notes,3.2,4,Low
S08929,ML,Yes,No,Yes,Yes,No,No,Yes,Evening,Medium,Videos,2.6,6,Medium
S08930,ML,Yes,Yes,Yes,No,Yes,Yes,Yes,Evening,Medium,Videos,3.0,5,High
S08931,DSA,Yes,No,Yes,Yes,Yes,Yes,Yes,Night,High,Mixed,2.4,6,High
S08932,CN,Yes,No,No,Yes,No,No,Yes,Evening,Low,Videos,2.8,4,Low
S08933,CN,Yes,No,No,No,No,No,Yes,Afternoon,High,Mixed,0.5,2,Low
S08934,CN,No,No,No,Yes,Yes,No,Yes,Afternoon,High,Mixed,2.6,3,Medium
S08935,OS,No,No,No,Yes,Yes,No,Yes,Afternoon,High,Notes,2.4,3,High
S08936,OS,No,No,No,No,No,No,Yes,Night,High,Mixed,3.0,2,Low
S08937,CN,Yes,Yes,Yes,Yes,Yes,No,Yes,Afternoon,Medium,Videos,5.1,5,High
S08938,ML,Yes,No,No,Yes,No,No,No,Morning,High,Notes,1.4,3,Low
S08939,OS,Yes,Yes,Yes,Yes,No,No,Yes,Night,High,Mixed,3.0,8,High
S08940,ML,No,No,No,No,Yes,No,Yes,Night,High,Videos,0.5,5,Low
S08941,DSA,Yes,Yes,Yes,No,No,Yes,No,Night,High,Videos,1.6,5,Low
S08942,DBMS,Yes,Yes,Yes,Yes,Yes,No,Yes,Afternoon,Low,Videos,2.9,5,High
S08943,ML,Yes,Yes,Yes,Yes,Yes,No,Yes,Morning,High,Mixed,4.2,5,High
S08944,DSA,No,No,Yes,No,No,No,Yes,Night,Low,Notes,3.0,4,Low
S08945,DSA,No,Yes,No,Yes,No,No,Yes,Evening,Medium,Videos,1.3,5,Low
S08946,ML,No,No,Yes,Yes,Yes,No,Yes,Afternoon,Low,Videos,5.1,5,Medium
S08947,CN,Yes,No,Yes,Yes,Yes,No,Yes,Night,High,Notes,5.6,6,High
S08948,DSA,No,Yes,Yes,Yes,No,No,Yes,Evening,Medium,Videos,2.7,6,High
S08949,DSA,Yes,Yes,No,No,No,No,Yes,Evening,High,Videos,0.8,4,Medium
S08950,CN,Yes,No,No,Yes,Yes,Yes,No,Evening,High,Notes,3.7,6,Medium
S08951,DSA,Yes,No,No,No,No,Yes,Yes,Afternoon,High,Mixed,1.3,5,Low
S08952,ML,Yes,Yes,Yes,Yes,Yes,No,No,Evening,High,Videos,3.9,7,High
S08953,DSA,Yes,No,Yes,Yes,Yes,No,Yes,Evening,Medium,Notes,4.0,8,High
S08954,DSA,No,Yes,Yes,No,Yes,No,Yes,Morning,High,Mixed,3.5,7,Medium
S08955,DSA,Yes,No,Yes,Yes,Yes,Yes,Yes,Morning,Medium,Videos,6.1,8,High
S08956,DBMS,Yes,No,Yes,Yes,Yes,Yes,No,Night,Medium,Mixed,3.6,5,High
S08957,ML,No,Yes,No,No,No,No,Yes,Night,High,Notes,1.9,5,Low
S08958,ML,No,Yes,No,No,No,No,Yes,Morning,Medium,Videos,0.5,4,Low
S08959,DBMS,Yes,No,Yes,No,Yes,No,Yes,Afternoon,Medium,Notes,1.3,6,Medium
S08960,CN,Yes,Yes,Yes,Yes,Yes,Yes,Yes,Evening,High,Mixed,4.9,5,High
S08961,ML,Yes,Yes,Yes,Yes,No,No,No,Evening,High,Notes,2.8,5,Medium
S08962,DBMS,Yes,Yes,Yes,Yes,Yes,No,Yes,Evening,Medium,Mixed,4.5,7,High
S08963,DBMS,No,No,No,No,No,No,Yes,Afternoon,Medium,Mixed,2.0,4,Low
S08964,DBMS,Yes,Yes,No,Yes,Yes,No,Yes,Night,High,Mixed,3.6,6,High
S08965,DBMS,Yes,Yes,No,No,No,Yes,Yes,Morning,High,Videos,1.0,5,Low
S08966,ML,Yes,No,No,No,No,No,No,Night,High,Mixed,2.0,2,Low
S08967,DBMS,Yes,No,Yes,Yes,Yes,No,No,Evening,High,Videos,5.4,6,High
S08968,DSA,Yes,Yes,No,No,No,No,No,Morning,High,Videos,1.6,3,Low
S08969,DSA,No,No,No,Yes,No,No,No,Night,Low,Mixed,3.3,4,Low
S08970,OS,Yes,Yes,Yes,No,No,No,Yes,Night,Medium,Videos,2.2,4,Low
S08971,OS,No,Yes,No,No,Yes,No,No,Night,High,Notes,1.9,4,Low
S08972,OS,Yes,Yes,No,No,Yes,No,Yes,Evening,Low,Notes,3.3,3,Low
S08973,OS,No,Yes,No,No,No,No,No,Night,Low,Mixed,1.0,2,Low
S08974,OS,Yes,Yes,Yes,Yes,Yes,Yes,No,Afternoon,Medium,Videos,3.5,5,High
S08975,OS,Yes,No,Yes,No,No,Yes,Yes,Afternoon,High,Videos,2.0,4,Low
S08976,OS,Yes,Yes,No,No,Yes,No,Yes,Night,Medium,Videos,1.3,5,Medium
S08977,OS,Yes,Yes,No,Yes,Yes,No,Yes,Evening,Medium,Videos,3.4,6,Medium
S08978,DBMS,No,No,Yes,Yes,Yes,No,No,Evening,Medium,Mixed,3.8,5,High
S08979,DSA,No,Yes,Yes,Yes,Yes,Yes,No,Evening,High,Mixed,4.2,5,High
S08980,CN,No,No,Yes,No,No,No,No,Evening,Medium,Notes,1.7,4,Low
S08981,ML,Yes,Yes,Yes,Yes,Yes,Yes,No,Night,High,Mixed,3.4,8,High
S08982,OS,Yes,No,No,Yes,No,No,No,Afternoon,High,Notes,2.9,3,Low
S08983,DSA,No,Yes,No,No,No,No,No,Morning,Low,Mixed,1.0,4,Low
S08984,OS,No,Yes,No,No,No,No,Yes,Afternoon,Medium,Videos,2.1,5,Low
S08985,DBMS,Yes,No,Yes,Yes,No,Yes,No,Night,High,Notes,3.2,7,High
S08986,ML,No,Yes,No,No,No,No,No,Afternoon,High,Mixed,1.8,2,Low
S08987,DBMS,Yes,Yes,No,No,No,No,Yes,Night,Medium,Videos,3.5,3,Medium
S08988,CN,No,Yes,Yes,No,No,Yes,Yes,Morning,High,Videos,3.3,6,Medium
S08989,ML,Yes,Yes,Yes,Yes,Yes,No,Yes,Morning,Low,Mixed,5.1,8,High
S08990,OS,Yes,Yes,No,Yes,No,Yes,Yes,Night,Low,Videos,1.4,5,Low
S08991,OS,No,No,No,No,Yes,No,Yes,Evening,High,Mixed,2.5,4,Low
S08992,ML,Yes,Yes,Yes,Yes,Yes,No,Yes,Evening,High,Notes,5.3,5,High
S08993,ML,Yes,No,Yes,Yes,Yes,Yes,Yes,Evening,High,Notes,4.4,7,High
S08994,ML,Yes,No,No,No,No,No,Yes,Evening,Medium,Notes,1.4,4,Low
S08995,ML,Yes,Yes,Yes,No,No,No,No,Evening,High,Mixed,2.3,4,Low
S08996,DSA,No,No,No,No,No,Yes,Yes,Evening,Medium,Mixed,0.7,5,Low
S08997,DSA,No,Yes,Yes,No,Yes,No,No,Evening,Medium,Videos,2.8,5,Medium
S08998,DBMS,Yes,Yes,No,No,Yes,Yes,No,Evening,Low,Mixed,1.5,5,Low
S08999,CN,No,No,No,No,Yes,No,No,Evening,High,Mixed,1.5,5,Low
S09000,CN,No,No,No,Yes,Yes,Yes,No,Morning,High,Mixed,3.4,3,High
S09001,OS,No,Yes,No,No,Yes,Yes,Yes,Afternoon,High,Mixed,1.7,5,Low
S09002,CN,Yes,No,No,No,Yes,No,Yes,Afternoon,Medium,Videos,2.6,3,Low
S09003,CN,Yes,No,Yes,Yes,No,No,Yes,Night,High,Notes,3.4,8,High
S09004,DSA,Yes,Yes,Yes,Yes,No,No,Yes,Evening,High,Mixed,5.2,8,Medium
S09005,CN,Yes,Yes,No,No,No,No,Yes,Morning,Medium,Notes,1.3,5,Low
S09006,OS,No,No,No,Yes,Yes,No,No,Night,High,Mixed,3.5,4,Low
S09007,OS,Yes,No,No,No,No,No,No,Afternoon,High,Notes,0.9,2,Low
S09008,OS,Yes,No,No,Yes,No,Yes,Yes,Morning,Medium,Mixed,2.0,5,Low
S09009,CN,No,Yes,No,No,No,No,Yes,Morning,Low,Mixed,1.4,4,Low
S09010,DBMS,Yes,No,Yes,Yes,No,No,No,Evening,Medium,Videos,3.5,8,Medium
S09011,CN,Yes,Yes,No,No,Yes,Yes,Yes,Afternoon,High,Mixed,2.0,5,Low
S09012,DBMS,No,No,Yes,No,Yes,Yes,Yes,Evening,High,Videos,2.4,5,High
S09013,ML,No,No,No,Yes,Yes,No,Yes,Night,High,Mixed,3.7,6,Low
S09014,CN,Yes,No,No,Yes,No,No,Yes,Evening,Low,Videos,2.7,6,Low
S09015,DSA,No,Yes,No,Yes,No,Yes,No,Night,High,Videos,3.2,3,Medium
S09016,ML,No,No,Yes,Yes,Yes,No,No,Afternoon,Medium,Mixed,3.9,6,High
S09017,DSA,No,No,No,No,No,Yes,No,Evening,High,Notes,2.7,3,Low
S09018,ML,Yes,Yes,No,Yes,No,No,Yes,Night,High,Videos,2.2,3,Low
S09019,DBMS,No,Yes,Yes,Yes,No,No,No,Evening,Medium,Mixed,2.0,8,Low
S09020,DSA,No,Yes,Yes,No,No,Yes,Yes,Night,Medium,Notes,2.6,4,Low
S09021,DSA,Yes,No,No,No,No,No,Yes,Evening,Medium,Notes,0.5,5,Low
S09022,DBMS,No,Yes,No,Yes,No,No,Yes,Morning,High,Notes,2.5,5,Low
S09023,CN,No,No,No,No,No,No,Yes,Night,Low,Notes,1.7,4,Low
S09024,CN,Yes,Yes,Yes,No,No,No,No,Afternoon,High,Videos,0.6,4,Low
S09025,CN,No,No,Yes,No,Yes,No,Yes,Night,High,Videos,1.3,5,Medium
S09026,OS,Yes,Yes,Yes,No,Yes,No,No,Morning,High,Notes,2.2,6,High
S09027,CN,No,Yes,No,No,No,No,No,Evening,High,Mixed,1.4,3,Low
S09028,ML,No,Yes,Yes,Yes,No,No,No,Evening,High,Notes,2.1,8,Medium
S09029,DSA,Yes,Yes,Yes,No,Yes,No,No,Evening,High,Mixed,4.2,7,Medium
S09030,ML,Yes,No,Yes,No,Yes,No,No,Evening,High,Mixed,2.1,6,Low
S09031,ML,Yes,No,Yes,Yes,Yes,No,No,Morning,Low,Mixed,4.7,5,Medium
S09032,DSA,No,No,Yes,Yes,No,Yes,Yes,Afternoon,Low,Videos,1.5,6,Low
S09033,DBMS,Yes,No,No,Yes,No,No,Yes,Evening,Medium,Videos,3.5,4,Medium
S09034,DSA,No,No,No,No,No,No,No,Evening,High,Videos,2.2,3,Low
S09035,CN,Yes,No,Yes,No,No,No,Yes,Evening,High,Mixed,1.0,4,Low
S09036,OS,Yes,No,Yes,Yes,Yes,Yes,Yes,Morning,High,Mixed,4.0,8,High
S09037,DBMS,No,Yes,No,No,No,No,No,Evening,High,Videos,2.0,4,Low
S09038,OS,Yes,Yes,Yes,No,Yes,Yes,No,Afternoon,High,Mixed,4.4,5,Medium
S09039,DSA,Yes,No,Yes,Yes,No,No,Yes,Morning,Medium,Videos,1.9,7,Medium
S09040,DBMS,Yes,No,Yes,No,Yes,No,Yes,Evening,Medium,Mixed,4.6,4,Medium
S09041,DSA,Yes,No,No,No,Yes,No,No,Evening,High,Videos,1.9,4,Low
S09042,DBMS,Yes,Yes,No,Yes,No,No,No,Evening,Medium,Videos,4.3,3,Low
S09043,DSA,Yes,No,Yes,Yes,Yes,Yes,No,Afternoon,Medium,Notes,5.4,6,High
S09044,CN,Yes,Yes,Yes,Yes,Yes,No,No,Morning,High,Notes,0.9,5,High
S09045,DBMS,Yes,Yes,Yes,No,Yes,No,Yes,Afternoon,High,Videos,3.7,6,Medium
S09046,DBMS,Yes,No,No,Yes,No,Yes,No,Night,High,Notes,2.1,4,Low
S09047,DSA,Yes,No,Yes,No,No,No,Yes,Afternoon,High,Videos,3.3,4,Low
S09048,DSA,Yes,Yes,No,No,No,No,Yes,Afternoon,High,Notes,2.0,3,Low
S09049,CN,No,Yes,No,No,Yes,No,No,Night,High,Notes,2.4,3,Low
S09050,ML,Yes,No,No,No,Yes,No,Yes,Night,High,Videos,2.7,4,Low
S09051,OS,Yes,Yes,Yes,No,No,Yes,Yes,Evening,High,Notes,1.6,4,Low
S09052,CN,Yes,Yes,Yes,Yes,Yes,No,Yes,Night,Low,Mixed,2.2,6,High
S09053,CN,No,No,Yes,Yes,No,No,Yes,Night,High,Notes,3.9,7,Medium
S09054,ML,No,No,No,No,Yes,Yes,No,Afternoon,High,Videos,2.4,2,Low
S09055,DSA,No,Yes,No,No,No,No,No,Evening,Medium,Videos,2.6,5,Low
S09056,DSA,No,No,Yes,No,No,No,Yes,Afternoon,Medium,Mixed,3.0,5,Medium
S09057,DBMS,No,No,No,Yes,No,Yes,No,Evening,Medium,Notes,1.9,3,Low
S09058,DSA,No,Yes,Yes,Yes,Yes,No,No,Evening,High,Notes,4.2,8,High
S09059,ML,Yes,Yes,Yes,Yes,Yes,No,Yes,Evening,High,Mixed,5.1,6,High
S09060,CN,No,Yes,Yes,Yes,Yes,No,No,Night,Medium,Videos,4.1,7,Medium
S09061,DSA,No,Yes,No,No,No,No,No,Night,High,Mixed,0.5,2,Low
S09062,OS,No,No,Yes,Yes,No,No,No,Evening,High,Notes,4.6,7,Medium
S09063,CN,Yes,Yes,Yes,Yes,Yes,No,Yes,Morning,Medium,Mixed,3.0,6,High
S09064,ML,No,No,Yes,Yes,Yes,Yes,Yes,Morning,Low,Notes,3.4,8,Medium
S09065,CN,Yes,Yes,Yes,No,No,No,Yes,Evening,Low,Mixed,1.6,5,Low
S09066,ML,Yes,No,Yes,Yes,Yes,No,Yes,Night,Medium,Notes,4.1,8,High
S09067,CN,Yes,Yes,Yes,Yes,Yes,No,No,Morning,High,Videos,3.5,7,High
S09068,DBMS,Yes,No,No,No,Yes,Yes,Yes,Night,High,Mixed,2.7,4,Low
S09069,ML,No,No,No,No,No,No,Yes,Evening,High,Notes,2.3,2,Low
S09070,ML,Yes,Yes,Yes,Yes,Yes,Yes,Yes,Evening,Medium,Videos,2.5,5,High
S09071,DSA,Yes,Yes,No,Yes,Yes,No,Yes,Evening,High,Mixed,0.9,3,High
S09072,DSA,Yes,No,No,Yes,Yes,No,Yes,Night,Medium,Notes,2.4,4,Low
S09073,CN,No,No,No,No,Yes,Yes,No,Afternoon,Medium,Videos,2.9,4,Low
S09074,DSA,No,No,Yes,Yes,Yes,No,No,Night,Medium,Mixed,4.2,5,High
S09075,CN,No,Yes,No,No,Yes,No,No,Morning,High,Notes,2.8,5,Low
S09076,DBMS,Yes,Yes,Yes,Yes,Yes,No,Yes,Night,Medium,Notes,2.8,6,High
S09077,DBMS,No,Yes,Yes,Yes,Yes,No,No,Evening,Low,Mixed,2.8,7,Medium
S09078,ML,No,No,No,No,Yes,No,Yes,Evening,Medium,Mixed,2.8,4,Low
S09079,DBMS,Yes,Yes,Yes,No,Yes,No,Yes,Evening,High,Videos,2.1,6,Medium
S09080,CN,Yes,Yes,No,Yes,Yes,No,Yes,Night,Low,Videos,3.2,3,Low
S09081,OS,Yes,No,Yes,Yes,No,No,Yes,Night,Medium,Notes,1.9,7,Low
S09082,CN,Yes,Yes,Yes,Yes,Yes,Yes,Yes,Night,High,Notes,3.7,6,High
S09083,CN,Yes,No,Yes,Yes,Yes,No,Yes,Morning,Medium,Videos,3.2,6,High
S09084,OS,Yes,Yes,No,Yes,Yes,No,Yes,Evening,High,Mixed,3.4,3,Low
S09085,DSA,Yes,No,Yes,Yes,Yes,No,No,Afternoon,High,Videos,2.4,6,High
S09086,DSA,Yes,Yes,No,No,No,No,No,Afternoon,High,Videos,2.3,5,Low
S09087,OS,Yes,No,No,No,No,Yes,No,Night,High,Videos,1.6,4,Low
S09088,OS,No,No,Yes,No,No,No,No,Evening,High,Videos,3.3,6,Low
S09089,DSA,Yes,Yes,Yes,Yes,No,Yes,Yes,Night,Low,Videos,2.6,7,Low
S09090,CN,Yes,Yes,No,No,Yes,No,No,Morning,High,Videos,2.8,4,Low
S09091,OS,No,No,No,No,No,No,No,Evening,Medium,Mixed,1.0,3,Low
S09092,CN,Yes,Yes,Yes,No,No,No,Yes,Night,Low,Mixed,3.8,7,Low
S09093,ML,Yes,Yes,Yes,Yes,Yes,No,No,Afternoon,High,Videos,2.4,6,High
S09094,OS,Yes,No,Yes,No,No,No,Yes,Evening,High,Mixed,1.0,5,Medium
S09095,DSA,Yes,Yes,No,Yes,No,No,Yes,Afternoon,Medium,Mixed,2.2,4,Medium
S09096,OS,Yes,Yes,Yes,Yes,No,Yes,Yes,Evening,Low,Notes,3.4,6,Medium
S09097,DBMS,Yes,Yes,Yes,Yes,Yes,No,No,Morning,Low,Notes,4.1,6,Medium
S09098,ML,Yes,Yes,Yes,Yes,Yes,Yes,No,Evening,Medium,Videos,4.4,5,High
S09099,DSA,Yes,Yes,No,No,No,No,Yes,Morning,High,Notes,0.5,4,Low
S09100,OS,No,Yes,Yes,No,Yes,No,Yes,Evening,High,Notes,4.7,6,Medium
S09101,OS,Yes,Yes,No,No,Yes,Yes,No,Evening,High,Notes,2.0,5,Low
S09102,CN,Yes,Yes,Yes,No,Yes,No,Yes,Evening,Medium,Videos,3.8,5,Medium
S09103,DSA,Yes,No,Yes,Yes,Yes,No,Yes,Morning,High,Videos,4.0,8,High
S09104,OS,No,No,No,No,No,No,Yes,Evening,Low,Mixed,2.4,2,Low
S09105,DBMS,No,Yes,No,No,No,No,No,Afternoon,Low,Videos,4.8,2,Low
S09106,ML,No,Yes,No,Yes,Yes,No,No,Evening,Medium,Mixed,2.0,3,Low
S09107,ML,Yes,No,Yes,Yes,Yes,No,No,Morning,High,Notes,4.0,6,High
S09108,DSA,Yes,Yes,Yes,Yes,Yes,Yes,Yes,Morning,High,Mixed,3.7,5,High
S09109,ML,No,No,Yes,No,Yes,No,Yes,Evening,High,Notes,4.3,6,Medium
S09110,CN,Yes,Yes,Yes,No,Yes,No,Yes,Night,Medium,Videos,3.7,6,Medium
S09111,ML,No,Yes,No,Yes,No,No,Yes,Night,High,Notes,3.2,4,Low
S09112,DSA,Yes,Yes,Yes,No,Yes,No,Yes,Morning,High,Notes,2.7,7,Medium
S09113,DBMS,Yes,No,No,No,No,No,Yes,Evening,Medium,Notes,2.2,3,Low
S09114,ML,Yes,Yes,Yes,Yes,No,No,Yes,Night,Medium,Mixed,2.5,7,High
S09115,OS,Yes,Yes,No,No,No,No,Yes,Evening,Medium,Videos,1.0,4,Low
S09116,ML,No,Yes,No,No,No,No,Yes,Night,High,Mixed,2.5,2,Low
S09117,OS,Yes,No,No,Yes,No,No,No,Morning,High,Notes,3.1,3,Low
S09118,DBMS,Yes,Yes,Yes,Yes,Yes,Yes,Yes,Night,High,Notes,4.8,6,High
S09119,DBMS,Yes,No,No,No,No,No,Yes,Evening,High,Videos,0.7,3,Low
S09120,CN,No,Yes,No,No,No,No,Yes,Evening,Medium,Mixed,2.2,2,Low
S09121,ML,Yes,Yes,Yes,Yes,No,No,Yes,Evening,High,Notes,2.4,8,Medium
S09122,DSA,No,Yes,No,No,No,No,No,Night,High,Mixed,1.6,5,Low
S09123,DBMS,No,No,No,Yes,Yes,No,Yes,Afternoon,High,Notes,3.6,3,Low
S09124,CN,Yes,Yes,Yes,Yes,No,No,Yes,Afternoon,High,Notes,3.6,5,High
S09125,OS,No,Yes,Yes,No,Yes,No,Yes,Evening,Low,Videos,4.2,5,Low
S09126,ML,No,No,Yes,No,Yes,No,No,Night,High,Videos,1.7,5,Medium
S09127,DSA,Yes,Yes,Yes,Yes,Yes,No,Yes,Night,High,Notes,3.5,7,High
S09128,DSA,Yes,Yes,No,Yes,Yes,No,Yes,Morning,High,Mixed,1.7,4,Medium
S09129,DBMS,Yes,Yes,No,Yes,No,No,No,Morning,Medium,Videos,1.9,3,Low
S09130,DBMS,No,No,Yes,Yes,No,No,No,Night,Medium,Mixed,3.3,5,Low
S09131,CN,Yes,Yes,Yes,No,No,No,No,Evening,Low,Mixed,2.5,5,Low
S09132,DBMS,No,No,No,Yes,No,Yes,Yes,Evening,High,Videos,3.1,6,Low
S09133,CN,Yes,No,Yes,Yes,No,No,No,Evening,High,Mixed,4.1,6,Medium
S09134,OS,Yes,Yes,No,No,Yes,Yes,Yes,Morning,High,Mixed,1.6,3,Low
S09135,DBMS,Yes,Yes,Yes,No,No,No,Yes,Evening,Medium,Notes,2.9,5,Low
S09136,CN,No,No,Yes,No,No,No,Yes,Evening,Medium,Mixed,4.0,5,Low
S09137,DSA,Yes,No,Yes,Yes,Yes,No,Yes,Evening,High,Videos,5.4,5,High
S09138,DBMS,No,No,No,Yes,Yes,Yes,Yes,Evening,Low,Notes,2.9,3,Low
S09139,ML,Yes,Yes,Yes,No,No,No,Yes,Night,High,Notes,3.0,5,Medium
S09140,DBMS,Yes,No,Yes,No,No,No,No,Evening,Medium,Videos,2.5,5,Low
S09141,DBMS,Yes,No,No,No,No,No,Yes,Evening,Medium,Notes,0.5,5,Low
S09142,OS,No,No,No,No,No,No,Yes,Morning,Medium,Videos,0.5,2,Low
S09143,DBMS,Yes,Yes,No,No,No,No,Yes,Evening,High,Videos,1.0,2,Low
S09144,DBMS,No,No,Yes,No,No,No,Yes,Evening,High,Videos,2.1,5,Medium
S09145,DBMS,Yes,No,Yes,Yes,No,No,Yes,Evening,High,Videos,3.0,8,Low
S09146,ML,No,No,No,Yes,Yes,No,No,Evening,High,Videos,2.2,4,Medium
S09147,DBMS,Yes,No,Yes,Yes,No,No,Yes,Morning,High,Notes,3.3,5,High
S09148,DSA,Yes,No,Yes,No,No,No,Yes,Night,High,Mixed,2.3,4,Medium
S09149,CN,Yes,Yes,Yes,Yes,Yes,No,Yes,Night,High,Notes,3.3,7,High
S09150,CN,Yes,Yes,Yes,Yes,No,Yes,Yes,Morning,Low,Mixed,2.7,5,Medium
S09151,DSA,Yes,Yes,No,No,No,No,Yes,Afternoon,High,Notes,0.9,3,Low
S09152,DSA,Yes,No,No,No,No,No,No,Night,Medium,Mixed,2.5,5,Low
S09153,ML,Yes,Yes,Yes,Yes,Yes,No,Yes,Morning,Medium,Notes,4.4,7,High
S09154,OS,No,No,Yes,No,Yes,No,No,Afternoon,High,Mixed,2.7,5,Low
S09155,DSA,Yes,No,Yes,Yes,Yes,No,No,Night,High,Mixed,4.6,7,High
S09156,ML,No,No,No,No,No,No,Yes,Afternoon,High,Mixed,1.1,2,Low
S09157,DSA,Yes,No,Yes,No,No,No,Yes,Afternoon,High,Mixed,2.3,6,Medium
S09158,OS,Yes,No,No,No,No,Yes,Yes,Evening,Medium,Mixed,1.3,2,Low
S09159,CN,Yes,Yes,No,No,Yes,No,No,Night,High,Mixed,3.1,2,Low
S09160,DSA,Yes,Yes,No,No,No,Yes,No,Morning,High,Notes,1.7,4,Low
S09161,CN,Yes,Yes,Yes,No,Yes,No,Yes,Evening,High,Videos,2.7,4,Medium
S09162,DSA,No,No,No,No,No,No,No,Evening,Medium,Mixed,2.7,3,Low
S09163,ML,No,Yes,No,No,No,No,Yes,Night,High,Notes,1.3,5,Low
S09164,OS,Yes,Yes,Yes,No,No,No,Yes,Afternoon,High,Videos,1.5,4,Medium
S09165,ML,Yes,No,Yes,Yes,Yes,No,No,Night,Low,Mixed,3.3,6,Medium
S09166,OS,Yes,Yes,Yes,No,Yes,No,Yes,Evening,High,Videos,1.7,4,Medium
S09167,DSA,Yes,No,Yes,Yes,No,No,No,Evening,Medium,Videos,2.7,7,Low
S09168,ML,Yes,Yes,No,No,No,Yes,Yes,Evening,High,Videos,1.1,3,Low
S09169,DBMS,Yes,No,No,Yes,Yes,No,No,Evening,Medium,Notes,1.9,3,Low
S09170,ML,Yes,Yes,No,Yes,Yes,No,Yes,Afternoon,Low,Videos,2.2,6,Medium
S09171,ML,Yes,No,Yes,No,No,Yes,Yes,Night,Low,Mixed,1.6,6,Low
S09172,CN,No,No,Yes,No,No,Yes,Yes,Afternoon,Medium,Mixed,3.3,5,Low
S09173,DSA,Yes,Yes,Yes,Yes,No,No,Yes,Night,High,Videos,1.8,7,Medium
S09174,DSA,Yes,Yes,Yes,Yes,Yes,No,Yes,Night,High,Videos,2.8,7,High
S09175,ML,No,No,No,Yes,No,No,No,Evening,Low,Videos,2.3,6,Low
S09176,OS,No,Yes,Yes,No,No,Yes,Yes,Morning,High,Mixed,1.0,7,Medium
S09177,DSA,Yes,No,Yes,Yes,No,No,Yes,Morning,High,Notes,3.4,7,High
S09178,DSA,Yes,Yes,Yes,No,Yes,No,Yes,Night,Medium,Notes,2.0,5,Medium
S09179,DSA,No,No,No,No,No,No,Yes,Afternoon,High,Mixed,1.9,3,Low
S09180,DSA,Yes,Yes,Yes,Yes,No,No,Yes,Evening,High,Videos,2.7,8,High
S09181,ML,Yes,No,Yes,Yes,No,No,Yes,Night,Medium,Videos,2.9,6,Low
S09182,ML,Yes,No,No,No,No,No,Yes,Morning,High,Mixed,2.1,3,Low
S09183,DBMS,Yes,Yes,Yes,No,No,Yes,Yes,Evening,Low,Videos,2.5,6,Low
S09184,DSA,No,No,No,Yes,No,No,Yes,Evening,High,Mixed,0.8,3,Low
S09185,DBMS,No,No,No,Yes,Yes,Yes,Yes,Evening,Medium,Notes,3.0,3,Low
S09186,ML,No,No,Yes,No,No,No,Yes,Evening,High,Notes,2.3,5,Low
S09187,OS,No,No,Yes,Yes,No,Yes,No,Afternoon,High,Videos,3.0,5,Medium
S09188,DBMS,Yes,No,Yes,Yes,No,No,Yes,Morning,High,Videos,2.9,7,Medium
S09189,DBMS,No,No,Yes,Yes,Yes,No,Yes,Evening,Medium,Videos,3.1,6,High
S09190,DSA,No,No,No,No,Yes,No,Yes,Morning,High,Notes,2.3,4,Low
S09191,DSA,Yes,No,Yes,No,Yes,No,Yes,Evening,High,Videos,2.5,6,High
S09192,OS,Yes,Yes,Yes,No,Yes,Yes,Yes,Morning,High,Mixed,4.7,6,High
S09193,DSA,Yes,Yes,No,No,No,Yes,No,Morning,High,Mixed,3.0,5,Low
S09194,DSA,Yes,No,No,Yes,No,No,Yes,Evening,High,Mixed,2.2,6,Low
S09195,DBMS,Yes,No,No,Yes,No,No,Yes,Afternoon,High,Mixed,3.0,6,Low
S09196,CN,Yes,Yes,No,Yes,Yes,No,No,Evening,Low,Mixed,2.7,6,Low
S09197,ML,Yes,Yes,Yes,No,Yes,No,Yes,Morning,High,Mixed,2.7,6,Medium
S09198,ML,Yes,No,Yes,Yes,No,No,Yes,Night,High,Notes,3.3,5,Medium
S09199,ML,Yes,No,Yes,No,No,No,No,Morning,High,Videos,1.7,7,Low
S09200,OS,Yes,Yes,No,No,No,No,Yes,Morning,Medium,Videos,0.7,2,Low
S09201,DBMS,Yes,No,Yes,Yes,Yes,No,No,Evening,Medium,Mixed,5.7,7,High
S09202,DBMS,No,No,No,No,Yes,No,No,Night,High,Mixed,2.0,5,Low
S09203,OS,Yes,Yes,Yes,Yes,No,No,Yes,Morning,Low,Notes,3.8,7,High
S09204,ML,Yes,No,Yes,Yes,No,Yes,No,Morning,High,Mixed,3.9,7,Medium
S09205,OS,Yes,Yes,No,Yes,No,No,No,Evening,High,Mixed,1.5,5,Medium
S09206,DBMS,No,No,Yes,Yes,No,No,Yes,Evening,Medium,Notes,2.0,8,Medium
S09207,DBMS,No,Yes,No,Yes,No,Yes,Yes,Afternoon,High,Videos,3.7,6,Medium
S09208,OS,Yes,No,Yes,Yes,Yes,No,No,Morning,High,Videos,4.1,8,High
S09209,ML,Yes,Yes,No,No,Yes,No,Yes,Night,Medium,Videos,2.1,4,Medium
S09210,DBMS,No,No,No,No,No,No,Yes,Morning,High,Videos,1.9,2,Low
S09211,CN,No,No,Yes,Yes,Yes,No,No,Evening,High,Videos,4.3,6,High
S09212,ML,Yes,Yes,No,No,Yes,Yes,Yes,Night,Medium,Notes,3.0,3,Low
S09213,DBMS,Yes,No,Yes,No,Yes,No,Yes,Morning,High,Notes,3.9,4,Medium
S09214,DSA,Yes,Yes,Yes,No,Yes,No,Yes,Night,Medium,Videos,3.1,7,High
S09215,ML,Yes,Yes,Yes,No,Yes,No,No,Evening,High,Mixed,3.1,4,Medium
S09216,DSA,No,No,No,No,No,No,Yes,Evening,Low,Mixed,2.7,5,Low
S09217,DBMS,No,No,No,No,No,No,No,Morning,High,Mixed,0.5,2,Low
S09218,DBMS,No,No,Yes,No,Yes,No,No,Night,Low,Mixed,3.2,6,Low
S09219,DSA,No,No,No,Yes,Yes,No,Yes,Night,High,Mixed,1.8,6,Medium
S09220,CN,Yes,Yes,No,Yes,No,No,No,Afternoon,High,Videos,0.8,4,Low
S09221,DBMS,No,Yes,Yes,No,No,No,Yes,Afternoon,High,Mixed,1.8,5,Medium
S09222,DSA,Yes,Yes,No,No,No,No,No,Evening,High,Mixed,0.5,4,Low
S09223,DSA,Yes,Yes,Yes,Yes,No,Yes,Yes,Night,High,Notes,3.8,5,Medium
S09224,OS,No,No,No,No,No,Yes,Yes,Night,Medium,Mixed,0.5,5,Low
S09225,CN,Yes,Yes,Yes,Yes,No,Yes,Yes,Afternoon,High,Videos,4.4,6,High
S09226,ML,No,No,No,No,No,No,Yes,Evening,Medium,Mixed,1.2,2,Low
S09227,OS,No,Yes,Yes,Yes,Yes,Yes,Yes,Evening,High,Notes,4.6,5,High
S09228,OS,No,Yes,Yes,Yes,Yes,No,Yes,Afternoon,High,Videos,3.3,8,High
S09229,OS,No,No,No,No,No,No,Yes,Morning,High,Mixed,0.8,4,Low
S09230,OS,Yes,Yes,No,No,No,No,Yes,Afternoon,High,Videos,1.2,2,Low
S09231,OS,Yes,No,Yes,No,No,Yes,Yes,Afternoon,Low,Videos,2.1,7,Low
S09232,CN,No,No,No,No,Yes,Yes,No,Evening,High,Mixed,1.8,5,Low
S09233,CN,Yes,No,No,Yes,Yes,No,No,Evening,Low,Notes,2.2,6,Low
S09234,ML,No,No,Yes,Yes,Yes,No,Yes,Night,High,Videos,3.8,7,High
S09235,OS,Yes,No,Yes,Yes,No,No,Yes,Evening,Medium,Videos,3.5,8,Medium
S09236,CN,Yes,Yes,Yes,Yes,Yes,Yes,Yes,Morning,High,Videos,4.3,6,High
S09237,CN,Yes,No,Yes,Yes,Yes,No,Yes,Evening,High,Mixed,5.0,5,High
S09238,OS,No,Yes,No,No,No,No,No,Morning,High,Videos,1.6,2,Low
S09239,DBMS,No,Yes,Yes,Yes,Yes,No,Yes,Morning,High,Videos,4.5,8,High
S09240,DSA,No,No,No,No,Yes,No,Yes,Night,Medium,Mixed,3.4,4,Low
S09241,OS,Yes,No,Yes,No,Yes,No,Yes,Morning,High,Mixed,2.4,6,Low
S09242,OS,Yes,No,No,Yes,No,Yes,Yes,Evening,Medium,Videos,2.9,6,Low
S09243,DSA,Yes,No,Yes,No,Yes,No,Yes,Night,High,Mixed,2.5,5,Low
S09244,OS,Yes,No,Yes,Yes,Yes,No,No,Evening,Medium,Mixed,3.3,8,High
S09245,ML,Yes,No,No,No,No,Yes,No,Evening,High,Notes,1.6,4,Low
S09246,CN,Yes,Yes,Yes,Yes,No,No,Yes,Afternoon,High,Notes,0.7,6,High
S09247,DSA,Yes,Yes,No,Yes,No,No,Yes,Morning,High,Notes,2.0,5,Low
S09248,OS,Yes,Yes,Yes,Yes,No,No,Yes,Night,Medium,Mixed,2.6,8,High
S09249,DSA,No,No,No,No,No,No,Yes,Night,High,Videos,0.5,2,Low
S09250,ML,No,Yes,Yes,No,No,No,No,Night,High,Mixed,3.1,6,Medium
S09251,ML,Yes,Yes,Yes,No,Yes,Yes,Yes,Night,Medium,Videos,2.4,7,High
S09252,ML,Yes,Yes,Yes,No,Yes,No,Yes,Evening,High,Videos,3.6,4,Medium
S09253,ML,No,No,No,No,No,No,No,Afternoon,Medium,Mixed,2.2,5,Low
S09254,OS,No,Yes,No,No,No,No,No,Night,Medium,Mixed,2.3,2,Low
S09255,CN,No,Yes,Yes,Yes,Yes,Yes,Yes,Afternoon,Low,Notes,6.0,5,Medium
S09256,DSA,Yes,Yes,No,Yes,Yes,Yes,No,Evening,High,Videos,2.3,5,High
S09257,ML,Yes,Yes,Yes,No,No,No,Yes,Evening,High,Notes,1.4,7,Low
S09258,DSA,No,No,No,No,No,Yes,No,Night,Medium,Mixed,3.4,5,Low
S09259,DBMS,Yes,No,No,No,Yes,No,Yes,Night,High,Videos,1.8,4,Low
S09260,OS,Yes,Yes,Yes,No,Yes,Yes,No,Evening,Medium,Mixed,2.9,5,Medium
S09261,ML,No,No,Yes,No,Yes,No,Yes,Morning,High,Videos,3.9,6,Medium
S09262,DSA,Yes,No,No,Yes,Yes,Yes,No,Evening,High,Mixed,2.9,6,Medium
S09263,ML,No,No,No,No,Yes,No,Yes,Night,High,Notes,1.9,2,Low
S09264,DSA,No,Yes,No,No,Yes,Yes,Yes,Afternoon,Medium,Videos,2.9,4,Low
S09265,DBMS,Yes,Yes,Yes,Yes,No,No,Yes,Evening,High,Notes,2.2,5,High
S09266,CN,No,No,No,No,No,Yes,Yes,Morning,High,Notes,0.5,2,Low
S09267,DBMS,Yes,No,Yes,Yes,Yes,Yes,Yes,Night,Medium,Videos,3.9,8,High
S09268,DSA,No,Yes,No,No,No,No,No,Evening,High,Videos,0.5,3,Low
S09269,DSA,No,No,No,Yes,No,No,Yes,Evening,Medium,Mixed,0.8,6,Low
S09270,DSA,No,Yes,No,No,No,Yes,Yes,Afternoon,Medium,Videos,3.0,3,Low
S09271,DBMS,Yes,Yes,No,No,Yes,No,Yes,Evening,Medium,Mixed,0.7,5,Low
S09272,ML,No,Yes,No,Yes,Yes,Yes,No,Morning,Medium,Notes,2.4,6,Medium
S09273,CN,No,No,Yes,Yes,Yes,No,Yes,Evening,Low,Videos,4.6,5,High
S09274,CN,No,Yes,No,Yes,Yes,No,Yes,Night,Medium,Videos,3.8,4,Medium
S09275,DBMS,Yes,Yes,Yes,Yes,Yes,Yes,Yes,Evening,High,Mixed,4.3,8,High
S09276,CN,Yes,Yes,Yes,Yes,No,No,Yes,Night,Medium,Mixed,2.8,8,High
S09277,OS,No,Yes,Yes,Yes,Yes,Yes,Yes,Night,High,Notes,3.1,6,High
S09278,OS,Yes,Yes,Yes,Yes,No,No,Yes,Evening,High,Videos,3.0,6,Medium
S09279,DSA,Yes,Yes,Yes,Yes,Yes,No,Yes,Afternoon,High,Mixed,4.1,6,High
S09280,OS,No,No,No,No,Yes,No,Yes,Night,Medium,Videos,0.9,4,Low
S09281,CN,No,Yes,Yes,No,Yes,Yes,Yes,Night,High,Notes,3.6,5,High
S09282,OS,No,Yes,Yes,No,No,Yes,Yes,Evening,High,Notes,2.5,6,Low
S09283,DSA,Yes,No,Yes,Yes,Yes,Yes,Yes,Morning,High,Notes,3.3,8,High
S09284,DSA,Yes,Yes,No,No,No,No,No,Afternoon,High,Mixed,2.0,2,Low
S09285,DSA,Yes,Yes,Yes,Yes,Yes,No,No,Evening,High,Mixed,5.1,6,High
S09286,ML,Yes,No,No,No,No,No,Yes,Night,High,Mixed,1.6,2,Low
S09287,CN,No,No,No,Yes,No,No,No,Night,High,Videos,2.4,3,Low
S09288,ML,Yes,Yes,No,No,No,No,Yes,Night,Medium,Mixed,1.1,5,Low
S09289,CN,Yes,Yes,Yes,No,Yes,No,Yes,Afternoon,High,Notes,1.6,4,High
S09290,DSA,Yes,Yes,Yes,No,Yes,No,No,Morning,High,Mixed,2.3,6,Medium
S09291,OS,Yes,Yes,Yes,No,Yes,No,No,Night,High,Notes,3.1,4,Medium
S09292,CN,No,No,Yes,Yes,Yes,No,Yes,Afternoon,Medium,Mixed,2.6,8,High
S09293,OS,No,No,No,No,No,Yes,Yes,Evening,Medium,Videos,0.9,3,Low
S09294,DBMS,Yes,Yes,Yes,Yes,Yes,Yes,Yes,Night,High,Videos,2.9,6,High
S09295,DBMS,Yes,Yes,No,No,Yes,No,Yes,Evening,High,Videos,2.2,4,Low
S09296,CN,Yes,Yes,Yes,No,No,No,Yes,Morning,High,Videos,3.1,4,Medium
S09297,ML,Yes,Yes,No,No,Yes,Yes,No,Afternoon,High,Mixed,2.7,2,Low
S09298,CN,No,No,Yes,No,No,Yes,Yes,Night,High,Videos,3.8,5,Low
S09299,OS,No,Yes,No,No,Yes,No,Yes,Evening,Medium,Videos,1.0,2,Low
S09300,CN,Yes,No,No,Yes,No,No,No,Night,Medium,Videos,3.1,3,Medium
S09301,ML,No,No,Yes,No,Yes,Yes,Yes,Morning,High,Videos,3.3,7,Medium
S09302,CN,Yes,No,Yes,No,Yes,No,Yes,Morning,High,Mixed,3.4,5,Medium
S09303,OS,Yes,No,Yes,No,No,No,No,Evening,Medium,Notes,3.8,6,Low
S09304,ML,Yes,No,Yes,Yes,No,No,Yes,Afternoon,High,Videos,1.7,5,Medium
S09305,DBMS,Yes,No,Yes,Yes,Yes,No,No,Evening,High,Videos,3.8,7,High
S09306,OS,Yes,Yes,No,No,No,No,No,Evening,Low,Mixed,1.1,2,Low
S09307,OS,No,Yes,No,Yes,Yes,No,No,Afternoon,Low,Videos,2.0,6,Low
S09308,DSA,No,Yes,Yes,Yes,Yes,No,No,Morning,High,Notes,3.7,7,High
S09309,ML,Yes,No,Yes,Yes,Yes,Yes,Yes,Evening,Medium,Notes,4.3,6,High
S09310,OS,No,No,Yes,Yes,Yes,No,Yes,Morning,High,Notes,3.9,8,High
S09311,DSA,Yes,Yes,No,No,No,No,No,Evening,Medium,Notes,0.5,5,Low
S09312,CN,Yes,No,Yes,Yes,No,No,Yes,Afternoon,High,Notes,3.1,7,Medium
S09313,OS,Yes,No,Yes,No,No,No,Yes,Morning,High,Videos,1.4,6,Medium
S09314,DBMS,Yes,No,Yes,Yes,Yes,No,Yes,Night,High,Videos,3.1,7,High
S09315,OS,Yes,Yes,No,Yes,No,No,Yes,Night,High,Mixed,1.5,4,Low
S09316,ML,No,Yes,Yes,Yes,Yes,No,Yes,Morning,High,Mixed,5.5,7,High
S09317,DBMS,No,No,No,No,No,No,Yes,Night,Medium,Videos,1.1,3,Low
S09318,OS,Yes,Yes,Yes,Yes,Yes,No,Yes,Evening,Low,Videos,3.5,8,High
S09319,DBMS,No,No,No,No,No,No,No,Morning,High,Mixed,1.5,3,Low
S09320,DBMS,Yes,Yes,Yes,Yes,No,No,Yes,Evening,High,Notes,2.7,7,High
S09321,DSA,No,Yes,No,Yes,No,No,No,Evening,Medium,Videos,3.2,3,Low
S09322,ML,Yes,Yes,No,No,No,No,Yes,Afternoon,High,Notes,2.0,3,Low
S09323,OS,Yes,No,Yes,Yes,Yes,Yes,No,Night,High,Videos,4.2,7,High
S09324,OS,No,Yes,Yes,No,No,Yes,Yes,Morning,Medium,Videos,2.4,7,Medium
S09325,CN,Yes,No,No,No,No,No,Yes,Night,Medium,Videos,2.1,5,Low
S09326,DSA,Yes,Yes,Yes,Yes,Yes,No,Yes,Evening,High,Notes,3.8,7,High
S09327,ML,Yes,No,No,No,Yes,No,Yes,Night,Medium,Mixed,2.8,2,Low
S09328,DBMS,Yes,Yes,No,No,No,No,No,Evening,Medium,Notes,1.7,5,Low
S09329,ML,Yes,Yes,Yes,Yes,Yes,No,Yes,Morning,Low,Mixed,3.3,7,High
S09330,DSA,Yes,No,Yes,No,Yes,Yes,No,Evening,Low,Mixed,3.0,6,Low
S09331,DBMS,No,No,Yes,Yes,Yes,Yes,Yes,Evening,Low,Notes,4.6,7,High
S09332,ML,Yes,No,Yes,Yes,Yes,Yes,Yes,Afternoon,High,Mixed,4.0,7,High
S09333,DSA,Yes,No,Yes,No,No,No,Yes,Night,High,Mixed,1.7,6,Medium
S09334,DBMS,Yes,Yes,No,No,Yes,Yes,No,Evening,High,Videos,3.9,4,Low
S09335,ML,No,No,No,Yes,Yes,Yes,Yes,Night,High,Notes,2.5,6,Medium
S09336,OS,No,Yes,No,Yes,No,Yes,Yes,Evening,High,Videos,2.3,5,Low
S09337,OS,Yes,No,Yes,No,No,No,Yes,Evening,High,Videos,2.5,7,Low
S09338,DBMS,Yes,No,Yes,No,Yes,No,Yes,Afternoon,Medium,Notes,5.0,4,Medium
S09339,OS,Yes,No,Yes,Yes,Yes,Yes,Yes,Evening,Medium,Videos,3.8,6,High
S09340,OS,Yes,No,Yes,No,Yes,Yes,Yes,Evening,High,Mixed,3.9,6,Medium
S09341,DSA,Yes,No,Yes,Yes,No,No,Yes,Morning,Medium,Mixed,4.1,6,Medium
S09342,OS,Yes,Yes,No,No,Yes,No,No,Morning,High,Mixed,1.0,3,Low
S09343,DSA,No,Yes,Yes,No,Yes,No,Yes,Afternoon,Medium,Videos,4.6,5,Medium
S09344,DBMS,Yes,No,Yes,Yes,No,Yes,Yes,Evening,High,Videos,3.5,8,High
S09345,OS,No,No,No,No,Yes,Yes,No,Evening,Medium,Videos,2.1,2,Low
S09346,DSA,Yes,Yes,No,Yes,No,No,Yes,Afternoon,High,Mixed,2.6,5,Medium
S09347,DSA,Yes,No,Yes,No,No,Yes,Yes,Afternoon,High,Notes,4.4,5,Low
S09348,CN,No,Yes,Yes,Yes,Yes,No,Yes,Morning,High,Videos,3.9,5,High
S09349,OS,No,No,Yes,No,No,No,Yes,Afternoon,Medium,Mixed,2.7,4,Low
S09350,DBMS,Yes,No,Yes,Yes,Yes,No,No,Evening,High,Videos,4.6,7,High
S09351,DSA,No,Yes,Yes,Yes,No,No,No,Evening,High,Mixed,3.5,7,High
S09352,ML,Yes,Yes,Yes,Yes,Yes,No,No,Night,Low,Mixed,4.9,6,High
S09353,DSA,Yes,No,Yes,Yes,Yes,No,Yes,Evening,High,Notes,4.3,8,High
S09354,OS,No,Yes,No,No,Yes,Yes,No,Evening,High,Mixed,3.1,2,Low
S09355,CN,No,No,Yes,No,Yes,Yes,No,Afternoon,High,Mixed,3.7,6,Low
S09356,ML,Yes,Yes,Yes,No,Yes,No,Yes,Evening,Medium,Videos,3.3,5,High
S09357,DBMS,No,Yes,No,Yes,Yes,No,Yes,Evening,High,Videos,3.9,6,Medium
S09358,ML,No,Yes,No,No,Yes,No,No,Evening,High,Notes,2.8,5,Low
S09359,DBMS,Yes,No,No,Yes,Yes,No,No,Afternoon,Medium,Mixed,2.8,3,Low
S09360,ML,Yes,No,No,No,Yes,No,No,Night,High,Mixed,1.5,4,Low
S09361,OS,Yes,No,No,Yes,No,Yes,No,Night,Low,Videos,2.5,5,Low
S09362,OS,Yes,No,No,Yes,No,No,Yes,Night,High,Videos,3.4,5,Low
S09363,ML,No,No,Yes,No,No,Yes,Yes,Night,Low,Videos,1.6,5,Low
S09364,DSA,Yes,Yes,No,No,No,No,Yes,Morning,Medium,Videos,1.4,2,Low
S09365,OS,No,Yes,No,No,Yes,No,Yes,Evening,High,Mixed,2.1,3,Low
S09366,OS,Yes,No,Yes,No,Yes,No,Yes,Morning,Medium,Mixed,4.0,7,Low
S09367,DBMS,No,Yes,No,Yes,No,Yes,Yes,Night,High,Mixed,1.3,6,Low
S09368,OS,No,No,Yes,Yes,Yes,No,Yes,Night,High,Videos,4.8,5,High
S09369,CN,No,No,No,No,No,No,No,Evening,High,Mixed,0.9,2,Low
S09370,DSA,No,No,Yes,Yes,Yes,Yes,Yes,Afternoon,High,Videos,3.9,5,High
S09371,DBMS,No,No,No,No,No,No,No,Evening,High,Videos,2.3,2,Low
S09372,OS,Yes,No,Yes,Yes,Yes,No,Yes,Morning,Medium,Videos,5.3,6,High
S09373,CN,No,No,No,Yes,No,No,No,Morning,High,Mixed,3.4,4,Low
S09374,CN,No,No,No,No,No,No,No,Morning,Medium,Videos,1.0,5,Low
S09375,DSA,Yes,Yes,Yes,Yes,Yes,Yes,No,Morning,High,Notes,3.1,8,High
S09376,CN,Yes,Yes,Yes,Yes,No,No,Yes,Night,High,Videos,5.0,7,High
S09377,DBMS,No,Yes,No,Yes,No,Yes,Yes,Morning,Low,Videos,1.2,4,Low
S09378,ML,Yes,No,Yes,No,No,Yes,Yes,Afternoon,High,Videos,4.1,4,Medium
S09379,CN,Yes,No,No,No,No,Yes,No,Afternoon,High,Videos,2.4,3,Low
S09380,ML,Yes,No,Yes,Yes,Yes,Yes,Yes,Evening,High,Videos,4.7,8,High
S09381,DSA,Yes,Yes,Yes,No,Yes,No,Yes,Afternoon,High,Notes,3.8,6,Medium
S09382,CN,Yes,No,No,No,No,No,Yes,Afternoon,High,Notes,0.7,4,Low
S09383,DSA,Yes,Yes,No,No,No,No,Yes,Night,High,Videos,1.2,2,Low
S09384,OS,No,No,Yes,Yes,Yes,No,No,Evening,High,Mixed,5.6,5,Medium
S09385,CN,Yes,Yes,Yes,Yes,No,No,Yes,Afternoon,Medium,Videos,2.2,8,Medium
S09386,CN,Yes,No,No,No,Yes,Yes,No,Afternoon,High,Videos,3.5,2,Low
S09387,ML,No,No,Yes,Yes,No,No,Yes,Evening,High,Mixed,4.9,7,Medium
S09388,OS,No,Yes,Yes,No,No,No,No,Evening,High,Videos,1.7,7,Low
S09389,ML,Yes,Yes,Yes,Yes,No,No,No,Afternoon,High,Videos,4.2,8,Medium
S09390,DBMS,Yes,Yes,Yes,Yes,No,No,Yes,Afternoon,High,Notes,5.0,8,Medium
S09391,CN,No,Yes,No,No,Yes,No,Yes,Night,Medium,Mixed,3.9,4,Low
S09392,DSA,No,Yes,No,Yes,No,Yes,Yes,Evening,Medium,Mixed,0.5,5,Low
S09393,DBMS,Yes,Yes,No,Yes,No,Yes,No,Morning,Medium,Videos,3.3,6,Low
S09394,CN,Yes,Yes,Yes,Yes,No,No,Yes,Night,High,Videos,3.6,8,Medium
S09395,CN,No,Yes,No,Yes,Yes,No,Yes,Evening,High,Notes,4.1,3,Medium
S09396,ML,No,No,No,No,No,No,Yes,Evening,High,Notes,2.0,2,Low
S09397,CN,Yes,Yes,No,No,No,No,No,Evening,High,Videos,1.6,3,Low
S09398,DBMS,No,Yes,No,No,No,Yes,No,Night,High,Notes,3.5,4,Low
S09399,CN,No,No,No,No,No,No,Yes,Evening,High,Mixed,1.8,3,Low
S09400,ML,No,Yes,Yes,Yes,No,Yes,Yes,Evening,High,Videos,5.1,8,High
S09401,CN,No,No,Yes,No,Yes,No,No,Night,High,Mixed,3.8,4,Medium
S09402,OS,No,No,Yes,No,No,No,Yes,Night,High,Videos,1.6,7,Low
S09403,ML,Yes,No,No,No,No,No,No,Evening,Low,Mixed,2.0,5,Low
S09404,CN,Yes,Yes,No,No,No,No,No,Evening,Medium,Mixed,3.0,5,Low
S09405,CN,No,No,No,Yes,No,Yes,No,Evening,Medium,Notes,1.5,4,Low
S09406,OS,Yes,No,No,Yes,No,No,No,Evening,High,Mixed,2.6,4,Low
S09407,ML,Yes,No,No,Yes,No,Yes,Yes,Afternoon,Medium,Mixed,0.5,5,Low
S09408,DBMS,Yes,Yes,Yes,Yes,No,No,No,Evening,Medium,Mixed,2.5,7,Low
S09409,ML,No,No,No,No,No,No,No,Night,High,Notes,0.5,2,Low
S09410,ML,No,No,No,No,No,No,Yes,Evening,Medium,Videos,0.5,2,Low
S09411,OS,Yes,No,Yes,Yes,Yes,No,Yes,Evening,High,Notes,5.1,5,High
S09412,DBMS,Yes,Yes,No,Yes,No,No,No,Afternoon,High,Videos,1.9,4,Low
S09413,CN,Yes,Yes,No,Yes,Yes,Yes,No,Night,Medium,Mixed,2.5,5,Medium
S09414,DSA,No,No,Yes,No,Yes,No,Yes,Evening,Medium,Videos,2.4,5,Medium
S09415,DSA,No,Yes,No,No,No,No,Yes,Evening,High,Notes,2.1,3,Low
S09416,DBMS,Yes,No,Yes,Yes,Yes,Yes,Yes,Morning,Medium,Notes,5.4,5,Medium
S09417,DBMS,Yes,Yes,No,No,No,Yes,No,Morning,Low,Videos,2.1,5,Low
S09418,CN,No,Yes,No,No,No,No,Yes,Morning,High,Videos,2.2,3,Low
S09419,ML,Yes,Yes,Yes,No,No,No,Yes,Evening,High,Videos,3.5,4,Low
S09420,OS,No,No,No,No,Yes,Yes,Yes,Morning,Medium,Notes,2.3,4,Low
S09421,DBMS,Yes,No,Yes,Yes,Yes,No,Yes,Evening,Low,Notes,2.4,7,Medium
S09422,DBMS,Yes,No,Yes,Yes,Yes,No,Yes,Morning,Medium,Videos,5.0,7,High
S09423,CN,Yes,No,Yes,No,No,No,Yes,Evening,High,Mixed,2.3,5,Low
S09424,ML,Yes,No,No,No,Yes,Yes,No,Evening,High,Videos,0.5,4,Low
S09425,CN,Yes,Yes,No,Yes,No,No,No,Afternoon,High,Notes,2.8,5,Low
S09426,OS,No,Yes,Yes,Yes,Yes,No,Yes,Evening,Medium,Videos,5.8,7,High
S09427,DSA,Yes,No,No,No,Yes,No,No,Evening,Medium,Mixed,3.3,4,Low
S09428,ML,Yes,No,No,No,No,No,No,Morning,High,Notes,0.5,4,Low
S09429,CN,No,Yes,No,No,No,No,Yes,Evening,High,Mixed,1.4,3,Low
S09430,CN,No,No,Yes,Yes,Yes,No,Yes,Evening,Medium,Mixed,3.3,6,High
S09431,CN,Yes,Yes,Yes,Yes,Yes,No,Yes,Evening,Medium,Notes,2.8,8,High
S09432,DSA,Yes,No,Yes,Yes,Yes,Yes,Yes,Night,High,Mixed,3.8,7,High
S09433,DSA,Yes,No,No,Yes,Yes,No,Yes,Evening,High,Notes,2.8,6,Medium
S09434,CN,Yes,Yes,Yes,Yes,Yes,No,Yes,Evening,High,Notes,2.9,8,High
S09435,ML,No,No,No,Yes,Yes,No,No,Afternoon,High,Notes,2.5,4,Low
S09436,OS,Yes,No,No,No,Yes,No,Yes,Evening,Medium,Mixed,1.9,4,Low
S09437,DSA,Yes,No,Yes,Yes,Yes,No,Yes,Night,High,Notes,3.0,5,High
S09438,OS,No,No,No,No,No,No,Yes,Night,Medium,Mixed,0.5,3,Low
S09439,DBMS,Yes,Yes,No,Yes,Yes,No,Yes,Evening,High,Videos,2.2,3,Low
S09440,CN,Yes,Yes,Yes,Yes,Yes,No,No,Morning,High,Videos,2.4,5,High
S09441,ML,Yes,Yes,Yes,No,Yes,No,Yes,Morning,High,Notes,3.4,6,Medium
S09442,ML,No,Yes,Yes,No,No,Yes,No,Night,Medium,Videos,2.5,6,Low
S09443,ML,No,Yes,No,No,Yes,No,Yes,Night,Low,Mixed,3.2,2,Low
S09444,DSA,Yes,Yes,Yes,No,Yes,No,Yes,Evening,High,Mixed,1.0,5,Medium
S09445,CN,No,Yes,Yes,Yes,No,Yes,Yes,Evening,Medium,Videos,4.5,8,High
S09446,OS,Yes,Yes,Yes,Yes,Yes,No,No,Afternoon,Medium,Videos,2.8,6,High
S09447,DSA,Yes,Yes,Yes,Yes,Yes,Yes,Yes,Evening,Low,Notes,3.8,6,High
S09448,DSA,Yes,Yes,No,No,No,No,No,Evening,High,Videos,1.2,5,Low
S09449,OS,Yes,No,Yes,No,Yes,No,Yes,Morning,High,Mixed,1.9,5,Medium
S09450,DSA,Yes,No,No,No,No,No,Yes,Evening,High,Mixed,1.7,5,Low
S09451,DBMS,No,No,No,No,No,No,No,Afternoon,Low,Videos,1.5,3,Low
S09452,OS,Yes,Yes,No,Yes,No,No,No,Night,High,Notes,4.1,4,Low
S09453,DBMS,No,No,No,No,No,No,Yes,Evening,Low,Videos,1.6,5,Low
S09454,CN,No,Yes,Yes,No,No,Yes,Yes,Night,High,Mixed,2.2,7,Low
S09455,DBMS,Yes,No,Yes,Yes,Yes,No,Yes,Afternoon,Medium,Mixed,3.2,8,Medium
S09456,DSA,Yes,No,Yes,Yes,Yes,No,Yes,Morning,High,Notes,3.3,5,High
S09457,DBMS,Yes,Yes,Yes,Yes,No,No,Yes,Night,High,Videos,1.3,8,Medium
S09458,DSA,Yes,No,No,Yes,No,No,Yes,Evening,High,Videos,1.7,3,Low
S09459,ML,Yes,No,Yes,Yes,Yes,No,Yes,Evening,High,Notes,4.3,8,High
S09460,OS,No,Yes,Yes,Yes,No,No,Yes,Evening,High,Mixed,2.6,7,High
S09461,CN,No,Yes,No,Yes,No,No,No,Evening,High,Mixed,3.2,3,Low
S09462,DSA,Yes,No,No,Yes,Yes,No,Yes,Night,Low,Videos,2.9,3,Low
S09463,DBMS,Yes,Yes,No,Yes,No,No,Yes,Morning,High,Videos,3.0,5,Low
S09464,OS,Yes,Yes,Yes,No,No,No,Yes,Morning,High,Notes,2.2,7,Medium
S09465,DBMS,No,Yes,No,Yes,Yes,No,No,Afternoon,High,Notes,2.2,3,Low
S09466,DSA,Yes,No,Yes,No,No,Yes,No,Evening,High,Notes,3.7,5,Low
S09467,DSA,Yes,Yes,Yes,Yes,Yes,Yes,Yes,Night,Medium,Mixed,3.9,6,High
S09468,ML,No,No,No,Yes,Yes,No,Yes,Night,Medium,Notes,3.9,6,Low
S09469,DSA,Yes,No,No,Yes,No,No,No,Evening,Medium,Videos,1.9,6,Low
S09470,DBMS,Yes,Yes,Yes,Yes,No,Yes,Yes,Night,High,Videos,0.5,7,Medium
S09471,CN,No,Yes,No,Yes,Yes,Yes,Yes,Evening,High,Mixed,4.5,4,High
S09472,OS,Yes,No,Yes,Yes,No,Yes,Yes,Afternoon,High,Mixed,2.5,6,Medium
S09473,DSA,Yes,Yes,Yes,No,No,No,Yes,Night,High,Mixed,1.3,4,Medium
S09474,DBMS,Yes,Yes,No,Yes,No,No,Yes,Evening,High,Notes,3.0,6,Medium
S09475,DBMS,Yes,Yes,Yes,Yes,Yes,No,Yes,Evening,High,Notes,2.2,7,High
S09476,CN,No,No,No,No,No,Yes,Yes,Night,High,Mixed,2.4,3,Low
S09477,CN,Yes,No,Yes,No,No,No,Yes,Morning,High,Mixed,2.6,6,Low
S09478,DSA,No,No,Yes,No,No,No,Yes,Afternoon,Medium,Videos,2.7,7,Medium
S09479,CN,Yes,Yes,Yes,Yes,Yes,Yes,Yes,Evening,Medium,Videos,4.3,6,High
S09480,DBMS,No,Yes,No,Yes,Yes,No,No,Afternoon,Medium,Videos,1.9,4,Medium
S09481,DBMS,No,No,Yes,No,Yes,No,No,Afternoon,Medium,Videos,2.1,6,Low
S09482,DBMS,Yes,Yes,No,No,Yes,No,Yes,Night,High,Mixed,2.9,2,Low
S09483,DBMS,No,No,No,No,No,No,No,Night,Low,Notes,0.9,3,Low
S09484,ML,No,No,No,No,No,No,Yes,Evening,Medium,Notes,1.2,4,Low
S09485,CN,No,Yes,No,Yes,No,No,No,Morning,High,Notes,2.4,5,Low
S09486,ML,Yes,No,No,No,No,No,No,Night,Medium,Mixed,2.1,5,Low
S09487,OS,No,No,No,Yes,No,No,Yes,Night,High,Mixed,0.8,6,Low
S09488,DBMS,Yes,No,No,No,No,Yes,No,Afternoon,High,Mixed,1.9,2,Low
S09489,ML,No,Yes,Yes,No,No,Yes,No,Night,High,Videos,3.4,4,Low
S09490,CN,No,No,Yes,Yes,Yes,No,Yes,Morning,High,Mixed,4.3,8,High
S09491,CN,Yes,Yes,Yes,Yes,Yes,No,Yes,Evening,High,Videos,5.1,7,High
S09492,ML,No,No,Yes,No,Yes,No,Yes,Morning,High,Notes,2.8,4,Medium
S09493,OS,No,Yes,No,Yes,Yes,Yes,Yes,Night,High,Videos,1.5,6,High
S09494,CN,Yes,Yes,No,No,No,Yes,Yes,Afternoon,Medium,Notes,2.0,5,Low
S09495,DSA,Yes,No,No,No,No,No,No,Morning,Medium,Mixed,1.5,4,Low
S09496,CN,Yes,Yes,Yes,Yes,Yes,No,Yes,Morning,High,Mixed,5.6,8,High
S09497,CN,Yes,Yes,Yes,Yes,No,No,No,Morning,Medium,Videos,3.5,8,Medium
S09498,ML,Yes,No,Yes,Yes,No,Yes,No,Morning,Medium,Mixed,4.1,6,Low
S09499,OS,No,Yes,Yes,Yes,No,No,No,Evening,Low,Mixed,3.0,5,Low
S09500,CN,Yes,No,Yes,Yes,No,No,Yes,Morning,Medium,Notes,3.3,6,Medium
S09501,DBMS,No,No,No,No,No,No,No,Night,High,Notes,2.6,2,Low
S09502,DSA,No,Yes,No,Yes,No,No,Yes,Evening,High,Mixed,2.9,5,Medium
S09503,DSA,No,No,No,No,Yes,No,No,Night,High,Videos,4.7,4,Low
S09504,OS,Yes,No,Yes,Yes,Yes,No,Yes,Night,Medium,Notes,4.8,6,High
S09505,CN,Yes,No,Yes,No,Yes,No,Yes,Evening,High,Mixed,3.2,4,High
S09506,CN,No,No,No,Yes,No,No,No,Morning,Medium,Mixed,2.6,5,Low
S09507,CN,Yes,No,Yes,No,Yes,No,No,Evening,Medium,Mixed,3.7,6,Medium
S09508,ML,Yes,No,Yes,Yes,Yes,No,Yes,Night,Medium,Notes,5.2,8,High
S09509,ML,No,Yes,No,No,No,No,No,Night,Low,Mixed,1.4,2,Low
S09510,OS,Yes,No,Yes,Yes,Yes,No,Yes,Evening,High,Mixed,2.4,8,High
S09511,OS,Yes,Yes,Yes,No,Yes,No,Yes,Evening,Medium,Mixed,3.9,7,Low
S09512,ML,Yes,Yes,Yes,Yes,Yes,No,No,Afternoon,Medium,Videos,4.9,6,High
S09513,DSA,Yes,Yes,Yes,No,Yes,No,No,Night,High,Videos,2.7,5,Medium
S09514,DSA,No,No,No,Yes,Yes,No,No,Night,High,Mixed,4.2,5,Medium
S09515,DBMS,Yes,Yes,Yes,Yes,Yes,No,No,Evening,High,Mixed,4.7,7,High
S09516,OS,No,Yes,No,No,Yes,No,No,Night,High,Mixed,2.4,4,Low
S09517,DSA,No,Yes,No,Yes,No,No,Yes,Night,High,Mixed,1.9,3,Low
S09518,DBMS,Yes,Yes,Yes,No,No,No,Yes,Night,High,Notes,1.7,7,Medium
S09519,CN,Yes,No,Yes,Yes,Yes,Yes,Yes,Evening,High,Notes,4.5,7,High
S09520,CN,Yes,Yes,No,No,No,Yes,No,Evening,Medium,Mixed,1.8,5,Low
S09521,DBMS,No,Yes,No,No,Yes,Yes,Yes,Evening,Low,Notes,1.9,5,Low
S09522,CN,No,No,No,No,No,No,Yes,Evening,High,Videos,0.5,3,Low
S09523,ML,Yes,Yes,No,No,Yes,No,Yes,Evening,High,Mixed,2.7,4,Low
S09524,DBMS,Yes,Yes,Yes,No,No,No,Yes,Evening,Medium,Notes,3.1,4,Medium
S09525,CN,Yes,No,Yes,No,Yes,No,Yes,Afternoon,Medium,Mixed,3.3,6,Medium
S09526,CN,Yes,No,No,No,No,Yes,Yes,Evening,Medium,Mixed,1.4,3,Low
S09527,CN,Yes,Yes,No,No,No,Yes,No,Evening,Medium,Mixed,0.6,3,Low
S09528,CN,Yes,No,Yes,No,No,Yes,Yes,Evening,High,Notes,3.1,4,Low
S09529,DBMS,No,No,No,Yes,No,No,Yes,Morning,Medium,Mixed,4.0,3,Medium
S09530,ML,Yes,No,Yes,Yes,Yes,No,Yes,Evening,Low,Mixed,3.1,8,High
S09531,CN,Yes,Yes,No,No,No,Yes,No,Night,Medium,Videos,0.8,2,Low
S09532,DSA,No,No,Yes,Yes,No,No,Yes,Afternoon,Medium,Mixed,3.0,6,Medium
S09533,DBMS,No,No,No,No,Yes,No,No,Night,High,Videos,3.3,4,Low
S09534,CN,Yes,No,Yes,No,Yes,No,Yes,Afternoon,Medium,Videos,4.4,5,Medium
S09535,OS,No,No,No,No,Yes,No,Yes,Morning,High,Mixed,2.1,5,Low
S09536,CN,Yes,No,Yes,Yes,Yes,No,Yes,Night,Medium,Videos,3.9,5,Medium
S09537,CN,No,No,No,No,No,No,Yes,Night,High,Videos,1.6,4,Low
S09538,DBMS,Yes,Yes,Yes,Yes,No,No,Yes,Night,Low,Videos,2.0,8,Low
S09539,ML,No,Yes,Yes,Yes,Yes,No,Yes,Morning,High,Notes,2.5,8,High
S09540,DBMS,Yes,No,Yes,No,Yes,No,No,Morning,Low,Notes,3.5,6,Low
S09541,DSA,No,Yes,No,No,No,Yes,Yes,Night,High,Notes,3.3,2,Low
S09542,DSA,No,No,Yes,Yes,Yes,No,Yes,Afternoon,High,Mixed,6.2,6,High
S09543,DSA,Yes,No,No,No,No,No,Yes,Afternoon,High,Videos,1.3,3,Low
S09544,ML,Yes,No,No,No,No,Yes,No,Night,Low,Mixed,0.8,5,Low
S09545,CN,Yes,Yes,No,Yes,No,Yes,Yes,Afternoon,Medium,Videos,1.4,5,Medium
S09546,DSA,Yes,No,No,Yes,No,No,Yes,Evening,Low,Videos,4.3,3,Low
S09547,DBMS,No,No,No,No,Yes,No,Yes,Night,Low,Videos,1.1,2,Low
S09548,DBMS,No,No,No,Yes,No,No,Yes,Evening,High,Mixed,2.3,4,Low
S09549,DBMS,Yes,No,Yes,Yes,No,No,Yes,Evening,High,Notes,4.2,5,Medium
S09550,CN,Yes,Yes,Yes,Yes,Yes,Yes,Yes,Evening,High,Notes,3.9,8,High
S09551,DBMS,No,No,No,No,No,Yes,Yes,Afternoon,Medium,Notes,2.9,2,Low
S09552,CN,Yes,Yes,Yes,No,Yes,Yes,Yes,Night,Medium,Notes,1.9,7,Low
S09553,DBMS,No,No,Yes,No,No,No,Yes,Evening,Medium,Videos,1.8,7,Low
S09554,DSA,Yes,Yes,Yes,No,Yes,Yes,Yes,Night,Medium,Mixed,2.7,7,Medium
S09555,ML,Yes,Yes,No,No,Yes,No,No,Night,Medium,Notes,2.0,3,Low
S09556,ML,Yes,Yes,Yes,No,No,No,Yes,Evening,High,Notes,3.4,4,Low
S09557,CN,Yes,Yes,No,Yes,No,Yes,No,Morning,Low,Notes,0.5,3,Low
S09558,CN,No,No,Yes,Yes,Yes,Yes,Yes,Night,High,Mixed,3.7,5,High
S09559,CN,Yes,No,Yes,Yes,Yes,No,Yes,Afternoon,High,Mixed,4.3,8,Medium
S09560,DSA,No,Yes,No,Yes,No,Yes,No,Afternoon,High,Mixed,3.1,5,Low
S09561,OS,No,Yes,Yes,Yes,Yes,No,Yes,Afternoon,Medium,Mixed,3.4,5,Medium
S09562,ML,Yes,No,Yes,Yes,No,No,No,Night,High,Mixed,3.2,5,High
S09563,OS,Yes,Yes,No,Yes,No,No,Yes,Evening,High,Videos,2.5,5,Low
S09564,CN,No,Yes,Yes,Yes,Yes,Yes,Yes,Evening,Medium,Mixed,4.5,8,High
S09565,DSA,No,Yes,Yes,Yes,No,No,Yes,Morning,High,Mixed,4.8,5,High
S09566,CN,Yes,No,No,Yes,No,No,Yes,Evening,High,Mixed,2.3,4,Low
S09567,DBMS,Yes,No,Yes,No,Yes,Yes,Yes,Afternoon,High,Notes,3.7,6,High
S09568,ML,No,Yes,No,No,No,Yes,No,Morning,High,Videos,0.5,4,Low
S09569,CN,Yes,No,No,No,No,No,No,Evening,High,Mixed,1.3,5,Low
S09570,DBMS,No,No,No,Yes,No,No,Yes,Morning,High,Mixed,2.9,6,Low
S09571,ML,Yes,No,Yes,No,Yes,No,Yes,Night,Medium,Videos,4.1,4,Medium
S09572,CN,No,No,No,No,No,Yes,Yes,Evening,High,Mixed,0.5,4,Low
S09573,OS,Yes,No,Yes,Yes,Yes,No,Yes,Evening,High,Mixed,3.8,8,High
S09574,ML,No,No,No,Yes,No,Yes,Yes,Evening,Medium,Videos,1.9,5,Low
S09575,CN,Yes,No,No,No,Yes,No,No,Evening,High,Videos,3.2,4,Low
S09576,DBMS,Yes,Yes,No,No,No,No,Yes,Afternoon,Medium,Mixed,0.5,2,Low
S09577,DSA,Yes,No,No,Yes,No,No,Yes,Evening,High,Videos,2.9,6,Low
S09578,CN,No,No,No,Yes,No,Yes,Yes,Evening,High,Mixed,2.7,3,Low
S09579,ML,Yes,Yes,Yes,Yes,Yes,No,No,Afternoon,Low,Notes,4.6,7,High
S09580,OS,Yes,Yes,Yes,Yes,Yes,Yes,Yes,Night,Medium,Mixed,4.0,6,High
S09581,CN,No,Yes,Yes,Yes,Yes,Yes,Yes,Evening,High,Mixed,4.4,7,High
S09582,CN,Yes,Yes,Yes,No,No,Yes,Yes,Evening,High,Mixed,3.2,5,Medium
S09583,DSA,Yes,Yes,No,Yes,No,No,No,Evening,Medium,Notes,1.7,6,Low
S09584,CN,No,Yes,No,No,No,No,Yes,Morning,Medium,Mixed,1.4,2,Low
S09585,OS,No,Yes,No,Yes,No,No,Yes,Night,Medium,Videos,3.1,4,Low
S09586,OS,No,No,Yes,No,No,Yes,Yes,Night,High,Mixed,2.7,6,Medium
S09587,OS,Yes,Yes,Yes,No,Yes,No,Yes,Morning,Medium,Notes,1.3,6,Medium
S09588,OS,Yes,Yes,Yes,No,Yes,No,Yes,Evening,Medium,Mixed,1.7,6,High
S09589,DBMS,No,Yes,No,No,Yes,No,Yes,Night,Medium,Mixed,3.4,3,Low
S09590,DSA,Yes,Yes,Yes,No,No,No,Yes,Evening,Medium,Mixed,2.1,5,Low
S09591,DBMS,No,Yes,No,No,No,No,No,Evening,High,Mixed,0.5,3,Low
S09592,ML,Yes,No,Yes,Yes,Yes,No,No,Night,High,Mixed,3.4,5,High
S09593,ML,No,Yes,No,Yes,No,Yes,Yes,Afternoon,High,Mixed,3.0,6,Low
S09594,DBMS,No,Yes,No,No,No,No,No,Night,High,Videos,1.0,3,Low
S09595,DSA,Yes,Yes,Yes,Yes,No,No,Yes,Night,High,Notes,4.6,7,High
S09596,OS,Yes,No,Yes,Yes,No,No,Yes,Morning,High,Notes,2.4,6,High
S09597,CN,Yes,Yes,No,No,Yes,No,No,Night,High,Videos,2.5,4,Low
S09598,OS,Yes,Yes,No,No,No,No,Yes,Night,High,Videos,2.3,3,Low
S09599,DBMS,No,No,Yes,Yes,No,No,Yes,Evening,High,Mixed,3.6,8,Medium
S09600,DBMS,Yes,Yes,No,No,Yes,Yes,Yes,Night,High,Mixed,2.7,4,Medium
S09601,OS,Yes,Yes,Yes,Yes,Yes,Yes,Yes,Morning,High,Notes,5.5,5,High
S09602,DSA,Yes,No,Yes,Yes,Yes,No,Yes,Evening,High,Videos,4.4,8,High
S09603,OS,No,No,Yes,No,No,No,Yes,Evening,High,Videos,0.9,4,Low
S09604,DSA,Yes,No,Yes,Yes,No,Yes,Yes,Evening,Low,Videos,3.3,7,Medium
S09605,ML,Yes,Yes,Yes,Yes,Yes,No,Yes,Night,High,Mixed,4.4,7,High
S09606,OS,No,No,No,No,No,No,No,Evening,High,Videos,2.6,2,Low
S09607,OS,Yes,No,Yes,Yes,No,Yes,Yes,Night,High,Notes,3.7,8,High
S09608,CN,Yes,No,Yes,No,Yes,No,Yes,Afternoon,Medium,Mixed,3.4,5,Low
S09609,CN,No,Yes,No,Yes,No,No,No,Evening,High,Notes,3.0,4,Medium
S09610,DSA,Yes,Yes,Yes,Yes,Yes,No,Yes,Afternoon,High,Mixed,4.2,5,High
S09611,ML,No,Yes,Yes,No,Yes,No,No,Morning,Medium,Videos,2.3,6,Low
S09612,ML,No,No,Yes,Yes,No,No,Yes,Night,Medium,Mixed,4.4,6,Medium
S09613,DSA,No,No,Yes,No,Yes,Yes,Yes,Evening,High,Mixed,2.4,5,Medium
S09614,CN,Yes,Yes,Yes,Yes,No,No,Yes,Morning,High,Notes,1.9,6,Medium
S09615,DBMS,Yes,Yes,No,No,No,No,No,Evening,High,Mixed,1.8,4,Low
S09616,ML,Yes,Yes,No,Yes,No,No,Yes,Evening,High,Mixed,1.7,4,Medium
S09617,CN,Yes,No,Yes,No,Yes,No,No,Night,High,Mixed,3.2,4,Low
S09618,CN,Yes,Yes,Yes,No,Yes,Yes,Yes,Afternoon,Medium,Mixed,1.8,4,High
S09619,ML,Yes,Yes,No,Yes,No,No,Yes,Afternoon,High,Mixed,2.4,4,Low
S09620,DBMS,No,No,Yes,Yes,Yes,No,Yes,Evening,High,Videos,3.6,6,High
S09621,DBMS,Yes,No,Yes,No,Yes,No,No,Evening,High,Notes,3.0,4,Medium
S09622,CN,No,No,Yes,No,No,Yes,Yes,Evening,High,Mixed,2.6,4,Low
S09623,ML,No,No,No,Yes,No,Yes,No,Afternoon,Low,Mixed,2.1,3,Low
S09624,ML,No,Yes,No,No,No,No,No,Evening,High,Mixed,0.9,2,Low
S09625,DBMS,No,Yes,Yes,No,Yes,No,No,Afternoon,Low,Videos,2.0,5,Low
S09626,DSA,No,Yes,Yes,No,Yes,No,No,Evening,High,Mixed,3.5,7,Low
S09627,DSA,Yes,No,No,Yes,Yes,Yes,No,Night,High,Mixed,2.3,4,Low
S09628,ML,Yes,No,Yes,Yes,Yes,No,Yes,Afternoon,Medium,Mixed,2.5,5,Medium
S09629,ML,No,Yes,No,No,No,No,Yes,Afternoon,High,Mixed,1.1,5,Low
S09630,ML,No,No,No,No,No,No,Yes,Evening,High,Videos,0.9,4,Low
S09631,OS,No,No,Yes,Yes,No,Yes,Yes,Afternoon,High,Mixed,2.8,7,Low
S09632,DBMS,No,No,Yes,Yes,Yes,No,No,Evening,Medium,Notes,4.8,8,Medium
S09633,CN,Yes,Yes,No,No,No,No,Yes,Evening,High,Videos,0.7,2,Low
S09634,OS,Yes,Yes,No,No,No,No,Yes,Night,Medium,Videos,3.1,3,Low
S09635,CN,No,No,No,No,No,No,No,Morning,Low,Videos,1.5,2,Low
S09636,OS,Yes,No,Yes,Yes,Yes,No,Yes,Night,Medium,Videos,3.5,5,High
S09637,CN,Yes,No,Yes,Yes,Yes,No,Yes,Evening,High,Videos,5.0,8,High
S09638,OS,No,No,No,Yes,No,Yes,Yes,Night,Medium,Notes,2.2,5,Low
S09639,ML,Yes,Yes,Yes,Yes,Yes,Yes,No,Evening,High,Videos,3.5,7,High
S09640,DBMS,Yes,No,Yes,No,No,Yes,Yes,Morning,High,Notes,2.3,5,Medium
S09641,DBMS,No,Yes,Yes,No,No,No,Yes,Night,High,Mixed,5.8,4,Low
S09642,CN,Yes,Yes,Yes,Yes,No,Yes,Yes,Evening,Medium,Videos,0.9,7,High
S09643,DSA,No,Yes,Yes,Yes,Yes,No,Yes,Evening,High,Videos,3.9,5,High
S09644,DBMS,Yes,Yes,Yes,No,No,Yes,Yes,Evening,High,Videos,3.5,4,Medium
S09645,DBMS,No,Yes,No,Yes,Yes,No,Yes,Morning,High,Notes,3.3,5,Low
S09646,DSA,Yes,No,No,No,No,No,No,Afternoon,High,Mixed,1.9,3,Low
S09647,ML,Yes,No,Yes,No,Yes,No,Yes,Night,Medium,Mixed,3.9,4,Medium
S09648,DSA,Yes,Yes,No,No,No,No,Yes,Evening,Low,Videos,2.2,2,Low
S09649,ML,Yes,Yes,Yes,No,No,No,Yes,Evening,Medium,Notes,2.3,5,Low
S09650,DSA,Yes,Yes,No,No,Yes,No,Yes,Morning,Medium,Mixed,2.8,3,Low
S09651,DBMS,No,Yes,No,No,No,Yes,Yes,Night,Medium,Videos,1.6,4,Low
S09652,CN,No,Yes,No,Yes,No,No,No,Night,High,Videos,2.6,6,Low
S09653,OS,Yes,No,No,No,No,Yes,Yes,Morning,Low,Notes,0.6,2,Low
S09654,OS,No,No,Yes,Yes,No,Yes,Yes,Evening,High,Mixed,2.7,6,High
S09655,CN,No,No,No,No,No,No,No,Night,Medium,Videos,1.0,4,Low
S09656,DSA,No,No,No,Yes,Yes,Yes,No,Night,Medium,Notes,2.1,6,Medium
S09657,DSA,Yes,No,No,No,No,Yes,No,Evening,High,Videos,0.5,3,Low
S09658,ML,Yes,Yes,Yes,No,No,Yes,Yes,Evening,Medium,Notes,3.3,6,Medium
S09659,DBMS,No,Yes,Yes,No,No,No,Yes,Morning,High,Videos,1.9,7,Low
S09660,DBMS,Yes,Yes,No,Yes,No,No,Yes,Evening,Low,Mixed,1.3,3,Low
S09661,DSA,Yes,Yes,Yes,No,No,Yes,Yes,Night,Medium,Notes,2.7,4,Low
S09662,ML,No,No,No,No,No,No,Yes,Morning,Medium,Mixed,0.7,5,Low
S09663,CN,Yes,Yes,Yes,Yes,Yes,No,Yes,Morning,High,Mixed,4.4,5,High
S09664,OS,No,Yes,Yes,Yes,No,No,Yes,Night,High,Notes,3.6,8,High
S09665,ML,Yes,Yes,No,Yes,No,No,No,Night,Medium,Notes,2.7,6,Medium
S09666,CN,No,Yes,No,Yes,No,Yes,Yes,Morning,High,Notes,1.5,6,Low
S09667,CN,No,No,No,No,No,No,Yes,Morning,High,Mixed,1.0,2,Low
S09668,ML,No,Yes,No,Yes,Yes,No,Yes,Evening,Medium,Mixed,3.4,3,Medium
S09669,DSA,No,No,No,No,No,No,No,Night,Medium,Mixed,0.5,2,Low
S09670,ML,No,Yes,No,No,Yes,No,No,Morning,Medium,Mixed,2.4,2,Low
S09671,CN,Yes,Yes,Yes,Yes,No,No,Yes,Morning,High,Notes,3.3,7,Medium
S09672,OS,No,Yes,No,No,No,No,Yes,Night,Medium,Mixed,2.7,2,Low
S09673,CN,No,No,No,Yes,Yes,No,Yes,Evening,High,Mixed,1.5,5,Medium
S09674,DSA,Yes,Yes,No,No,No,No,No,Evening,High,Videos,1.0,5,Low
S09675,DSA,Yes,No,No,No,No,Yes,Yes,Afternoon,Medium,Mixed,1.6,4,Low
S09676,ML,Yes,Yes,Yes,Yes,Yes,No,Yes,Evening,Low,Mixed,5.1,6,Medium
S09677,ML,Yes,No,Yes,Yes,Yes,Yes,Yes,Evening,High,Mixed,4.6,6,High
S09678,DBMS,No,No,No,No,No,No,Yes,Morning,High,Mixed,0.9,4,Low
S09679,CN,Yes,No,No,No,No,No,Yes,Morning,High,Notes,1.7,5,Low
S09680,DBMS,Yes,Yes,Yes,No,Yes,No,Yes,Morning,High,Notes,3.9,4,Medium
S09681,OS,Yes,Yes,Yes,No,No,No,Yes,Morning,Medium,Notes,3.2,7,Medium
S09682,CN,Yes,No,Yes,Yes,Yes,Yes,Yes,Morning,High,Mixed,5.0,6,High
S09683,DBMS,No,No,No,No,No,Yes,Yes,Night,High,Mixed,0.5,4,Low
S09684,CN,Yes,Yes,Yes,No,No,No,No,Afternoon,High,Videos,4.2,4,Low
S09685,OS,Yes,Yes,Yes,No,Yes,Yes,Yes,Night,High,Notes,2.3,4,High
S09686,OS,Yes,Yes,Yes,Yes,No,No,No,Night,High,Notes,3.5,6,Medium
S09687,CN,No,Yes,Yes,No,Yes,Yes,Yes,Evening,Medium,Mixed,2.6,6,Low
S09688,CN,No,Yes,No,Yes,No,No,No,Morning,Medium,Notes,2.2,5,Medium
S09689,DSA,Yes,Yes,Yes,No,Yes,No,Yes,Night,High,Mixed,2.8,4,Low
S09690,DSA,Yes,Yes,No,No,No,No,No,Night,High,Mixed,3.0,5,Low
S09691,CN,Yes,No,Yes,No,No,No,Yes,Afternoon,High,Mixed,1.4,5,Low
S09692,ML,Yes,No,Yes,Yes,Yes,No,Yes,Afternoon,Medium,Mixed,2.3,8,High
S09693,CN,No,No,Yes,Yes,Yes,No,Yes,Night,High,Mixed,3.0,6,High
S09694,OS,Yes,Yes,Yes,No,No,Yes,Yes,Night,Medium,Notes,1.6,6,Medium
S09695,OS,Yes,No,Yes,No,No,Yes,Yes,Afternoon,High,Notes,3.0,4,Low
S09696,DBMS,Yes,Yes,Yes,Yes,No,Yes,No,Afternoon,Low,Mixed,3.1,5,Low
S09697,OS,Yes,No,Yes,Yes,Yes,No,Yes,Night,Medium,Videos,4.2,7,High
S09698,DBMS,Yes,Yes,No,No,No,Yes,No,Night,Medium,Notes,1.8,2,Low
S09699,DBMS,Yes,Yes,Yes,No,No,No,Yes,Evening,High,Mixed,1.8,5,Low
S09700,OS,Yes,No,Yes,Yes,Yes,Yes,Yes,Morning,High,Mixed,3.3,6,High
S09701,ML,Yes,Yes,No,No,Yes,No,Yes,Afternoon,Medium,Mixed,1.1,5,Low
S09702,CN,Yes,No,Yes,Yes,Yes,Yes,Yes,Evening,Low,Mixed,4.5,6,Medium
S09703,CN,No,No,Yes,Yes,Yes,No,No,Morning,Medium,Videos,2.7,5,High
S09704,CN,Yes,Yes,Yes,No,No,No,Yes,Morning,Medium,Mixed,0.6,5,Medium
S09705,ML,Yes,Yes,No,Yes,No,No,Yes,Afternoon,High,Mixed,1.6,4,Medium
S09706,OS,Yes,No,Yes,Yes,No,No,Yes,Evening,Medium,Videos,4.6,7,Medium
S09707,CN,No,No,No,Yes,No,Yes,No,Evening,Medium,Notes,1.5,3,Low
S09708,DSA,No,No,Yes,Yes,No,No,No,Night,High,Videos,3.1,8,Medium
S09709,OS,No,Yes,Yes,Yes,No,Yes,Yes,Morning,High,Mixed,2.3,8,High
S09710,OS,Yes,No,No,No,No,No,No,Night,Medium,Notes,0.5,4,Low
S09711,DBMS,No,Yes,No,Yes,Yes,No,Yes,Evening,Low,Notes,2.1,6,Low
S09712,OS,Yes,Yes,No,No,No,No,Yes,Night,Medium,Videos,1.9,5,Low
S09713,ML,No,No,No,Yes,Yes,No,Yes,Morning,Low,Notes,1.3,5,Low
S09714,DSA,No,Yes,No,No,No,No,No,Afternoon,Low,Mixed,2.9,2,Low
S09715,ML,Yes,Yes,Yes,No,No,No,No,Evening,Low,Mixed,0.9,4,Low
S09716,OS,Yes,Yes,Yes,No,Yes,No,Yes,Morning,Medium,Mixed,2.3,7,Medium
S09717,DBMS,Yes,No,Yes,Yes,Yes,No,No,Afternoon,High,Mixed,2.8,6,Medium
S09718,OS,Yes,No,Yes,Yes,No,No,Yes,Evening,High,Mixed,2.8,6,High
S09719,ML,No,No,Yes,Yes,Yes,No,Yes,Evening,High,Mixed,5.3,5,High
S09720,CN,Yes,Yes,No,Yes,No,No,Yes,Evening,High,Mixed,2.0,5,Low
S09721,ML,No,Yes,No,No,Yes,Yes,No,Morning,Medium,Videos,1.6,3,Low
S09722,DSA,No,No,No,No,No,No,Yes,Night,High,Notes,2.0,3,Low
S09723,DBMS,Yes,Yes,Yes,Yes,Yes,No,Yes,Afternoon,High,Videos,3.0,6,High
S09724,DBMS,Yes,Yes,Yes,No,No,No,Yes,Evening,High,Mixed,2.5,7,Low
S09725,ML,Yes,Yes,Yes,No,No,No,Yes,Afternoon,High,Mixed,3.8,7,Medium
S09726,OS,No,No,No,No,No,Yes,No,Afternoon,Medium,Notes,2.1,2,Low
S09727,DSA,Yes,No,Yes,No,No,No,Yes,Evening,Medium,Videos,2.8,5,Low
S09728,CN,Yes,Yes,Yes,Yes,No,No,Yes,Morning,High,Notes,3.5,6,High
S09729,OS,Yes,Yes,No,No,No,Yes,Yes,Morning,High,Mixed,1.0,4,Medium
S09730,DSA,No,No,Yes,No,No,Yes,Yes,Night,Medium,Notes,1.3,6,Medium
S09731,CN,Yes,No,No,No,No,No,Yes,Evening,Medium,Mixed,2.1,3,Low
S09732,DBMS,Yes,Yes,Yes,Yes,Yes,Yes,Yes,Night,High,Mixed,3.8,5,High
S09733,CN,No,Yes,Yes,No,No,Yes,No,Night,High,Notes,3.1,7,Low
S09734,OS,Yes,No,No,No,No,No,Yes,Morning,High,Mixed,2.9,5,Low
S09735,DSA,Yes,No,Yes,Yes,Yes,No,No,Evening,Medium,Videos,5.2,8,High
S09736,OS,Yes,No,Yes,Yes,No,No,Yes,Evening,Medium,Videos,3.3,6,High
S09737,DSA,Yes,No,No,No,No,No,No,Night,High,Videos,1.7,4,Low
S09738,CN,Yes,No,Yes,Yes,Yes,No,No,Night,Medium,Videos,3.0,8,High
S09739,DSA,No,Yes,Yes,Yes,Yes,No,Yes,Morning,Medium,Mixed,3.3,7,High
S09740,OS,No,Yes,No,No,No,Yes,Yes,Evening,High,Videos,1.1,2,Low
S09741,ML,Yes,Yes,No,No,No,No,No,Evening,Medium,Mixed,1.8,3,Low
S09742,OS,Yes,No,Yes,Yes,Yes,No,Yes,Evening,High,Notes,3.6,7,High
S09743,DSA,Yes,Yes,Yes,Yes,No,Yes,Yes,Morning,Medium,Mixed,3.5,7,High
S09744,DBMS,No,Yes,No,Yes,Yes,Yes,No,Night,Medium,Notes,2.6,3,Medium
S09745,DSA,No,Yes,Yes,Yes,No,No,Yes,Evening,High,Mixed,2.6,7,High
S09746,DSA,No,No,No,Yes,No,Yes,No,Evening,Medium,Mixed,2.8,5,Low
S09747,ML,No,No,No,No,No,No,Yes,Night,Medium,Notes,1.7,2,Low
S09748,ML,No,Yes,Yes,No,Yes,No,Yes,Afternoon,Medium,Videos,2.5,4,Low
S09749,ML,No,Yes,No,No,Yes,Yes,No,Evening,Medium,Videos,2.4,5,Low
S09750,OS,Yes,No,No,No,No,No,No,Evening,High,Notes,1.1,5,Low
S09751,ML,No,Yes,No,No,No,No,Yes,Evening,High,Mixed,2.3,3,Low
S09752,DBMS,No,No,Yes,Yes,No,No,Yes,Night,Medium,Notes,4.7,5,Low
S09753,ML,Yes,Yes,Yes,Yes,Yes,No,Yes,Afternoon,Medium,Mixed,3.4,7,High
S09754,ML,Yes,No,No,Yes,No,No,Yes,Night,High,Mixed,2.5,5,Low
S09755,OS,Yes,Yes,Yes,No,No,Yes,Yes,Evening,High,Videos,3.0,4,Medium
S09756,DBMS,Yes,No,Yes,No,Yes,No,Yes,Evening,High,Notes,3.0,4,Low
S09757,DBMS,No,Yes,Yes,Yes,Yes,Yes,Yes,Evening,High,Videos,3.1,8,High
S09758,CN,Yes,Yes,Yes,Yes,No,No,Yes,Morning,Medium,Videos,3.4,7,High
S09759,DBMS,Yes,No,No,No,No,No,Yes,Evening,High,Notes,2.1,4,Low
S09760,DSA,Yes,Yes,No,Yes,No,No,Yes,Evening,High,Videos,0.9,3,Medium
S09761,DBMS,No,No,Yes,No,No,Yes,No,Morning,Medium,Videos,2.2,7,Low
S09762,OS,Yes,No,Yes,Yes,Yes,No,Yes,Afternoon,Medium,Videos,4.8,8,High
S09763,DBMS,No,No,No,No,No,Yes,Yes,Night,Medium,Mixed,2.3,5,Low
S09764,DSA,Yes,No,Yes,No,Yes,No,Yes,Evening,High,Notes,1.9,6,Low
S09765,OS,Yes,Yes,Yes,Yes,Yes,No,Yes,Evening,Medium,Mixed,2.5,8,High
S09766,ML,Yes,No,No,Yes,Yes,No,Yes,Evening,High,Mixed,3.9,5,High
S09767,CN,Yes,Yes,Yes,No,Yes,No,No,Morning,Medium,Mixed,1.4,5,Low
S09768,CN,No,Yes,No,No,No,Yes,Yes,Evening,Medium,Mixed,0.8,4,Medium
S09769,CN,No,No,Yes,No,No,No,Yes,Afternoon,High,Videos,3.2,6,Low
S09770,DBMS,Yes,Yes,Yes,Yes,Yes,Yes,Yes,Evening,High,Mixed,5.1,6,High
S09771,OS,Yes,Yes,No,Yes,No,No,Yes,Evening,Medium,Mixed,1.4,5,Low
S09772,ML,No,Yes,Yes,Yes,Yes,No,Yes,Evening,High,Mixed,4.1,8,High
S09773,ML,No,No,Yes,No,Yes,No,No,Evening,High,Videos,4.1,4,Medium
S09774,ML,Yes,No,Yes,Yes,Yes,No,Yes,Evening,High,Mixed,3.6,6,High
S09775,CN,No,Yes,Yes,No,No,No,Yes,Night,High,Videos,2.1,4,Low
S09776,DBMS,Yes,Yes,Yes,Yes,Yes,No,Yes,Morning,High,Mixed,5.4,8,High
S09777,CN,Yes,Yes,No,No,No,No,No,Morning,High,Videos,1.4,4,Low
S09778,OS,No,Yes,Yes,No,No,No,No,Morning,High,Mixed,0.5,7,Low
S09779,DBMS,No,Yes,Yes,Yes,No,No,Yes,Evening,High,Mixed,3.4,7,Medium
S09780,OS,No,Yes,Yes,No,No,No,Yes,Afternoon,High,Notes,3.0,5,Medium
S09781,OS,Yes,No,No,No,Yes,No,Yes,Night,High,Mixed,3.1,3,Low
S09782,ML,Yes,No,Yes,No,No,No,Yes,Evening,High,Videos,3.1,6,Medium
S09783,CN,No,Yes,No,No,Yes,No,Yes,Evening,High,Notes,2.5,2,Low
S09784,DSA,Yes,Yes,Yes,Yes,Yes,No,Yes,Evening,High,Mixed,3.1,5,High
S09785,CN,Yes,Yes,No,No,No,No,Yes,Evening,Low,Mixed,2.9,5,Low
S09786,DSA,No,Yes,No,No,Yes,No,Yes,Morning,High,Notes,2.0,4,Low
S09787,DBMS,Yes,Yes,No,Yes,No,No,Yes,Evening,Low,Videos,3.0,5,Low
S09788,ML,Yes,No,No,No,No,No,Yes,Night,Low,Videos,2.3,4,Low
S09789,DSA,Yes,No,Yes,Yes,Yes,No,Yes,Evening,Low,Videos,4.4,6,Medium
S09790,OS,No,Yes,Yes,Yes,No,No,Yes,Afternoon,High,Videos,3.0,7,High
S09791,CN,Yes,Yes,Yes,Yes,Yes,Yes,Yes,Night,Medium,Mixed,5.2,7,High
S09792,DBMS,Yes,No,Yes,No,Yes,Yes,Yes,Night,Medium,Notes,3.2,4,Low
S09793,ML,Yes,No,Yes,Yes,Yes,Yes,Yes,Evening,Medium,Videos,4.2,8,High
S09794,OS,Yes,Yes,No,No,No,No,Yes,Afternoon,High,Videos,2.2,3,Low
S09795,CN,Yes,No,Yes,No,No,Yes,No,Night,High,Videos,2.4,6,Low
S09796,CN,Yes,Yes,No,No,No,No,No,Afternoon,Medium,Notes,2.5,3,Low
S09797,OS,Yes,No,No,No,No,No,Yes,Evening,High,Videos,1.8,3,Low
S09798,DSA,Yes,Yes,Yes,Yes,Yes,No,Yes,Evening,Medium,Mixed,3.6,6,High
S09799,DSA,Yes,No,Yes,No,No,No,No,Evening,High,Videos,3.0,4,Low
S09800,OS,Yes,Yes,Yes,Yes,No,No,Yes,Morning,Medium,Mixed,2.4,6,High
S09801,DBMS,Yes,Yes,Yes,Yes,No,No,Yes,Morning,High,Mixed,3.5,8,Low
S09802,ML,Yes,No,Yes,No,Yes,No,Yes,Evening,Medium,Notes,2.9,4,Low
S09803,DSA,No,No,No,Yes,No,No,Yes,Evening,High,Videos,3.0,6,Low
S09804,OS,No,No,No,Yes,Yes,No,No,Evening,High,Notes,3.6,3,Medium
S09805,DSA,Yes,Yes,Yes,Yes,Yes,No,Yes,Evening,High,Mixed,3.4,5,High
S09806,CN,No,No,Yes,Yes,No,No,Yes,Afternoon,Medium,Notes,2.6,6,High
S09807,DSA,No,Yes,Yes,Yes,No,No,No,Evening,High,Notes,4.5,5,Medium
S09808,CN,Yes,No,Yes,No,No,Yes,No,Afternoon,High,Notes,4.0,6,Low
S09809,DSA,Yes,Yes,Yes,No,Yes,Yes,Yes,Evening,Medium,Notes,5.4,7,High
S09810,DBMS,No,Yes,No,No,No,Yes,No,Evening,Medium,Mixed,1.2,4,Low
S09811,CN,Yes,Yes,Yes,Yes,No,No,Yes,Evening,High,Notes,2.8,8,High
S09812,ML,Yes,No,Yes,No,Yes,No,Yes,Night,Medium,Videos,2.2,6,Low
S09813,ML,No,No,No,No,Yes,No,Yes,Afternoon,High,Notes,1.9,4,Low
S09814,OS,Yes,Yes,Yes,Yes,Yes,No,Yes,Evening,High,Mixed,2.5,8,High
S09815,CN,No,No,Yes,Yes,No,No,No,Night,Medium,Mixed,2.9,5,Low
S09816,CN,Yes,Yes,No,Yes,No,No,No,Afternoon,High,Mixed,2.4,6,Medium
S09817,OS,Yes,Yes,No,Yes,Yes,Yes,No,Evening,High,Mixed,1.4,4,Medium
S09818,DSA,Yes,Yes,Yes,Yes,No,No,No,Afternoon,High,Notes,3.4,5,High
S09819,OS,Yes,No,Yes,No,No,No,No,Night,Medium,Videos,3.5,4,Low
S09820,DBMS,No,No,No,No,No,No,No,Afternoon,High,Videos,1.8,2,Low
S09821,OS,No,No,Yes,Yes,Yes,Yes,Yes,Night,High,Videos,4.6,8,High
S09822,DBMS,No,Yes,Yes,Yes,Yes,Yes,Yes,Morning,High,Notes,3.2,6,High
S09823,DBMS,Yes,Yes,No,Yes,No,Yes,Yes,Night,High,Mixed,0.9,6,Medium
S09824,DSA,Yes,No,No,Yes,Yes,No,No,Night,Low,Notes,3.9,5,Low
S09825,DBMS,Yes,Yes,Yes,No,Yes,Yes,Yes,Morning,Low,Notes,3.4,4,Medium
S09826,DBMS,Yes,No,Yes,Yes,No,No,No,Evening,Low,Notes,3.2,5,Low
S09827,CN,No,No,Yes,No,No,Yes,Yes,Morning,High,Mixed,2.5,6,Low
S09828,OS,Yes,Yes,No,Yes,Yes,Yes,No,Morning,High,Notes,1.9,3,High
S09829,CN,Yes,Yes,No,Yes,No,No,No,Evening,Medium,Mixed,2.6,3,Low
S09830,ML,Yes,No,No,No,No,No,No,Evening,High,Mixed,1.8,5,Low
S09831,CN,No,No,Yes,Yes,Yes,No,Yes,Afternoon,High,Mixed,4.1,7,High
S09832,ML,Yes,No,No,Yes,No,No,Yes,Night,Medium,Notes,1.9,6,Medium
S09833,ML,No,No,Yes,No,Yes,No,No,Evening,Medium,Notes,3.5,5,Low
S09834,ML,No,Yes,Yes,Yes,Yes,No,Yes,Evening,High,Mixed,4.2,8,High
S09835,ML,No,No,No,No,Yes,No,Yes,Evening,Medium,Notes,2.4,4,Low
S09836,DBMS,Yes,No,Yes,No,No,Yes,Yes,Evening,High,Mixed,2.5,5,Low
S09837,DBMS,Yes,No,Yes,Yes,Yes,Yes,No,Morning,High,Notes,3.8,5,High
S09838,ML,Yes,Yes,Yes,Yes,Yes,No,No,Evening,Medium,Mixed,3.7,7,High
S09839,DSA,No,No,No,No,No,No,No,Night,High,Mixed,1.6,4,Low
S09840,ML,No,Yes,Yes,Yes,Yes,No,Yes,Night,High,Videos,2.6,6,High
S09841,DBMS,Yes,Yes,Yes,Yes,Yes,No,No,Morning,High,Mixed,3.9,7,High
S09842,ML,Yes,No,Yes,Yes,Yes,Yes,No,Evening,High,Videos,3.7,5,High
S09843,OS,Yes,No,No,No,No,No,No,Afternoon,Medium,Videos,3.0,4,Low
S09844,ML,No,No,No,No,No,No,No,Afternoon,Medium,Videos,0.5,3,Low
S09845,ML,Yes,No,Yes,Yes,Yes,No,Yes,Morning,Medium,Notes,2.7,5,High
S09846,DSA,Yes,Yes,No,Yes,Yes,No,Yes,Night,High,Notes,2.3,6,Medium
S09847,DSA,No,No,Yes,No,No,No,Yes,Night,Medium,Mixed,2.7,7,Low
S09848,ML,Yes,No,Yes,Yes,No,No,Yes,Afternoon,High,Notes,3.1,6,High
S09849,ML,Yes,No,Yes,Yes,Yes,No,Yes,Night,High,Videos,2.3,6,High
S09850,DSA,Yes,No,Yes,Yes,Yes,No,Yes,Morning,High,Notes,2.7,6,High
S09851,DBMS,Yes,No,Yes,Yes,No,No,Yes,Afternoon,Medium,Notes,4.3,8,Medium
S09852,OS,No,No,Yes,Yes,Yes,Yes,No,Morning,High,Mixed,5.7,6,Medium
S09853,CN,Yes,Yes,Yes,Yes,Yes,No,No,Evening,High,Videos,4.4,8,High
S09854,CN,Yes,No,No,Yes,No,No,Yes,Afternoon,Medium,Mixed,2.1,5,Low
S09855,OS,Yes,Yes,Yes,No,Yes,No,No,Night,High,Videos,3.3,7,Medium
S09856,OS,Yes,Yes,No,Yes,Yes,No,Yes,Afternoon,Low,Notes,2.2,5,Medium
S09857,OS,No,No,No,No,No,No,No,Morning,High,Notes,2.7,2,Low
S09858,OS,Yes,No,Yes,No,No,No,Yes,Morning,High,Mixed,3.9,5,Medium
S09859,DSA,Yes,No,No,No,No,No,Yes,Evening,High,Videos,0.8,2,Low
S09860,ML,Yes,Yes,Yes,No,Yes,No,Yes,Morning,Medium,Notes,3.5,6,High
S09861,OS,Yes,Yes,Yes,Yes,No,Yes,Yes,Night,High,Videos,2.9,5,Medium
S09862,OS,Yes,Yes,No,Yes,No,No,No,Evening,Medium,Videos,2.8,3,Low
S09863,CN,Yes,No,Yes,Yes,Yes,No,No,Night,Medium,Videos,3.6,5,High
S09864,ML,No,No,No,Yes,Yes,No,No,Morning,High,Notes,2.2,3,Medium
S09865,CN,Yes,No,No,Yes,No,No,No,Evening,Medium,Mixed,2.5,3,Low
S09866,DSA,Yes,Yes,No,No,Yes,No,No,Night,High,Mixed,0.9,3,Low
S09867,OS,Yes,No,Yes,No,Yes,No,No,Evening,Medium,Notes,3.1,7,Medium
S09868,DSA,No,Yes,Yes,Yes,No,Yes,No,Afternoon,High,Mixed,3.1,8,Medium
S09869,DSA,Yes,No,No,No,No,Yes,Yes,Morning,High,Videos,2.1,4,Low
S09870,CN,No,No,No,No,No,No,No,Evening,High,Videos,1.7,2,Low
S09871,CN,Yes,Yes,Yes,Yes,Yes,No,No,Afternoon,High,Notes,3.9,7,High
S09872,OS,No,No,No,Yes,Yes,No,Yes,Evening,Medium,Videos,3.7,3,Medium
S09873,CN,No,No,No,No,No,Yes,No,Night,High,Videos,2.2,2,Low
S09874,DSA,Yes,Yes,Yes,Yes,No,No,Yes,Evening,Low,Mixed,4.1,8,Low
S09875,CN,Yes,Yes,No,Yes,No,No,No,Morning,Medium,Notes,1.4,6,Low
S09876,ML,Yes,No,No,No,Yes,Yes,No,Evening,High,Notes,2.7,2,Medium
S09877,ML,No,No,No,No,No,No,Yes,Evening,Medium,Videos,2.9,4,Low
S09878,DSA,No,No,No,Yes,Yes,No,No,Evening,Medium,Videos,1.4,6,Low
S09879,DSA,Yes,Yes,Yes,No,No,Yes,No,Morning,High,Videos,1.4,5,Low
S09880,DSA,Yes,No,Yes,No,No,No,No,Evening,High,Videos,4.1,7,Low
S09881,ML,Yes,Yes,No,No,Yes,No,No,Evening,High,Videos,2.5,5,Low
S09882,CN,Yes,Yes,Yes,Yes,Yes,Yes,Yes,Evening,Medium,Videos,3.3,8,High
S09883,ML,No,Yes,Yes,No,Yes,No,No,Night,High,Videos,2.0,5,Low
S09884,DBMS,Yes,Yes,Yes,No,No,No,Yes,Night,High,Mixed,1.9,6,Medium
S09885,CN,Yes,Yes,Yes,Yes,Yes,No,Yes,Night,High,Notes,2.0,7,High
S09886,OS,No,Yes,No,No,No,Yes,No,Night,High,Notes,1.8,2,Low
S09887,DBMS,No,Yes,Yes,Yes,Yes,No,No,Night,High,Notes,4.7,7,Medium
S09888,ML,No,No,Yes,Yes,Yes,No,Yes,Afternoon,High,Mixed,5.1,7,High
S09889,DBMS,Yes,Yes,No,No,No,No,No,Afternoon,High,Notes,0.5,2,Low
S09890,OS,No,Yes,No,Yes,Yes,Yes,No,Morning,High,Notes,3.4,3,Low
S09891,DSA,Yes,Yes,No,No,Yes,No,No,Afternoon,Medium,Videos,2.2,2,Low
S09892,DSA,Yes,No,No,No,No,No,No,Morning,Medium,Mixed,2.2,3,Low
S09893,ML,Yes,No,No,Yes,No,Yes,Yes,Morning,Medium,Videos,0.5,4,Medium
S09894,ML,No,Yes,No,No,No,No,No,Morning,High,Mixed,1.5,2,Low
S09895,CN,Yes,No,Yes,No,Yes,No,Yes,Afternoon,Medium,Videos,2.1,6,Low
S09896,OS,No,No,Yes,No,Yes,No,No,Evening,Low,Videos,2.1,5,Low
S09897,CN,No,No,No,No,Yes,No,Yes,Night,Low,Videos,3.7,2,Low
S09898,DBMS,No,No,No,No,No,No,No,Afternoon,High,Mixed,3.0,5,Low
S09899,DSA,No,Yes,No,Yes,Yes,Yes,Yes,Evening,High,Mixed,3.1,5,Medium
S09900,DSA,No,Yes,No,No,No,Yes,Yes,Evening,Low,Mixed,0.5,4,Low
S09901,OS,Yes,Yes,Yes,Yes,No,No,Yes,Evening,Medium,Videos,2.7,6,Medium
S09902,OS,Yes,Yes,No,No,No,No,Yes,Morning,High,Notes,3.1,3,Low
S09903,OS,No,No,Yes,Yes,Yes,Yes,Yes,Night,High,Videos,3.7,8,High
S09904,ML,Yes,Yes,Yes,No,Yes,No,Yes,Evening,High,Videos,2.1,7,Medium
S09905,DSA,Yes,Yes,Yes,Yes,Yes,No,Yes,Night,High,Mixed,4.0,5,High
S09906,OS,No,No,Yes,Yes,No,No,No,Afternoon,High,Notes,3.2,7,Medium
S09907,DSA,Yes,No,No,No,No,Yes,Yes,Night,Medium,Mixed,0.5,4,Low
S09908,OS,No,Yes,Yes,Yes,Yes,No,Yes,Evening,High,Videos,3.3,5,High
S09909,DSA,Yes,No,Yes,Yes,No,No,Yes,Night,Medium,Videos,2.1,5,Medium
S09910,OS,No,Yes,No,No,No,No,No,Evening,Medium,Mixed,3.7,3,Low
S09911,DBMS,Yes,Yes,Yes,Yes,No,No,Yes,Afternoon,Medium,Videos,2.6,7,High
S09912,DBMS,No,Yes,No,Yes,No,No,No,Evening,Medium,Notes,1.8,4,Low
S09913,CN,No,Yes,Yes,Yes,No,No,Yes,Morning,High,Mixed,3.0,7,Medium
S09914,OS,Yes,No,Yes,No,No,Yes,Yes,Afternoon,Medium,Mixed,3.1,6,Medium
S09915,DBMS,Yes,Yes,No,Yes,No,No,Yes,Evening,High,Videos,0.5,3,Medium
S09916,DSA,Yes,No,Yes,Yes,No,Yes,Yes,Afternoon,High,Videos,3.2,5,Medium
S09917,ML,Yes,Yes,Yes,No,Yes,No,No,Morning,High,Videos,3.2,7,Low
S09918,ML,Yes,No,Yes,No,Yes,Yes,Yes,Afternoon,High,Notes,3.5,5,Medium
S09919,ML,Yes,Yes,Yes,No,No,No,Yes,Evening,High,Notes,2.6,7,Low
S09920,DBMS,No,No,Yes,Yes,Yes,No,No,Night,Low,Mixed,3.0,8,High
S09921,DBMS,Yes,Yes,Yes,No,Yes,No,Yes,Afternoon,High,Videos,3.0,7,High
S09922,DBMS,Yes,No,No,No,No,No,Yes,Afternoon,High,Notes,2.0,4,Low
S09923,DBMS,Yes,No,Yes,No,No,No,No,Night,High,Videos,2.6,4,Medium
S09924,CN,Yes,No,No,No,Yes,No,No,Evening,Low,Mixed,2.0,4,Low
S09925,OS,Yes,Yes,No,No,No,No,Yes,Night,High,Videos,2.8,2,Low
S09926,OS,No,No,No,No,No,No,No,Morning,Medium,Videos,2.2,2,Low
S09927,DBMS,No,No,Yes,No,Yes,Yes,Yes,Night,Medium,Mixed,2.5,6,Low
S09928,ML,Yes,Yes,No,No,No,No,Yes,Afternoon,High,Mixed,1.2,2,Low
S09929,DSA,No,No,No,Yes,Yes,Yes,Yes,Afternoon,High,Notes,3.3,3,Medium
S09930,DSA,Yes,No,No,No,Yes,No,Yes,Evening,Medium,Videos,1.1,5,Low
S09931,DSA,Yes,No,Yes,Yes,Yes,No,Yes,Night,Medium,Mixed,3.9,7,High
S09932,DBMS,No,No,Yes,Yes,Yes,Yes,Yes,Morning,High,Mixed,4.3,7,High
S09933,ML,Yes,Yes,No,Yes,No,No,Yes,Evening,Medium,Notes,1.3,4,Low
S09934,OS,Yes,Yes,No,Yes,Yes,No,No,Night,High,Mixed,3.6,3,Medium
S09935,DBMS,No,No,Yes,Yes,Yes,Yes,Yes,Night,High,Mixed,4.6,6,High
S09936,OS,Yes,No,No,Yes,No,No,No,Night,Medium,Videos,0.5,4,Low
S09937,DBMS,Yes,Yes,Yes,No,No,Yes,No,Morning,High,Videos,2.9,7,Medium
S09938,ML,Yes,Yes,Yes,No,Yes,No,Yes,Night,Medium,Videos,4.5,5,Medium
S09939,CN,No,Yes,No,Yes,No,No,Yes,Night,Medium,Videos,2.3,6,Low
S09940,DBMS,No,Yes,Yes,Yes,Yes,No,Yes,Night,High,Notes,2.7,7,High
S09941,ML,No,No,Yes,Yes,No,No,Yes,Afternoon,High,Videos,3.8,8,Medium
S09942,ML,Yes,No,Yes,No,No,No,No,Evening,High,Mixed,2.0,4,Low
S09943,OS,No,Yes,No,Yes,No,Yes,Yes,Evening,High,Notes,2.8,4,Medium
S09944,DSA,Yes,Yes,Yes,Yes,No,No,Yes,Evening,High,Mixed,3.9,6,Medium
S09945,DBMS,Yes,Yes,No,Yes,No,No,No,Morning,Medium,Mixed,1.2,3,Low
S09946,CN,Yes,No,No,Yes,Yes,No,Yes,Morning,Low,Notes,3.1,6,Low
S09947,OS,No,No,No,No,No,No,Yes,Afternoon,High,Videos,0.6,4,Low
S09948,CN,Yes,Yes,Yes,No,Yes,No,Yes,Evening,High,Notes,1.9,5,Low
S09949,DBMS,No,Yes,Yes,Yes,Yes,No,Yes,Evening,High,Notes,4.6,5,High
S09950,DBMS,Yes,No,No,No,No,Yes,No,Afternoon,Medium,Mixed,1.6,5,Low
S09951,DSA,Yes,No,Yes,No,Yes,No,Yes,Evening,High,Videos,0.8,7,Medium
S09952,DSA,No,No,Yes,No,Yes,Yes,No,Evening,Low,Videos,3.7,4,Low
S09953,OS,No,No,Yes,No,Yes,No,No,Afternoon,Medium,Notes,2.0,4,Low
S09954,OS,Yes,No,No,No,No,Yes,No,Morning,Low,Notes,1.5,2,Low
S09955,OS,No,No,No,No,Yes,Yes,Yes,Evening,High,Notes,1.7,2,Low
S09956,CN,Yes,No,Yes,Yes,Yes,Yes,Yes,Morning,High,Notes,4.8,7,High
S09957,DBMS,No,Yes,Yes,Yes,Yes,No,No,Evening,High,Notes,4.4,6,High
S09958,ML,Yes,Yes,No,No,No,Yes,No,Afternoon,Medium,Notes,1.7,3,Low
S09959,OS,Yes,Yes,Yes,Yes,Yes,No,No,Afternoon,Low,Mixed,4.4,5,Medium
S09960,CN,Yes,No,No,No,No,No,Yes,Morning,Medium,Videos,1.4,4,Low
S09961,CN,Yes,No,Yes,No,Yes,Yes,Yes,Evening,Medium,Videos,3.9,4,Medium
S09962,DBMS,Yes,Yes,Yes,Yes,No,No,Yes,Morning,High,Videos,3.6,6,Medium
S09963,ML,Yes,No,Yes,Yes,No,Yes,Yes,Evening,High,Mixed,4.2,8,Medium
S09964,ML,No,No,Yes,Yes,Yes,No,Yes,Evening,High,Videos,5.2,8,High
S09965,DBMS,Yes,Yes,Yes,Yes,Yes,Yes,Yes,Night,High,Videos,4.9,5,High
S09966,OS,Yes,No,No,Yes,Yes,No,Yes,Evening,Medium,Mixed,3.0,3,Low
S09967,DSA,Yes,No,Yes,Yes,Yes,No,Yes,Afternoon,Low,Videos,5.3,5,High
S09968,DSA,No,Yes,No,Yes,No,Yes,No,Evening,High,Notes,1.7,3,Low
S09969,DSA,Yes,No,Yes,No,Yes,No,No,Afternoon,High,Notes,3.0,7,Medium
S09970,ML,Yes,Yes,Yes,Yes,No,No,Yes,Afternoon,Medium,Videos,3.8,8,Medium
S09971,OS,No,No,No,No,Yes,No,No,Evening,High,Mixed,1.9,3,Low
S09972,OS,Yes,No,Yes,No,Yes,Yes,No,Morning,Low,Notes,3.9,7,Low
S09973,DBMS,No,No,Yes,Yes,No,Yes,Yes,Evening,Medium,Notes,3.3,7,Medium
S09974,DBMS,Yes,No,No,No,No,No,No,Evening,High,Videos,0.5,3,Low
S09975,ML,No,Yes,Yes,No,Yes,Yes,Yes,Morning,Medium,Notes,1.9,7,Medium
S09976,ML,Yes,Yes,Yes,Yes,No,No,Yes,Evening,Low,Videos,4.1,5,Medium
S09977,DSA,No,No,Yes,Yes,Yes,No,Yes,Night,Medium,Mixed,3.0,8,Medium
S09978,ML,No,Yes,No,Yes,No,Yes,No,Afternoon,High,Notes,2.3,4,Medium
S09979,CN,Yes,No,Yes,No,Yes,No,Yes,Evening,High,Mixed,2.7,5,Medium
S09980,DBMS,Yes,Yes,Yes,No,Yes,Yes,Yes,Evening,High,Notes,3.5,4,High
S09981,ML,Yes,Yes,Yes,No,No,Yes,Yes,Evening,High,Notes,2.5,4,Medium
S09982,DBMS,Yes,Yes,Yes,Yes,Yes,No,No,Night,High,Videos,3.1,7,Medium
S09983,ML,No,No,Yes,Yes,Yes,No,No,Morning,Medium,Videos,2.6,7,High
S09984,CN,Yes,Yes,No,No,No,No,Yes,Morning,High,Mixed,2.3,5,Low
S09985,CN,Yes,No,Yes,No,Yes,No,No,Night,High,Videos,2.9,5,Medium
S09986,OS,No,Yes,Yes,No,No,No,Yes,Afternoon,High,Mixed,1.2,5,Low
S09987,ML,No,No,Yes,Yes,Yes,Yes,No,Evening,Low,Mixed,4.1,8,Medium
S09988,CN,No,No,Yes,Yes,Yes,No,Yes,Evening,High,Videos,4.2,7,High
S09989,DBMS,Yes,No,No,Yes,Yes,No,No,Night,High,Mixed,2.6,3,High
S09990,ML,Yes,Yes,No,No,Yes,No,Yes,Night,High,Mixed,2.0,3,Low
S09991,CN,Yes,Yes,Yes,No,Yes,Yes,Yes,Afternoon,Medium,Videos,4.0,7,High
S09992,DSA,Yes,Yes,No,Yes,Yes,No,No,Afternoon,Medium,Mixed,3.0,5,Low
S09993,CN,Yes,No,Yes,Yes,No,No,Yes,Evening,Low,Mixed,2.0,8,Low
S09994,DBMS,Yes,Yes,Yes,No,Yes,No,Yes,Evening,Medium,Notes,3.1,5,Medium
S09995,DSA,Yes,No,No,Yes,Yes,No,No,Morning,Medium,Mixed,3.8,3,Low
S09996,DSA,Yes,No,No,No,No,Yes,Yes,Evening,High,Videos,0.5,4,Low
S09997,DBMS,Yes,Yes,Yes,No,Yes,Yes,Yes,Night,Medium,Notes,3.7,4,Medium
S09998,DBMS,Yes,No,Yes,No,No,Yes,Yes,Evening,Medium,Notes,2.4,6,Low
S09999,OS,Yes,No,No,Yes,No,No,No,Night,High,Videos,1.0,4,Low
S10000,DBMS,Yes,Yes,Yes,No,No,Yes,Yes,Afternoon,High,Mixed,3.3,4,Medium
